日期,时间,开盘价,最高价,最低价,收盘价,成交量,成交额,涨家数,跌家数
2000-11-7,00:00:00,21.600,27.200,21.600,27.000,34500,873000,0,0
2000-11-8,00:00:00,27.500,30.800,27.500,30.800,48400,1394000,0,0
2000-11-9,00:00:00,31.200,34.000,31.200,34.000,25900,839000,0,0
2000-11-10,00:00:00,34.300,44.600,34.300,44.600,38500,1505000,0,0
2000-11-13,00:00:00,44.600,44.600,41.900,43.100,18500,803000,0,0
2000-11-14,00:00:00,39.600,39.600,39.600,39.600,2000,79000,0,0
2000-11-16,00:00:00,34.000,34.000,32.500,32.500,6100,202000,0,0
2000-11-17,00:00:00,30.800,30.800,29.400,29.400,7000,208000,0,0
2000-11-20,00:00:00,29.400,29.600,29.400,29.600,8500,247000,0,0
2000-11-22,00:00:00,29.650,30.200,29.650,29.850,39500,1176000,0,0
2000-11-23,00:00:00,29.750,29.950,29.750,29.950,20000,596000,0,0
2000-11-24,00:00:00,29.800,30.500,29.700,29.700,36000,1081000,0,0
2000-11-27,00:00:00,29.800,30.000,29.500,29.950,32000,951000,0,0
2000-11-28,00:00:00,30.100,30.500,29.950,30.300,36000,1087000,0,0
2000-11-29,00:00:00,29.950,33.000,29.950,32.100,32100,1026000,0,0
2000-11-30,00:00:00,32.100,36.200,32.100,36.200,32000,1081000,0,0
2000-12-1,00:00:00,0.810,1.030,0.730,0.730,1500000,1315000,0,0
2000-12-4,00:00:00,0.740,0.850,0.740,0.850,1300000,1056000,0,0
2000-12-5,00:00:00,0.870,0.990,0.870,0.970,2050000,1907000,0,0
2000-12-6,00:00:00,0.980,0.980,0.910,0.940,1000000,954000,0,0
2000-12-7,00:00:00,0.900,0.970,0.900,0.960,1025000,961000,0,0
2000-12-8,00:00:00,0.970,0.970,0.930,0.930,675000,642000,0,0
2000-12-11,00:00:00,0.970,0.970,0.950,0.950,1200000,1149000,0,0
2000-12-12,00:00:00,0.910,0.910,0.830,0.840,2000000,1707000,0,0
2000-12-13,00:00:00,0.800,0.930,0.800,0.920,2722000,2343000,0,0
2000-12-14,00:00:00,0.850,0.910,0.850,0.910,500000,441000,0,0
2000-12-15,00:00:00,0.910,0.950,0.900,0.900,270000,247000,0,0
2000-12-18,00:00:00,0.940,0.940,0.910,0.910,560000,518000,0,0
2000-12-19,00:00:00,0.900,0.910,0.870,0.900,1195000,1069000,0,0
2000-12-20,00:00:00,0.900,0.900,0.850,0.870,1530000,1328000,0,0
2000-12-21,00:00:00,0.890,0.890,0.800,0.800,1360000,1131000,0,0
2000-12-22,00:00:00,0.820,0.880,0.820,0.840,1290000,1088000,0,0
2000-12-27,00:00:00,0.860,0.900,0.810,0.870,1580000,1369000,0,0
2000-12-28,00:00:00,0.850,0.890,0.830,0.840,2840000,2482000,0,0
2000-12-29,00:00:00,0.840,0.840,0.800,0.810,1840000,1508000,0,0
2001-1-2,00:00:00,0.810,0.870,0.790,0.840,1260000,1064000,0,0
2001-1-3,00:00:00,0.850,0.850,0.810,0.810,1840000,1535000,0,0
2001-1-4,00:00:00,0.840,0.870,0.800,0.800,1220000,1013000,0,0
2001-1-5,00:00:00,0.840,0.840,0.790,0.790,2210000,1790000,0,0
2001-1-8,00:00:00,0.790,0.810,0.760,0.790,950000,747000,0,0
2001-1-9,00:00:00,0.830,0.850,0.790,0.800,1000000,818000,0,0
2001-1-10,00:00:00,0.800,0.810,0.800,0.800,580000,468000,0,0
2001-1-11,00:00:00,0.810,0.810,0.780,0.790,830000,662000,0,0
2001-1-12,00:00:00,0.800,0.840,0.790,0.810,1975000,1601000,0,0
2001-1-15,00:00:00,0.820,0.820,0.790,0.790,550000,437000,0,0
2001-1-16,00:00:00,0.770,0.790,0.770,0.780,550000,429000,0,0
2001-1-17,00:00:00,0.790,0.790,0.790,0.790,280000,221000,0,0
2001-1-18,00:00:00,0.800,0.830,0.790,0.790,440000,355000,0,0
2001-1-19,00:00:00,0.780,0.780,0.750,0.780,110000,84000,0,0
2001-1-22,00:00:00,0.780,0.780,0.780,0.770,60000,46000,0,0
2001-1-23,00:00:00,0.770,0.770,0.770,0.770,8000000,6159000,0,0
2001-1-29,00:00:00,0.770,0.860,0.760,0.820,600000,479000,0,0
2001-1-30,00:00:00,0.820,0.820,0.800,0.810,1300000,1051000,0,0
2001-1-31,00:00:00,0.830,0.850,0.810,0.830,790000,658000,0,0
2001-2-1,00:00:00,0.850,0.850,0.790,0.790,970000,782000,0,0
2001-2-2,00:00:00,0.800,0.820,0.770,0.770,1490000,1192000,0,0
2001-2-5,00:00:00,0.800,0.800,0.780,0.790,540000,430000,0,0
2001-2-6,00:00:00,0.810,0.810,0.790,0.790,1000000,790000,0,0
2001-2-7,00:00:00,0.790,0.800,0.770,0.800,960000,749000,0,0
2001-2-8,00:00:00,0.830,0.830,0.770,0.790,3050000,2424000,0,0
2001-2-9,00:00:00,0.780,0.800,0.760,0.800,3110000,2455000,0,0
2001-2-12,00:00:00,0.820,0.820,0.780,0.790,1340000,1063000,0,0
2001-2-13,00:00:00,0.800,0.810,0.790,0.800,1665000,1327000,0,0
2001-2-14,00:00:00,0.790,0.790,0.780,0.790,1350000,1060000,0,0
2001-2-15,00:00:00,0.780,0.800,0.780,0.780,1570000,1241000,0,0
2001-2-16,00:00:00,0.830,0.830,0.790,0.790,1950000,1549000,0,0
2001-2-19,00:00:00,0.800,0.800,0.770,0.790,940000,736000,0,0
2001-2-20,00:00:00,0.800,0.800,0.770,0.790,1290000,1010000,0,0
2001-2-21,00:00:00,0.790,0.790,0.770,0.790,1235000,974000,0,0
2001-2-22,00:00:00,0.790,0.800,0.770,0.790,680000,534000,0,0
2001-2-23,00:00:00,0.790,0.850,0.790,0.820,2750000,2284000,0,0
2001-2-26,00:00:00,0.810,0.840,0.810,0.810,2720000,2256000,0,0
2001-2-27,00:00:00,0.830,0.890,0.830,0.840,4390000,3831000,0,0
2001-2-28,00:00:00,0.820,0.860,0.820,0.850,21700000,18246000,0,0
2001-3-1,00:00:00,0.850,0.860,0.830,0.850,5160000,4360000,0,0
2001-3-2,00:00:00,0.860,0.860,0.830,0.860,6670000,5590000,0,0
2001-3-5,00:00:00,0.870,0.870,0.820,0.850,7970000,6721000,0,0
2001-3-6,00:00:00,0.850,0.880,0.840,0.870,5370000,4590000,0,0
2001-3-7,00:00:00,0.890,0.890,0.850,0.870,8150000,7045000,0,0
2001-3-8,00:00:00,0.870,0.910,0.750,0.880,7750000,6675000,0,0
2001-3-9,00:00:00,0.890,0.960,0.890,0.940,19530000,18007000,0,0
2001-3-12,00:00:00,0.940,1.030,0.940,1.010,13660000,13720000,0,0
2001-3-13,00:00:00,0.980,1.130,0.980,1.080,23320000,25120000,0,0
2001-3-14,00:00:00,1.120,1.140,1.080,1.080,7790000,8552000,0,0
2001-3-15,00:00:00,1.090,1.100,1.070,1.090,8550000,9291000,0,0
2001-3-16,00:00:00,1.100,1.340,1.070,1.330,12375000,14372000,0,0
2001-3-19,00:00:00,1.400,1.520,1.220,1.320,27260000,37554000,0,0
2001-3-20,00:00:00,1.290,1.370,1.200,1.200,12670000,16443000,0,0
2001-3-21,00:00:00,1.170,1.230,1.120,1.140,16185000,18659000,0,0
2001-3-22,00:00:00,1.110,1.230,1.080,1.120,16450000,18813000,0,0
2001-3-23,00:00:00,1.130,1.170,1.050,1.070,9720000,11154000,0,0
2001-3-26,00:00:00,1.090,1.130,1.090,1.090,7250000,7994000,0,0
2001-3-27,00:00:00,1.110,1.210,1.100,1.110,25680000,29961000,0,0
2001-3-28,00:00:00,1.180,1.180,1.070,1.100,8430000,9379000,0,0
2001-3-29,00:00:00,1.110,1.180,1.070,1.170,10460000,11953000,0,0
2001-3-30,00:00:00,1.190,1.210,1.120,1.130,14340000,16704000,0,0
2001-4-2,00:00:00,1.140,1.170,1.070,1.080,101280000,113552000,0,0
2001-4-3,00:00:00,1.080,1.110,1.060,1.080,7130000,7783000,0,0
2001-4-4,00:00:00,1.090,1.160,0.970,0.970,11520000,12069000,0,0
2001-4-6,00:00:00,1.000,1.060,0.960,0.970,5920000,5909000,0,0
2001-4-9,00:00:00,0.970,0.980,0.930,0.970,12420000,11800000,0,0
2001-4-10,00:00:00,0.990,1.010,0.900,0.920,12200000,11892000,0,0
2001-4-11,00:00:00,0.960,0.960,0.890,0.910,8880000,8275000,0,0
2001-4-12,00:00:00,0.920,0.930,0.860,0.890,3510000,3143000,0,0
2001-4-17,00:00:00,0.880,0.940,0.880,0.930,10420000,9446000,0,0
2001-4-18,00:00:00,0.940,0.980,0.930,0.970,7430000,7103000,0,0
2001-4-19,00:00:00,0.970,1.040,0.970,0.980,22136800,22127000,0,0
2001-4-20,00:00:00,0.990,1.000,0.960,0.990,11770000,11495000,0,0
2001-4-23,00:00:00,1.000,1.050,0.990,1.000,33540000,33865000,0,0
2001-4-24,00:00:00,1.020,1.020,0.910,0.980,20530000,20157000,0,0
2001-4-25,00:00:00,0.980,1.000,0.960,0.960,75130000,73941000,0,0
2001-4-26,00:00:00,0.980,0.980,0.910,0.920,18920000,17688000,0,0
2001-4-27,00:00:00,0.960,0.980,0.860,0.890,69100000,63194000,0,0
2001-5-2,00:00:00,0.890,0.910,0.860,0.890,25390000,22621000,0,0
2001-5-3,00:00:00,0.890,1.000,0.880,0.970,48060000,46644000,0,0
2001-5-4,00:00:00,0.990,0.990,0.900,0.910,27350000,25451000,0,0
2001-5-7,00:00:00,0.950,0.960,0.900,0.920,26610000,24342000,0,0
2001-5-8,00:00:00,0.920,0.940,0.860,0.860,145240000,131000000,0,0
2001-5-9,00:00:00,0.820,0.860,0.260,0.320,452049900,152201000,0,0
2001-5-10,00:00:00,0.360,0.360,0.255,0.260,125300000,35314000,0,0
2001-5-11,00:00:00,0.275,0.285,0.230,0.245,89218600,22998000,0,0
2001-5-14,00:00:00,0.250,0.250,0.180,0.182,88400000,18777000,0,0
2001-5-15,00:00:00,0.185,0.213,0.185,0.192,155200000,30841000,0,0
2001-5-16,00:00:00,0.200,0.200,0.185,0.188,22810000,4369000,0,0
2001-5-17,00:00:00,0.196,0.196,0.182,0.183,15260000,2846000,0,0
2001-5-18,00:00:00,0.184,0.196,0.184,0.187,21150000,4013000,0,0
2001-5-21,00:00:00,0.189,0.203,0.188,0.195,26180000,5175000,0,0
2001-5-22,00:00:00,0.202,0.202,0.190,0.193,13200000,2581000,0,0
2001-5-23,00:00:00,0.190,0.193,0.187,0.189,11740000,2219000,0,0
2001-5-24,00:00:00,0.189,0.198,0.188,0.193,16270000,3128000,0,0
2001-5-25,00:00:00,0.195,0.216,0.192,0.212,54610000,11321000,0,0
2001-5-28,00:00:00,0.215,0.223,0.204,0.206,33650000,7117000,0,0
2001-5-29,00:00:00,0.209,0.211,0.199,0.201,12900000,2625000,0,0
2001-5-30,00:00:00,0.201,0.201,0.190,0.192,16730000,3238000,0,0
2001-5-31,00:00:00,0.189,0.208,0.189,0.196,14760000,2938000,0,0
2001-6-1,00:00:00,0.200,0.202,0.190,0.192,8540000,1675000,0,0
2001-6-4,00:00:00,0.194,0.199,0.060,0.120,548780000,45994000,0,0
2001-7-12,00:00:00,0.120,0.166,0.120,0.149,120080000,18156000,0,0
2001-7-13,00:00:00,0.155,0.155,0.122,0.125,68420000,9009000,0,0
2001-7-16,00:00:00,0.118,0.129,0.107,0.108,28510000,3378000,0,0
2001-7-17,00:00:00,0.105,0.105,0.088,0.097,25610000,2447000,0,0
2001-7-18,00:00:00,0.101,0.109,0.095,0.100,10580000,1052000,0,0
2001-7-19,00:00:00,0.100,0.100,0.090,0.094,7570000,702000,0,0
2001-7-20,00:00:00,0.098,0.104,0.094,0.098,6140000,613000,0,0
2001-7-23,00:00:00,0.105,0.114,0.098,0.112,8590000,924000,0,0
2001-7-24,00:00:00,0.104,0.135,0.104,0.124,31710000,3978000,0,0
2001-7-26,00:00:00,0.116,0.123,0.106,0.108,30140000,3355000,0,0
2001-7-27,00:00:00,0.109,0.114,0.102,0.109,6700000,732000,0,0
2001-7-30,00:00:00,0.110,0.110,0.105,0.105,2260000,241000,0,0
2001-7-31,00:00:00,0.102,0.113,0.102,0.107,4180000,453000,0,0
2001-8-1,00:00:00,0.115,0.115,0.099,0.107,18550000,1901000,0,0
2001-8-2,00:00:00,0.100,0.107,0.100,0.100,9770000,1007000,0,0
2001-8-3,00:00:00,0.097,0.101,0.097,0.099,4780000,471000,0,0
2001-8-6,00:00:00,0.097,0.098,0.090,0.092,9990000,920000,0,0
2001-8-9,00:00:00,0.085,0.096,0.085,0.090,13970000,1233000,0,0
2001-8-10,00:00:00,0.095,0.095,0.088,0.090,2480000,226000,0,0
2001-8-13,00:00:00,0.082,0.092,0.082,0.087,11410000,997000,0,0
2001-8-14,00:00:00,0.085,0.085,0.082,0.082,5200000,429000,0,0
2001-8-15,00:00:00,0.074,0.080,0.074,0.078,19070000,1476000,0,0
2001-8-16,00:00:00,0.078,0.086,0.078,0.080,6360000,521000,0,0
2001-8-17,00:00:00,0.084,0.084,0.078,0.079,5810000,461000,0,0
2001-8-20,00:00:00,0.078,0.078,0.076,0.076,1830000,140000,0,0
2001-8-21,00:00:00,0.071,0.078,0.071,0.077,1420000,109000,0,0
2001-8-22,00:00:00,0.075,0.080,0.075,0.078,6010000,470000,0,0
2001-8-23,00:00:00,0.078,0.078,0.076,0.078,2290000,175000,0,0
2001-8-24,00:00:00,0.077,0.077,0.076,0.076,1800000,137000,0,0
2001-8-27,00:00:00,0.077,0.079,0.075,0.076,5410000,414000,0,0
2001-8-28,00:00:00,0.068,0.077,0.066,0.068,6180000,432000,0,0
2001-8-29,00:00:00,0.060,0.068,0.060,0.063,1510000,96000,0,0
2001-8-30,00:00:00,0.055,0.066,0.050,0.062,2630000,156000,0,0
2001-8-31,00:00:00,0.056,0.063,0.040,0.057,2690000,155000,0,0
2001-9-3,00:00:00,0.049,0.052,0.045,0.045,3350000,166000,0,0
2001-9-4,00:00:00,0.038,0.053,0.038,0.053,8320000,375000,0,0
2001-9-5,00:00:00,0.053,0.058,0.051,0.058,2460000,129000,0,0
2001-9-6,00:00:00,0.056,0.056,0.053,0.053,1720000,94000,0,0
2001-9-10,00:00:00,0.053,0.053,0.053,0.053,850000,45000,0,0
2001-9-11,00:00:00,0.055,0.065,0.055,0.065,112090000,5817000,0,0
2001-9-12,00:00:00,0.060,0.060,0.052,0.057,15340000,838000,0,0
2001-9-13,00:00:00,0.058,0.066,0.055,0.064,14490000,878000,0,0
2001-9-14,00:00:00,0.065,0.072,0.065,0.070,15060000,1018000,0,0
2001-9-17,00:00:00,0.070,0.070,0.062,0.063,3970000,252000,0,0
2001-9-18,00:00:00,0.070,0.070,0.065,0.066,16110000,1078000,0,0
2001-9-19,00:00:00,0.070,0.076,0.068,0.073,28450000,2060000,0,0
2001-9-20,00:00:00,0.073,0.073,0.068,0.070,9020000,634000,0,0
2001-9-21,00:00:00,0.065,0.069,0.065,0.069,970000,64000,0,0
2001-9-24,00:00:00,0.069,0.073,0.068,0.072,9600000,679000,0,0
2001-9-25,00:00:00,0.073,0.073,0.068,0.070,4710000,332000,0,0
2001-9-26,00:00:00,0.062,0.071,0.062,0.070,8890000,611000,0,0
2001-9-27,00:00:00,0.068,0.071,0.068,0.069,5820000,402000,0,0
2001-9-28,00:00:00,0.069,0.070,0.068,0.069,3770000,258000,0,0
2001-10-3,00:00:00,0.070,0.071,0.069,0.071,16520000,1156000,0,0
2001-10-4,00:00:00,0.070,0.072,0.070,0.072,17340000,1232000,0,0
2001-10-5,00:00:00,0.070,0.071,0.069,0.071,2040000,142000,0,0
2001-10-8,00:00:00,0.065,0.069,0.065,0.068,5590000,384000,0,0
2001-10-9,00:00:00,0.068,0.070,0.068,0.070,670000,46000,0,0
2001-10-10,00:00:00,0.070,0.077,0.070,0.074,28390000,2057000,0,0
2001-10-11,00:00:00,0.077,0.079,0.075,0.077,10860000,835000,0,0
2001-10-12,00:00:00,0.080,0.088,0.070,0.070,9970000,721000,0,0
2001-10-15,00:00:00,0.071,0.073,0.070,0.072,9930000,710000,0,0
2001-10-16,00:00:00,0.068,0.074,0.068,0.073,5280000,375000,0,0
2001-10-17,00:00:00,0.078,0.078,0.069,0.076,4150000,308000,0,0
2001-10-18,00:00:00,0.072,0.073,0.070,0.073,4300000,304000,0,0
2001-10-19,00:00:00,0.065,0.075,0.057,0.071,8750000,631000,0,0
2001-10-22,00:00:00,0.063,0.073,0.063,0.071,2720000,194000,0,0
2001-10-23,00:00:00,0.074,0.074,0.071,0.074,7210000,521000,0,0
2001-10-24,00:00:00,0.072,0.073,0.071,0.072,2460000,176000,0,0
2001-10-26,00:00:00,0.074,0.074,0.070,0.071,6300000,449000,0,0
2001-10-29,00:00:00,0.070,0.070,0.067,0.069,4170000,286000,0,0
2001-10-30,00:00:00,0.068,0.068,0.067,0.067,300000,20000,0,0
2001-10-31,00:00:00,0.067,0.070,0.067,0.070,1490000,103000,0,0
2001-11-1,00:00:00,0.070,0.072,0.070,0.072,1900000,135000,0,0
2001-11-2,00:00:00,0.070,0.070,0.065,0.065,32510000,2194000,0,0
2001-11-5,00:00:00,0.066,0.070,0.066,0.069,3570000,246000,0,0
2001-11-6,00:00:00,0.067,0.070,0.066,0.069,17300000,1175000,0,0
2001-11-7,00:00:00,0.068,0.071,0.067,0.070,3840000,262000,0,0
2001-11-8,00:00:00,0.069,0.069,0.069,0.069,500000,34000,0,0
2001-11-9,00:00:00,0.072,0.072,0.066,0.069,160650000,9817000,0,0
2001-11-12,00:00:00,0.069,0.069,0.068,0.068,900000,61000,0,0
2001-11-13,00:00:00,0.066,0.067,0.066,0.067,1500000,99000,0,0
2001-11-14,00:00:00,0.067,0.070,0.066,0.067,7140000,475000,0,0
2001-11-15,00:00:00,0.067,0.067,0.063,0.063,5030000,324000,0,0
2001-11-16,00:00:00,0.063,0.066,0.062,0.064,15745000,1013000,0,0
2001-11-19,00:00:00,0.065,0.065,0.063,0.065,3430000,221000,0,0
2001-11-20,00:00:00,0.064,0.064,0.061,0.063,7760000,488000,0,0
2001-11-21,00:00:00,0.064,0.064,0.062,0.062,2900000,181000,0,0
2001-11-22,00:00:00,0.061,0.063,0.061,0.062,2600000,161000,0,0
2001-11-23,00:00:00,0.062,0.062,0.061,0.062,7760000,476000,0,0
2001-11-26,00:00:00,0.062,0.073,0.061,0.073,32770000,2212000,0,0
2001-11-27,00:00:00,0.073,0.074,0.066,0.068,25080000,1744000,0,0
2001-11-28,00:00:00,0.069,0.069,0.066,0.066,6330000,424000,0,0
2001-11-29,00:00:00,0.069,0.071,0.066,0.069,9230000,634000,0,0
2001-11-30,00:00:00,0.069,0.078,0.069,0.073,53930000,3991000,0,0
2001-12-3,00:00:00,0.074,0.084,0.074,0.081,104010000,8264000,0,0
2001-12-4,00:00:00,0.082,0.085,0.079,0.081,64330000,5262000,0,0
2001-12-5,00:00:00,0.080,0.080,0.075,0.076,26740000,2063000,0,0
2001-12-6,00:00:00,0.077,0.078,0.073,0.073,18050000,1350000,0,0
2001-12-7,00:00:00,0.074,0.076,0.071,0.074,16890000,1241000,0,0
2001-12-10,00:00:00,0.074,0.076,0.073,0.074,10530000,785000,0,0
2001-12-12,00:00:00,0.076,0.076,0.067,0.071,249130000,16728000,0,0
2001-12-13,00:00:00,0.071,0.071,0.067,0.067,30050000,2088000,0,0
2001-12-14,00:00:00,0.059,0.071,0.059,0.071,15500000,1062000,0,0
2001-12-17,00:00:00,0.071,0.076,0.069,0.073,44930000,3304000,0,0
2001-12-18,00:00:00,0.072,0.072,0.069,0.070,19260000,1344000,0,0
2001-12-19,00:00:00,0.071,0.072,0.069,0.070,12050000,851000,0,0
2001-12-20,00:00:00,0.069,0.069,0.067,0.067,15880000,1077000,0,0
2001-12-21,00:00:00,0.067,0.068,0.066,0.067,16550000,1107000,0,0
2001-12-24,00:00:00,0.068,0.070,0.068,0.070,9680000,667000,0,0
2001-12-27,00:00:00,0.069,0.074,0.069,0.074,28320000,1997000,0,0
2001-12-28,00:00:00,0.074,0.081,0.074,0.080,55230000,4338000,0,0
2001-12-31,00:00:00,0.082,0.086,0.081,0.085,62435000,5262000,0,0
2002-1-2,00:00:00,0.087,0.109,0.085,0.108,155730000,14700000,0,0
2002-1-3,00:00:00,0.118,0.132,0.109,0.113,310940000,37844000,0,0
2002-1-4,00:00:00,0.116,0.124,0.110,0.114,180450000,21335000,0,0
2002-1-7,00:00:00,0.119,0.141,0.119,0.141,304849900,39996000,0,0
2002-1-8,00:00:00,0.141,0.149,0.117,0.118,262170000,35272000,0,0
2002-1-9,00:00:00,0.124,0.133,0.111,0.113,193020000,23545000,0,0
2002-1-10,00:00:00,0.111,0.117,0.103,0.107,106150000,11533000,0,0
2002-1-11,00:00:00,0.107,0.121,0.107,0.113,128120000,14572000,0,0
2002-1-14,00:00:00,0.113,0.117,0.104,0.107,62150000,6789000,0,0
2002-1-15,00:00:00,0.106,0.106,0.097,0.100,54180000,5425000,0,0
2002-1-16,00:00:00,0.101,0.103,0.088,0.090,42610000,4068000,0,0
2002-1-17,00:00:00,0.091,0.097,0.086,0.094,40010000,3721000,0,0
2002-1-18,00:00:00,0.094,0.101,0.092,0.100,21870000,2087000,0,0
2002-1-21,00:00:00,0.103,0.107,0.100,0.101,24170000,2476000,0,0
2002-1-22,00:00:00,0.103,0.103,0.096,0.097,12910000,1265000,0,0
2002-1-23,00:00:00,0.100,0.100,0.098,0.100,8490000,837000,0,0
2002-1-24,00:00:00,0.100,0.100,0.095,0.095,14820000,1437000,0,0
2002-1-25,00:00:00,0.095,0.097,0.094,0.097,2010000,191000,0,0
2002-1-28,00:00:00,0.097,0.097,0.093,0.094,9060000,856000,0,0
2002-1-29,00:00:00,0.094,0.097,0.092,0.092,15150000,1414000,0,0
2002-1-30,00:00:00,0.091,0.094,0.090,0.090,11860000,1086000,0,0
2002-1-31,00:00:00,0.091,0.102,0.091,0.093,52380000,5046000,0,0
2002-2-5,00:00:00,0.084,0.096,0.084,0.092,366270000,29797000,0,0
2002-2-6,00:00:00,0.092,0.094,0.090,0.090,20570000,1885000,0,0
2002-2-7,00:00:00,0.089,0.091,0.088,0.089,16700000,1501000,0,0
2002-2-8,00:00:00,0.088,0.090,0.087,0.090,8820000,780000,0,0
2002-2-11,00:00:00,0.090,0.100,0.089,0.096,8200000,754000,0,0
2002-2-15,00:00:00,0.100,0.100,0.097,0.100,33190000,3250000,0,0
2002-2-18,00:00:00,0.100,0.108,0.100,0.107,44770000,4611000,0,0
2002-2-19,00:00:00,0.107,0.121,0.107,0.119,106420000,12291000,0,0
2002-2-20,00:00:00,0.119,0.122,0.116,0.122,66810000,7980000,0,0
2002-2-21,00:00:00,0.124,0.130,0.121,0.127,81920000,10269000,0,0
2002-2-22,00:00:00,0.129,0.132,0.116,0.117,126680000,16055000,0,0
2002-2-25,00:00:00,0.117,0.120,0.112,0.115,40720000,4749000,0,0
2002-2-26,00:00:00,0.116,0.116,0.106,0.110,36440000,4035000,0,0
2002-2-27,00:00:00,0.109,0.115,0.108,0.110,21520000,2405000,0,0
2002-2-28,00:00:00,0.109,0.112,0.108,0.112,12700000,1408000,0,0
2002-3-1,00:00:00,0.114,0.125,0.112,0.124,69980000,8429000,0,0
2002-3-4,00:00:00,0.126,0.129,0.118,0.120,48639200,5980000,0,0
2002-3-5,00:00:00,0.121,0.127,0.119,0.123,45980000,5688000,0,0
2002-3-6,00:00:00,0.122,0.124,0.120,0.120,8370000,1016000,0,0
2002-3-7,00:00:00,0.123,0.127,0.122,0.127,41590000,5214000,0,0
2002-3-8,00:00:00,0.125,0.130,0.124,0.125,32730000,4142000,0,0
2002-3-11,00:00:00,0.129,0.131,0.126,0.129,35150000,4526000,0,0
2002-3-12,00:00:00,0.124,0.129,0.122,0.124,18700000,2339000,0,0
2002-3-13,00:00:00,0.124,0.124,0.119,0.119,25590000,3114000,0,0
2002-3-14,00:00:00,0.119,0.120,0.119,0.119,10720000,1278000,0,0
2002-3-15,00:00:00,0.119,0.119,0.098,0.110,34660000,3755000,0,0
2002-3-18,00:00:00,0.112,0.117,0.112,0.112,12930000,1476000,0,0
2002-3-19,00:00:00,0.112,0.115,0.112,0.114,6000000,682000,0,0
2002-3-20,00:00:00,0.114,0.116,0.113,0.114,9520000,1090000,0,0
2002-3-21,00:00:00,0.110,0.111,0.104,0.111,9500000,1035000,0,0
2002-3-22,00:00:00,0.112,0.121,0.111,0.116,36080000,4196000,0,0
2002-3-25,00:00:00,0.114,0.115,0.110,0.111,12160000,1367000,0,0
2002-3-26,00:00:00,0.110,0.110,0.106,0.107,16070000,1730000,0,0
2002-3-27,00:00:00,0.110,0.112,0.110,0.110,28190000,3084000,0,0
2002-3-28,00:00:00,0.111,0.111,0.109,0.109,12040000,1329000,0,0
2002-4-2,00:00:00,0.111,0.111,0.108,0.108,7880000,870000,0,0
2002-4-3,00:00:00,0.106,0.108,0.104,0.108,20110000,2114000,0,0
2002-4-4,00:00:00,0.105,0.112,0.105,0.110,5250000,570000,0,0
2002-4-8,00:00:00,0.110,0.115,0.110,0.113,5880000,667000,0,0
2002-4-9,00:00:00,0.110,0.110,0.106,0.108,3930000,426000,0,0
2002-4-10,00:00:00,0.110,0.110,0.105,0.107,4190000,450000,0,0
2002-4-11,00:00:00,0.113,0.113,0.105,0.107,6510000,684000,0,0
2002-4-12,00:00:00,0.105,0.108,0.102,0.108,6860000,719000,0,0
2002-4-15,00:00:00,0.109,0.109,0.102,0.106,7520000,789000,0,0
2002-4-16,00:00:00,0.111,0.111,0.105,0.107,4160000,443000,0,0
2002-4-17,00:00:00,0.107,0.108,0.105,0.106,4330000,458000,0,0
2002-4-18,00:00:00,0.106,0.110,0.106,0.110,4620000,500000,0,0
2002-4-19,00:00:00,0.109,0.118,0.109,0.116,24225000,2804000,0,0
2002-4-22,00:00:00,0.118,0.120,0.112,0.113,17080000,1990000,0,0
2002-4-23,00:00:00,0.113,0.113,0.109,0.111,5450000,600000,0,0
2002-4-24,00:00:00,0.113,0.117,0.109,0.110,30590000,3427000,0,0
2002-4-25,00:00:00,0.110,0.113,0.108,0.108,12810000,1408000,0,0
2002-4-26,00:00:00,0.107,0.110,0.105,0.108,40630000,4361000,0,0
2002-4-29,00:00:00,0.108,0.108,0.107,0.108,3400000,367000,0,0
2002-4-30,00:00:00,0.108,0.117,0.108,0.114,61521300,6924000,0,0
2002-5-2,00:00:00,0.117,0.117,0.112,0.115,23760000,2699000,0,0
2002-5-3,00:00:00,0.113,0.119,0.113,0.116,49516300,5793000,0,0
2002-5-6,00:00:00,0.116,0.124,0.116,0.123,68280000,8226000,0,0
2002-5-7,00:00:00,0.125,0.139,0.122,0.136,154600000,20326000,0,0
2002-5-8,00:00:00,0.138,0.144,0.128,0.130,127440000,17341000,0,0
2002-5-9,00:00:00,0.133,0.134,0.124,0.130,52890000,6799000,0,0
2002-5-10,00:00:00,0.129,0.147,0.128,0.144,159450000,22330000,0,0
2002-5-13,00:00:00,0.147,0.147,0.137,0.139,73440000,10301000,0,0
2002-5-14,00:00:00,0.140,0.143,0.136,0.138,40850000,5666000,0,0
2002-5-15,00:00:00,0.138,0.142,0.138,0.141,32610000,4586000,0,0
2002-5-16,00:00:00,0.142,0.150,0.142,0.143,93510000,13685000,0,0
2002-5-17,00:00:00,0.144,0.147,0.138,0.143,53130000,7587000,0,0
2002-5-21,00:00:00,0.143,0.145,0.137,0.137,33210000,4667000,0,0
2002-5-22,00:00:00,0.138,0.138,0.135,0.135,11060000,1510000,0,0
2002-5-23,00:00:00,0.135,0.139,0.134,0.138,27010000,3667000,0,0
2002-5-24,00:00:00,0.137,0.141,0.136,0.137,18160000,2526000,0,0
2002-5-27,00:00:00,0.138,0.140,0.136,0.136,25120000,3470000,0,0
2002-5-28,00:00:00,0.136,0.136,0.130,0.133,20810000,2751000,0,0
2002-5-29,00:00:00,0.131,0.134,0.129,0.130,13560000,1791000,0,0
2002-5-30,00:00:00,0.130,0.131,0.120,0.124,22850000,2878000,0,0
2002-5-31,00:00:00,0.124,0.136,0.124,0.134,39470000,5166000,0,0
2002-6-3,00:00:00,0.134,0.137,0.127,0.128,27210000,3569000,0,0
2002-6-4,00:00:00,0.127,0.132,0.124,0.128,17650000,2287000,0,0
2002-6-5,00:00:00,0.128,0.134,0.128,0.133,30710000,4058000,0,0
2002-6-6,00:00:00,0.134,0.144,0.131,0.142,73850000,10262000,0,0
2002-6-7,00:00:00,0.144,0.144,0.138,0.139,29260000,4123000,0,0
2002-6-10,00:00:00,0.141,0.147,0.141,0.142,57890000,8311000,0,0
2002-6-11,00:00:00,0.141,0.142,0.136,0.137,20700000,2899000,0,0
2002-6-12,00:00:00,0.138,0.146,0.137,0.143,68290000,9689000,0,0
2002-6-13,00:00:00,0.144,0.145,0.139,0.142,13170000,1871000,0,0
2002-6-14,00:00:00,0.142,0.143,0.138,0.140,74540000,10529000,0,0
2002-6-17,00:00:00,0.140,0.141,0.137,0.139,19340000,2696000,0,0
2002-6-18,00:00:00,0.141,0.142,0.136,0.139,46540000,6515000,0,0
2002-6-19,00:00:00,0.140,0.140,0.120,0.126,61850000,8113000,0,0
2002-6-20,00:00:00,0.125,0.132,0.125,0.130,43210000,5594000,0,0
2002-6-21,00:00:00,0.129,0.132,0.125,0.125,39180000,5041000,0,0
2002-6-24,00:00:00,0.128,0.132,0.127,0.129,40020000,5138000,0,0
2002-6-25,00:00:00,0.130,0.135,0.128,0.133,48600000,6376000,0,0
2002-6-26,00:00:00,0.132,0.132,0.127,0.129,33810000,4393000,0,0
2002-6-27,00:00:00,0.131,0.135,0.129,0.134,61070000,8013000,0,0
2002-6-28,00:00:00,0.135,0.142,0.135,0.140,104030000,14415000,0,0
2002-7-2,00:00:00,0.140,0.155,0.140,0.151,189320000,27996000,0,0
2002-7-3,00:00:00,0.153,0.153,0.146,0.148,71210000,10672000,0,0
2002-7-4,00:00:00,0.150,0.150,0.139,0.148,94920000,13743000,0,0
2002-7-5,00:00:00,0.148,0.170,0.148,0.160,297569900,47795000,0,0
2002-7-8,00:00:00,0.164,0.164,0.156,0.160,105860000,16795000,0,0
2002-7-9,00:00:00,0.161,0.161,0.153,0.156,47800000,7388000,0,0
2002-7-10,00:00:00,0.155,0.159,0.154,0.158,62030000,9704000,0,0
2002-7-11,00:00:00,0.157,0.163,0.156,0.159,85360000,13591000,0,0
2002-7-12,00:00:00,0.161,0.166,0.161,0.161,72690000,11777000,0,0
2002-7-15,00:00:00,0.163,0.164,0.157,0.158,41480000,6676000,0,0
2002-7-16,00:00:00,0.158,0.158,0.149,0.150,65420000,10059000,0,0
2002-7-17,00:00:00,0.154,0.154,0.149,0.153,27150000,4098000,0,0
2002-7-18,00:00:00,0.154,0.156,0.153,0.153,39640000,6106000,0,0
2002-7-19,00:00:00,0.154,0.155,0.150,0.150,46100000,7001000,0,0
2002-7-22,00:00:00,0.145,0.148,0.139,0.140,35250000,4989000,0,0
2002-7-23,00:00:00,0.139,0.142,0.136,0.139,43720000,6089000,0,0
2002-7-24,00:00:00,0.139,0.142,0.136,0.136,34420000,4788000,0,0
2002-7-25,00:00:00,0.140,0.142,0.132,0.134,40990000,5590000,0,0
2002-7-26,00:00:00,0.128,0.133,0.073,0.098,129680000,12965000,0,0
2002-7-29,00:00:00,0.105,0.117,0.103,0.109,53090000,5759000,0,0
2002-7-30,00:00:00,0.110,0.110,0.092,0.098,63440000,6655000,0,0
2002-7-31,00:00:00,0.100,0.100,0.085,0.100,34710000,3225000,0,0
2002-8-1,00:00:00,0.100,0.113,0.098,0.099,28690000,2994000,0,0
2002-8-2,00:00:00,0.093,0.100,0.092,0.100,10600000,1021000,0,0
2002-8-5,00:00:00,0.095,0.096,0.091,0.096,20180000,1915000,0,0
2002-8-6,00:00:00,0.092,0.093,0.089,0.092,10450000,948000,0,0
2002-8-7,00:00:00,0.092,0.092,0.087,0.090,11250000,996000,0,0
2002-8-8,00:00:00,0.088,0.090,0.085,0.090,5490000,481000,0,0
2002-8-9,00:00:00,0.093,0.093,0.087,0.088,4470000,394000,0,0
2002-8-12,00:00:00,0.088,0.088,0.084,0.087,13840000,1179000,0,0
2002-8-13,00:00:00,0.086,0.086,0.082,0.084,4300000,360000,0,0
2002-8-14,00:00:00,0.079,0.082,0.072,0.077,16420000,1253000,0,0
2002-8-15,00:00:00,0.079,0.080,0.074,0.077,5230000,395000,0,0
2002-8-16,00:00:00,0.076,0.076,0.070,0.074,8370000,597000,0,0
2002-8-19,00:00:00,0.074,0.074,0.069,0.074,5970000,432000,0,0
2002-8-20,00:00:00,0.075,0.078,0.073,0.075,10980000,818000,0,0
2002-8-21,00:00:00,0.072,0.074,0.070,0.074,5860000,420000,0,0
2002-8-22,00:00:00,0.073,0.085,0.072,0.085,16010000,1295000,0,0
2002-8-23,00:00:00,0.087,0.088,0.078,0.080,29620000,2438000,0,0
2002-8-26,00:00:00,0.079,0.079,0.077,0.079,2790000,218000,0,0
2002-8-27,00:00:00,0.078,0.079,0.077,0.077,15510000,1200000,0,0
2002-8-28,00:00:00,0.075,0.076,0.074,0.076,8030000,601000,0,0
2002-8-29,00:00:00,0.075,0.076,0.072,0.076,4240000,312000,0,0
2002-8-30,00:00:00,0.076,0.076,0.074,0.076,13100000,978000,0,0
2002-9-2,00:00:00,0.073,0.077,0.072,0.075,3210000,236000,0,0
2002-9-3,00:00:00,0.071,0.074,0.068,0.070,4740000,328000,0,0
2002-9-4,00:00:00,0.070,0.070,0.060,0.066,16930000,1062000,0,0
2002-9-5,00:00:00,0.065,0.065,0.061,0.064,9290000,590000,0,0
2002-9-6,00:00:00,0.060,0.063,0.060,0.061,3570000,214000,0,0
2002-9-9,00:00:00,0.060,0.065,0.055,0.060,3180000,186000,0,0
2002-9-10,00:00:00,0.058,0.060,0.057,0.058,11010000,635000,0,0
2002-9-12,00:00:00,0.058,0.059,0.055,0.057,13330000,761000,0,0
2002-9-13,00:00:00,0.054,0.056,0.050,0.055,9620000,506000,0,0
2002-9-16,00:00:00,0.050,0.054,0.046,0.053,4680000,229000,0,0
2002-9-17,00:00:00,0.050,0.051,0.049,0.050,12060000,603000,0,0
2002-9-18,00:00:00,0.044,0.045,0.041,0.045,11100000,479000,0,0
2002-9-19,00:00:00,0.042,0.044,0.042,0.043,4600000,199000,0,0
2002-9-20,00:00:00,0.040,0.050,0.040,0.045,11340000,491000,0,0
2002-9-23,00:00:00,0.042,0.047,0.042,0.047,12190000,537000,0,0
2002-9-24,00:00:00,0.045,0.045,0.043,0.044,1910000,83000,0,0
2002-9-25,00:00:00,0.044,0.046,0.044,0.045,10160000,454000,0,0
2002-9-26,00:00:00,0.046,0.048,0.046,0.047,6700000,313000,0,0
2002-9-27,00:00:00,0.045,0.055,0.045,0.054,5100000,261000,0,0
2002-10-2,00:00:00,0.055,0.055,0.047,0.049,10550000,532000,0,0
2002-10-3,00:00:00,0.049,0.049,0.041,0.044,18650000,900000,0,0
2002-10-4,00:00:00,0.046,0.048,0.046,0.048,70000,3000,0,0
2002-10-7,00:00:00,0.046,0.046,0.046,0.046,6900000,315000,0,0
2002-10-8,00:00:00,0.044,0.045,0.039,0.045,3490000,143000,0,0
2002-10-9,00:00:00,0.045,0.045,0.045,0.045,80000,3000,0,0
2002-10-11,00:00:00,0.044,0.044,0.044,0.044,18750000,749000,0,0
2002-10-15,00:00:00,0.045,0.045,0.043,0.043,3310000,146000,0,0
2002-10-16,00:00:00,0.043,0.043,0.041,0.041,2040000,86000,0,0
2002-10-17,00:00:00,0.044,0.044,0.043,0.043,450000,19000,0,0
2002-10-18,00:00:00,0.042,0.043,0.041,0.043,40260000,1656000,0,0
2002-10-21,00:00:00,0.042,0.043,0.041,0.042,1420000,58000,0,0
2002-10-22,00:00:00,0.041,0.042,0.035,0.040,55170000,2198000,0,0
2002-10-23,00:00:00,0.041,0.041,0.038,0.040,1500000,60000,0,0
2002-10-24,00:00:00,0.040,0.041,0.037,0.040,8700000,344000,0,0
2002-10-25,00:00:00,0.040,0.047,0.040,0.043,62520000,2682000,0,0
2002-10-28,00:00:00,0.042,0.042,0.038,0.041,20250000,826000,0,0
2002-10-29,00:00:00,0.039,0.040,0.037,0.040,8700000,343000,0,0
2002-10-30,00:00:00,0.036,0.039,0.036,0.039,4530000,180000,0,0
2002-10-31,00:00:00,0.037,0.039,0.036,0.039,4060000,156000,0,0
2002-11-1,00:00:00,0.039,0.039,0.036,0.038,13880000,512000,0,0
2002-11-4,00:00:00,0.038,0.038,0.036,0.038,9450000,355000,0,0
2002-11-5,00:00:00,0.036,0.037,0.036,0.037,8500000,322000,0,0
2002-11-6,00:00:00,0.034,0.034,0.030,0.032,9770000,308000,0,0
2002-11-7,00:00:00,0.033,0.035,0.028,0.031,49050000,1536000,0,0
2002-11-8,00:00:00,0.029,0.030,0.028,0.029,5780000,164000,0,0
2002-11-11,00:00:00,0.028,0.029,0.025,0.029,10180000,267000,0,0
2002-11-12,00:00:00,0.025,0.027,0.024,0.024,29810000,742000,0,0
2002-11-13,00:00:00,0.025,0.027,0.023,0.025,2120000,50000,0,0
2002-11-14,00:00:00,0.026,0.028,0.026,0.028,5520000,149000,0,0
2002-11-15,00:00:00,0.028,0.035,0.028,0.032,16400000,505000,0,0
2002-11-18,00:00:00,0.032,0.032,0.028,0.030,5200000,157000,0,0
2002-11-19,00:00:00,0.029,0.030,0.028,0.030,6480000,186000,0,0
2002-11-20,00:00:00,0.028,0.030,0.027,0.029,2790000,77000,0,0
2002-11-21,00:00:00,0.028,0.030,0.027,0.029,2020000,56000,0,0
2002-11-22,00:00:00,0.029,0.030,0.028,0.030,860000,24000,0,0
2002-11-25,00:00:00,0.031,0.032,0.029,0.031,12810000,383000,0,0
2002-11-26,00:00:00,0.030,0.031,0.029,0.030,5170000,153000,0,0
2002-11-27,00:00:00,0.030,0.031,0.029,0.030,23900000,697000,0,0
2002-11-28,00:00:00,0.031,0.031,0.029,0.030,11600000,346000,0,0
2002-11-29,00:00:00,0.029,0.036,0.029,0.032,17920000,541000,0,0
2002-12-2,00:00:00,0.032,0.033,0.029,0.032,21020000,643000,0,0
2002-12-3,00:00:00,0.032,0.032,0.030,0.030,17270000,533000,0,0
2002-12-4,00:00:00,0.030,0.030,0.028,0.030,11500000,334000,0,0
2002-12-5,00:00:00,0.030,0.033,0.030,0.030,45470000,1422000,0,0
2002-12-6,00:00:00,0.029,0.031,0.029,0.031,1440000,43000,0,0
2002-12-9,00:00:00,0.030,0.031,0.030,0.031,8297500,248000,0,0
2002-12-10,00:00:00,0.030,0.031,0.030,0.031,16600000,498000,0,0
2002-12-11,00:00:00,0.030,0.031,0.030,0.030,4430000,133000,0,0
2002-12-12,00:00:00,0.031,0.031,0.030,0.031,19900000,616000,0,0
2002-12-13,00:00:00,0.031,0.034,0.031,0.034,21380000,713000,0,0
2002-12-16,00:00:00,0.034,0.038,0.033,0.035,50530000,1771000,0,0
2002-12-17,00:00:00,0.035,0.045,0.035,0.043,214240000,8792000,0,0
2002-12-18,00:00:00,0.042,0.047,0.036,0.038,79910000,3341000,0,0
2002-12-19,00:00:00,0.036,0.039,0.032,0.035,66420000,2407000,0,0
2002-12-20,00:00:00,0.033,0.034,0.032,0.032,26720000,873000,0,0
2002-12-23,00:00:00,0.033,0.033,0.031,0.031,6600000,208000,0,0
2002-12-24,00:00:00,0.031,0.031,0.031,0.031,3800000,117000,0,0
2002-12-27,00:00:00,0.031,0.031,0.030,0.030,5000000,150000,0,0
2002-12-30,00:00:00,0.029,0.030,0.027,0.030,24230000,690000,0,0
2002-12-31,00:00:00,0.030,0.031,0.029,0.031,2360000,68000,0,0
2003-1-2,00:00:00,0.029,0.033,0.029,0.032,19280000,611000,0,0
2003-1-3,00:00:00,0.033,0.033,0.030,0.033,19750000,609000,0,0
2003-1-6,00:00:00,0.030,0.032,0.030,0.032,17460000,531000,0,0
2003-1-7,00:00:00,0.031,0.031,0.030,0.031,4550000,137000,0,0
2003-1-8,00:00:00,0.030,0.031,0.030,0.031,7020000,210000,0,0
2003-1-9,00:00:00,0.030,0.031,0.029,0.031,4730000,139000,0,0
2003-1-10,00:00:00,0.030,0.031,0.028,0.031,9480000,282000,0,0
2003-1-13,00:00:00,0.030,0.033,0.030,0.032,28830000,898000,0,0
2003-1-14,00:00:00,0.030,0.031,0.030,0.031,3420000,103000,0,0
2003-1-15,00:00:00,0.031,0.032,0.030,0.031,24790000,769000,0,0
2003-1-16,00:00:00,0.030,0.031,0.029,0.030,9340000,281000,0,0
2003-1-17,00:00:00,0.030,0.031,0.030,0.031,27810000,834000,0,0
2003-1-20,00:00:00,0.030,0.031,0.030,0.031,23950000,724000,0,0
2003-1-21,00:00:00,0.031,0.032,0.030,0.031,40920000,1269000,0,0
2003-1-22,00:00:00,0.030,0.031,0.030,0.031,11680000,350000,0,0
2003-1-23,00:00:00,0.029,0.031,0.029,0.031,5540000,166000,0,0
2003-1-24,00:00:00,0.031,0.031,0.029,0.031,11590000,343000,0,0
2003-1-27,00:00:00,0.030,0.032,0.026,0.031,39480000,1171000,0,0
2003-1-29,00:00:00,0.031,0.032,0.029,0.030,216900000,6500000,0,0
2003-1-30,00:00:00,0.029,0.031,0.029,0.030,13960000,408000,0,0
2003-2-4,00:00:00,0.029,0.031,0.029,0.031,3230000,94000,0,0
2003-2-5,00:00:00,0.030,0.032,0.029,0.032,18220000,545000,0,0
2003-2-6,00:00:00,0.030,0.031,0.029,0.031,13640000,407000,0,0
2003-2-7,00:00:00,0.030,0.032,0.030,0.032,13230000,398000,0,0
2003-2-10,00:00:00,0.031,0.032,0.029,0.031,22640000,682000,0,0
2003-2-11,00:00:00,0.031,0.032,0.030,0.031,8600000,263000,0,0
2003-2-12,00:00:00,0.030,0.031,0.029,0.031,11930000,355000,0,0
2003-2-13,00:00:00,0.030,0.030,0.029,0.030,9440000,280000,0,0
2003-2-14,00:00:00,0.029,0.031,0.028,0.031,19100000,554000,0,0
2003-2-17,00:00:00,0.030,0.030,0.028,0.029,10850000,313000,0,0
2003-2-18,00:00:00,0.028,0.029,0.028,0.029,20740000,580000,0,0
2003-2-19,00:00:00,0.028,0.029,0.026,0.029,24670000,665000,0,0
2003-2-20,00:00:00,0.026,0.029,0.026,0.029,28390000,784000,0,0
2003-2-21,00:00:00,0.027,0.030,0.027,0.029,26760000,727000,0,0
2003-2-24,00:00:00,0.028,0.029,0.028,0.029,13700000,383000,0,0
2003-2-25,00:00:00,0.027,0.029,0.027,0.029,18760000,523000,0,0
2003-2-26,00:00:00,0.028,0.029,0.028,0.029,14700000,414000,0,0
2003-2-27,00:00:00,0.028,0.029,0.028,0.029,18170000,508000,0,0
2003-2-28,00:00:00,0.028,0.029,0.028,0.029,3660000,102000,0,0
2003-3-3,00:00:00,0.029,0.032,0.029,0.030,44380000,1313000,0,0
2003-3-4,00:00:00,0.028,0.029,0.028,0.029,6840000,191000,0,0
2003-3-5,00:00:00,0.028,0.029,0.028,0.029,16490000,461000,0,0
2003-3-6,00:00:00,0.028,0.028,0.027,0.028,28240000,766000,0,0
2003-3-7,00:00:00,0.027,0.028,0.026,0.027,18160000,475000,0,0
2003-3-10,00:00:00,0.026,0.027,0.024,0.027,21440000,539000,0,0
2003-3-11,00:00:00,0.025,0.026,0.025,0.026,14980000,374000,0,0
2003-3-12,00:00:00,0.024,0.024,0.023,0.024,10370000,244000,0,0
2003-3-13,00:00:00,0.023,0.024,0.023,0.024,16800000,398000,0,0
2003-3-14,00:00:00,0.024,0.025,0.022,0.023,26470000,619000,0,0
2003-3-17,00:00:00,0.022,0.024,0.020,0.023,8790000,190000,0,0
2003-3-18,00:00:00,0.023,0.024,0.022,0.023,13100000,300000,0,0
2003-3-19,00:00:00,0.022,0.024,0.021,0.023,16250000,356000,0,0
2003-3-20,00:00:00,0.021,0.023,0.021,0.023,17020000,368000,0,0
2003-3-21,00:00:00,0.023,0.023,0.021,0.021,41800000,896000,0,0
2003-3-24,00:00:00,0.018,0.020,0.018,0.019,7150000,129000,0,0
2003-3-25,00:00:00,0.018,0.019,0.015,0.016,41250000,717000,0,0
2003-3-26,00:00:00,0.016,0.017,0.012,0.014,41630000,574000,0,0
2003-3-27,00:00:00,0.012,0.013,0.012,0.013,22940000,275000,0,0
2003-3-28,00:00:00,0.012,0.013,0.010,0.013,27570000,304000,0,0
2003-3-31,00:00:00,0.012,0.013,0.010,0.013,48760000,534000,0,0
2003-4-1,00:00:00,0.011,0.012,0.010,0.012,13680000,148000,0,0
2003-4-2,00:00:00,0.010,0.011,0.010,0.011,19520000,195000,0,0
2003-4-3,00:00:00,0.010,0.011,0.010,0.011,17650000,176000,0,0
2003-4-4,00:00:00,0.010,0.010,0.010,0.010,300000,2000,0,0
2003-4-7,00:00:00,0.010,0.010,0.010,0.010,15000000,150000,0,0
2003-4-8,00:00:00,0.010,0.010,0.010,0.010,13050000,130000,0,0
2003-4-9,00:00:00,0.010,0.010,0.010,0.010,7300000,73000,0,0
2003-4-11,00:00:00,0.010,0.010,0.010,0.010,6200000,61000,0,0
2003-4-14,00:00:00,0.010,0.010,0.010,0.010,6220000,62000,0,0
2003-4-16,00:00:00,0.010,0.010,0.010,0.010,12000000,119000,0,0
2003-4-17,00:00:00,0.010,0.010,0.010,0.010,21000000,209000,0,0
2003-4-22,00:00:00,0.010,0.010,0.010,0.010,15000000,150000,0,0
2003-4-23,00:00:00,0.010,0.010,0.010,0.010,3000000,29000,0,0
2003-4-24,00:00:00,0.010,0.010,0.010,0.010,11000000,109000,0,0
2003-4-25,00:00:00,0.010,0.010,0.010,0.010,14310000,143000,0,0
2003-4-28,00:00:00,0.010,0.010,0.010,0.010,12000000,119000,0,0
2003-4-29,00:00:00,0.010,0.010,0.010,0.010,6000000,59000,0,0
2003-4-30,00:00:00,0.010,0.010,0.010,0.010,10130000,101000,0,0
2003-5-2,00:00:00,0.010,0.010,0.010,0.010,20100000,200000,0,0
2003-5-5,00:00:00,0.010,0.010,0.010,0.010,6000000,59000,0,0
2003-5-6,00:00:00,0.010,0.010,0.010,0.010,6000000,59000,0,0
2003-5-7,00:00:00,0.010,0.010,0.010,0.010,10000000,99000,0,0
2003-5-12,00:00:00,0.010,0.010,0.010,0.010,7000000,70000,0,0
2003-5-13,00:00:00,0.010,0.010,0.010,0.010,13000000,130000,0,0
2003-5-14,00:00:00,0.010,0.010,0.010,0.010,11960000,119000,0,0
2003-5-15,00:00:00,0.010,0.010,0.010,0.010,11300000,112000,0,0
2003-5-20,00:00:00,0.010,0.010,0.010,0.010,12000000,119000,0,0
2003-5-21,00:00:00,0.010,0.010,0.010,0.010,14100000,141000,0,0
2003-5-22,00:00:00,0.010,0.010,0.010,0.010,17700000,176000,0,0
2003-5-23,00:00:00,0.010,0.010,0.010,0.010,23990000,239000,0,0
2003-5-26,00:00:00,0.010,0.011,0.010,0.010,69570000,695000,0,0
2003-5-27,00:00:00,0.010,0.017,0.010,0.015,158230000,2253000,0,0
2003-5-28,00:00:00,0.017,0.017,0.011,0.012,93120000,1200000,0,0
2003-5-29,00:00:00,0.012,0.012,0.011,0.012,50000000,570000,0,0
2003-5-30,00:00:00,0.011,0.011,0.010,0.011,69960000,715000,0,0
2003-6-2,00:00:00,0.010,0.012,0.010,0.011,23730000,255000,0,0
2003-6-3,00:00:00,0.011,0.011,0.010,0.010,10400000,108000,0,0
2003-6-5,00:00:00,0.011,0.012,0.010,0.011,23040000,253000,0,0
2003-6-6,00:00:00,0.011,0.012,0.011,0.011,47990000,543000,0,0
2003-6-9,00:00:00,0.011,0.011,0.010,0.010,4850000,52000,0,0
2003-6-10,00:00:00,0.011,0.011,0.010,0.010,7240000,72000,0,0
2003-6-11,00:00:00,0.011,0.011,0.010,0.010,11470000,115000,0,0
2003-6-12,00:00:00,0.011,0.011,0.010,0.010,23570000,245000,0,0
2003-6-13,00:00:00,0.010,0.011,0.010,0.011,10370000,112000,0,0
2003-6-16,00:00:00,0.010,0.010,0.010,0.010,6000000,59000,0,0
2003-6-17,00:00:00,0.011,0.012,0.011,0.011,22900000,253000,0,0
2003-6-18,00:00:00,0.011,0.011,0.011,0.011,2090000,22000,0,0
2003-6-19,00:00:00,0.011,0.011,0.010,0.010,2270000,24000,0,0
2003-6-20,00:00:00,0.011,0.011,0.010,0.011,1530000,16000,0,0
2003-6-23,00:00:00,0.011,0.011,0.011,0.011,1500000,16000,0,0
2003-6-24,00:00:00,0.011,0.011,0.010,0.010,43560000,436000,0,0
2003-6-25,00:00:00,0.010,0.010,0.010,0.010,4110000,41000,0,0
2003-6-27,00:00:00,0.010,0.010,0.010,0.010,2000000,20000,0,0
2003-7-3,00:00:00,0.010,0.010,0.010,0.010,3000000,23000,0,0
2003-7-9,00:00:00,0.010,0.010,0.010,0.010,310000,3000,0,0
2003-7-11,00:00:00,0.010,0.010,0.010,0.010,2000000,20000,0,0
2003-7-14,00:00:00,0.010,0.011,0.010,0.010,34420000,341000,0,0
2003-7-15,00:00:00,0.010,0.010,0.010,0.010,800000,7000,0,0
2003-7-16,00:00:00,0.010,0.010,0.010,0.010,16600000,166000,0,0
2003-7-17,00:00:00,0.010,0.010,0.010,0.010,7320000,73000,0,0
2003-7-29,00:00:00,0.010,0.010,0.010,0.010,1000000,10000,0,0
2003-8-12,00:00:00,0.010,0.010,0.010,0.010,9500000,94000,0,0
2003-8-13,00:00:00,0.010,0.012,0.010,0.010,40310000,430000,0,0
2003-8-14,00:00:00,0.010,0.012,0.010,0.011,27980000,306000,0,0
2003-8-15,00:00:00,0.012,0.015,0.011,0.015,185430000,2444000,0,0
2003-8-18,00:00:00,0.015,0.015,0.013,0.013,90870000,1231000,0,0
2003-8-19,00:00:00,0.013,0.013,0.012,0.013,26630000,335000,0,0
2003-8-20,00:00:00,0.013,0.013,0.012,0.012,11800000,149000,0,0
2003-8-21,00:00:00,0.012,0.014,0.012,0.014,51730000,679000,0,0
2003-8-22,00:00:00,0.014,0.016,0.013,0.014,75700000,1098000,0,0
2003-8-25,00:00:00,0.014,0.017,0.014,0.015,113560000,1752000,0,0
2003-8-26,00:00:00,0.016,0.016,0.015,0.016,28310000,451000,0,0
2003-8-27,00:00:00,0.016,0.016,0.013,0.013,83580000,1161000,0,0
2003-8-28,00:00:00,0.014,0.014,0.013,0.013,41120000,537000,0,0
2003-8-29,00:00:00,0.013,0.014,0.013,0.013,16940000,232000,0,0
2003-9-1,00:00:00,0.015,0.015,0.014,0.015,42880000,622000,0,0
2003-9-2,00:00:00,0.014,0.014,0.014,0.014,22470000,314000,0,0
2003-9-3,00:00:00,0.014,0.020,0.014,0.019,128840000,2182000,0,0
2003-9-4,00:00:00,0.020,0.021,0.016,0.017,109820000,1963000,0,0
2003-9-5,00:00:00,0.017,0.017,0.015,0.016,47790000,774000,0,0
2003-9-8,00:00:00,0.016,0.017,0.016,0.016,24520000,403000,0,0
2003-9-9,00:00:00,0.017,0.018,0.016,0.016,36390000,623000,0,0
2003-9-10,00:00:00,0.016,0.016,0.014,0.015,45400000,684000,0,0
2003-9-11,00:00:00,0.015,0.015,0.015,0.015,3700000,55000,0,0
2003-9-15,00:00:00,0.015,0.015,0.014,0.014,7280000,107000,0,0
2003-9-16,00:00:00,0.014,0.015,0.014,0.015,30160000,422000,0,0
2003-9-17,00:00:00,0.015,0.015,0.014,0.015,4000000,58000,0,0
2003-9-18,00:00:00,0.014,0.014,0.014,0.014,13200000,184000,0,0
2003-9-19,00:00:00,0.015,0.015,0.014,0.015,13000000,182000,0,0
2003-9-22,00:00:00,0.015,0.015,0.014,0.014,14500000,208000,0,0
2003-9-23,00:00:00,0.014,0.014,0.014,0.014,8700000,121000,0,0
2003-9-24,00:00:00,0.014,0.014,0.013,0.014,4500000,62000,0,0
2003-9-25,00:00:00,0.013,0.013,0.013,0.013,310000,4000,0,0
2003-9-26,00:00:00,0.013,0.014,0.013,0.014,23320000,320000,0,0
2003-9-29,00:00:00,0.014,0.014,0.013,0.013,4020000,53000,0,0
2003-9-30,00:00:00,0.014,0.014,0.013,0.014,4500000,62000,0,0
2003-10-2,00:00:00,0.013,0.013,0.013,0.013,8700000,113000,0,0
2003-10-3,00:00:00,0.013,0.014,0.013,0.014,5300000,71000,0,0
2003-10-6,00:00:00,0.014,0.014,0.013,0.013,6960000,94000,0,0
2003-10-7,00:00:00,0.013,0.014,0.013,0.013,12000000,161000,0,0
2003-10-8,00:00:00,0.014,0.014,0.012,0.012,7770000,106000,0,0
2003-10-9,00:00:00,0.013,0.013,0.012,0.013,2800000,36000,0,0
2003-10-10,00:00:00,0.014,0.014,0.012,0.013,27160000,359000,0,0
2003-10-13,00:00:00,0.012,0.014,0.012,0.014,13570000,183000,0,0
2003-10-14,00:00:00,0.013,0.014,0.012,0.014,15290000,204000,0,0
2003-10-15,00:00:00,0.013,0.014,0.013,0.014,8400000,112000,0,0
2003-10-16,00:00:00,0.013,0.014,0.013,0.014,7800000,106000,0,0
2003-10-17,00:00:00,0.013,0.013,0.012,0.013,12170000,150000,0,0
2003-10-20,00:00:00,0.013,0.013,0.012,0.012,2950000,35000,0,0
2003-10-21,00:00:00,0.012,0.013,0.012,0.013,7550000,96000,0,0
2003-10-22,00:00:00,0.012,0.013,0.012,0.013,8500000,108000,0,0
2003-10-23,00:00:00,0.012,0.013,0.012,0.012,11440000,141000,0,0
2003-10-24,00:00:00,0.012,0.012,0.011,0.012,14770000,170000,0,0
2003-10-27,00:00:00,0.012,0.013,0.012,0.013,3410000,40000,0,0
2003-10-28,00:00:00,0.011,0.012,0.011,0.012,1420000,17000,0,0
2003-10-29,00:00:00,0.012,0.013,0.011,0.013,7660000,91000,0,0
2003-10-30,00:00:00,0.012,0.013,0.011,0.013,4880000,58000,0,0
2003-10-31,00:00:00,0.013,0.013,0.012,0.012,2000000,24000,0,0
2003-11-3,00:00:00,0.012,0.013,0.012,0.012,2320000,28000,0,0
2003-11-4,00:00:00,0.011,0.012,0.010,0.012,20340000,222000,0,0
2003-11-5,00:00:00,0.010,0.012,0.010,0.012,4240000,49000,0,0
2003-11-6,00:00:00,0.011,0.011,0.011,0.011,320000,3000,0,0
2003-11-7,00:00:00,0.011,0.011,0.011,0.011,3000000,33000,0,0
2003-11-10,00:00:00,0.011,0.012,0.010,0.011,6410000,75000,0,0
2003-11-11,00:00:00,0.011,0.011,0.011,0.011,4900000,53000,0,0
2003-11-12,00:00:00,0.011,0.011,0.011,0.011,1200000,13000,0,0
2003-11-13,00:00:00,0.011,0.011,0.011,0.011,200000,2000,0,0
2003-11-14,00:00:00,0.011,0.012,0.010,0.011,7130000,78000,0,0
2003-11-17,00:00:00,0.010,0.011,0.010,0.011,7130000,78000,0,0
2003-11-18,00:00:00,0.011,0.012,0.010,0.010,9920000,108000,0,0
2003-11-19,00:00:00,0.011,0.011,0.011,0.011,2400000,26000,0,0
2003-11-20,00:00:00,0.011,0.012,0.011,0.012,5230000,57000,0,0
2003-11-21,00:00:00,0.011,0.011,0.010,0.011,6310000,69000,0,0
2003-11-24,00:00:00,0.012,0.012,0.011,0.011,2590000,28000,0,0
2003-11-26,00:00:00,0.012,0.014,0.012,0.014,28180000,352000,0,0
2003-11-27,00:00:00,0.014,0.015,0.013,0.013,21820000,301000,0,0
2003-11-28,00:00:00,0.014,0.015,0.012,0.012,17130000,217000,0,0
2003-12-1,00:00:00,0.012,0.013,0.012,0.013,1520000,18000,0,0
2003-12-2,00:00:00,0.012,0.013,0.012,0.013,9420000,116000,0,0
2003-12-3,00:00:00,0.012,0.012,0.012,0.012,1880000,22000,0,0
2003-12-4,00:00:00,0.012,0.012,0.011,0.012,6130000,73000,0,0
2003-12-5,00:00:00,0.012,0.013,0.012,0.013,11120000,135000,0,0
2003-12-8,00:00:00,0.012,0.013,0.012,0.012,4400000,53000,0,0
2003-12-9,00:00:00,0.011,0.011,0.011,0.011,2000000,21000,0,0
2003-12-10,00:00:00,0.013,0.013,0.011,0.012,2980000,34000,0,0
2003-12-11,00:00:00,0.012,0.012,0.012,0.012,6950000,83000,0,0
2003-12-12,00:00:00,0.012,0.012,0.012,0.012,3400000,40000,0,0
2003-12-15,00:00:00,0.012,0.012,0.012,0.012,5980000,71000,0,0
2003-12-16,00:00:00,0.013,0.013,0.013,0.013,1030000,13000,0,0
2003-12-17,00:00:00,0.013,0.013,0.013,0.013,16460000,213000,0,0
2003-12-18,00:00:00,0.012,0.013,0.012,0.013,2700000,35000,0,0
2003-12-19,00:00:00,0.013,0.014,0.012,0.013,1440000,18000,0,0
2003-12-22,00:00:00,0.012,0.013,0.012,0.013,11520000,138000,0,0
2003-12-23,00:00:00,0.012,0.012,0.012,0.012,5700000,68000,0,0
2003-12-24,00:00:00,0.012,0.012,0.012,0.012,1900000,22000,0,0
2003-12-29,00:00:00,0.011,0.012,0.011,0.012,2600000,30000,0,0
2003-12-30,00:00:00,0.011,0.013,0.011,0.012,3980000,47000,0,0
2003-12-31,00:00:00,0.012,0.014,0.012,0.014,2900000,36000,0,0
2004-1-2,00:00:00,0.012,0.014,0.012,0.013,11130000,141000,0,0
2004-1-5,00:00:00,0.014,0.014,0.014,0.014,500000,6000,0,0
2004-1-6,00:00:00,0.014,0.014,0.012,0.012,15930000,207000,0,0
2004-1-7,00:00:00,0.014,0.014,0.013,0.013,4900000,65000,0,0
2004-1-8,00:00:00,0.013,0.014,0.012,0.012,10070000,130000,0,0
2004-1-9,00:00:00,0.012,0.014,0.012,0.014,7310000,94000,0,0
2004-1-12,00:00:00,0.014,0.014,0.013,0.013,2200000,28000,0,0
2004-1-13,00:00:00,0.012,0.013,0.012,0.013,7390000,89000,0,0
2004-1-14,00:00:00,0.012,0.013,0.012,0.013,3360000,41000,0,0
2004-1-15,00:00:00,0.013,0.013,0.013,0.013,400000,5000,0,0
2004-1-16,00:00:00,0.012,0.013,0.012,0.012,3800000,45000,0,0
2004-1-19,00:00:00,0.013,0.013,0.013,0.013,3200000,41000,0,0
2004-1-20,00:00:00,0.012,0.012,0.012,0.012,6500000,78000,0,0
2004-1-26,00:00:00,0.013,0.013,0.013,0.013,1180000,15000,0,0
2004-1-27,00:00:00,0.013,0.015,0.013,0.014,28460000,385000,0,0
2004-1-28,00:00:00,0.015,0.015,0.013,0.014,9890000,137000,0,0
2004-1-29,00:00:00,0.014,0.014,0.013,0.013,3000000,40000,0,0
2004-1-30,00:00:00,0.014,0.016,0.014,0.016,89010000,1370000,0,0
2004-2-2,00:00:00,0.016,0.016,0.014,0.015,29750000,427000,0,0
2004-2-3,00:00:00,0.014,0.015,0.014,0.015,2500000,36000,0,0
2004-2-4,00:00:00,0.015,0.015,0.015,0.015,6707400,100000,0,0
2004-2-5,00:00:00,0.015,0.015,0.015,0.015,2200000,33000,0,0
2004-2-6,00:00:00,0.015,0.016,0.014,0.015,14510000,207000,0,0
2004-2-9,00:00:00,0.015,0.015,0.013,0.014,10840000,150000,0,0
2004-2-10,00:00:00,0.013,0.015,0.013,0.015,7780000,115000,0,0
2004-2-11,00:00:00,0.014,0.015,0.014,0.014,7520000,106000,0,0
2004-2-13,00:00:00,0.014,0.015,0.013,0.014,5130000,73000,0,0
2004-2-16,00:00:00,0.014,0.015,0.014,0.014,12000000,170000,0,0
2004-2-17,00:00:00,0.015,0.018,0.015,0.017,166000000,2770000,0,0
2004-2-18,00:00:00,0.018,0.018,0.016,0.017,16660000,284000,0,0
2004-2-19,00:00:00,0.016,0.016,0.015,0.015,13050000,205000,0,0
2004-2-20,00:00:00,0.016,0.016,0.014,0.016,35120000,540000,0,0
2004-2-23,00:00:00,0.017,0.020,0.017,0.019,105320000,1912000,0,0
2004-2-24,00:00:00,0.020,0.022,0.020,0.021,100360000,2127000,0,0
2004-2-25,00:00:00,0.022,0.023,0.021,0.022,84210000,1847000,0,0
2004-2-26,00:00:00,0.022,0.025,0.022,0.023,96430000,2298000,0,0
2004-3-5,00:00:00,0.018,0.019,0.014,0.019,232030000,3928000,0,0
2004-3-8,00:00:00,0.018,0.019,0.017,0.018,86750000,1549000,0,0
2004-3-9,00:00:00,0.017,0.018,0.017,0.018,51850000,927000,0,0
2004-3-10,00:00:00,0.018,0.018,0.018,0.018,36290000,653000,0,0
2004-3-11,00:00:00,0.017,0.018,0.015,0.017,46000000,755000,0,0
2004-3-12,00:00:00,0.017,0.020,0.017,0.018,93660000,1717000,0,0
2004-3-15,00:00:00,0.020,0.046,0.020,0.045,1233044896,46864000,0,0
2004-3-16,00:00:00,0.045,0.055,0.040,0.044,1132649904,56262000,0,0
2004-3-17,00:00:00,0.045,0.047,0.041,0.042,248920000,10895000,0,0
2004-3-18,00:00:00,0.041,0.042,0.032,0.033,309910000,10837000,0,0
2004-3-19,00:00:00,0.032,0.038,0.032,0.034,255030000,9130000,0,0
2004-3-22,00:00:00,0.032,0.033,0.026,0.027,148030000,4292000,0,0
2004-3-23,00:00:00,0.026,0.031,0.026,0.029,97590000,2898000,0,0
2004-3-24,00:00:00,0.029,0.029,0.027,0.029,30370000,864000,0,0
2004-3-25,00:00:00,0.029,0.029,0.026,0.027,45440000,1238000,0,0
2004-3-26,00:00:00,0.028,0.028,0.025,0.025,54570000,1407000,0,0
2004-3-29,00:00:00,0.024,0.024,0.021,0.021,66610000,1467000,0,0
2004-3-30,00:00:00,0.021,0.022,0.019,0.022,57400000,1171000,0,0
2004-3-31,00:00:00,0.022,0.022,0.020,0.020,25690000,529000,0,0
2004-4-1,00:00:00,0.020,0.032,0.020,0.031,436280000,12014000,0,0
2004-4-2,00:00:00,0.032,0.035,0.027,0.030,242520000,7552000,0,0
2004-4-6,00:00:00,0.029,0.029,0.025,0.025,56380000,1489000,0,0
2004-4-7,00:00:00,0.026,0.031,0.026,0.027,155780000,4501000,0,0
2004-4-8,00:00:00,0.028,0.028,0.025,0.027,50680000,1350000,0,0
2004-4-13,00:00:00,0.027,0.027,0.025,0.025,47640000,1216000,0,0
2004-4-14,00:00:00,0.025,0.028,0.023,0.026,91050000,2432000,0,0
2004-4-15,00:00:00,0.026,0.027,0.024,0.024,26500000,650000,0,0
2004-4-16,00:00:00,0.024,0.025,0.024,0.025,12930000,321000,0,0
2004-4-19,00:00:00,0.024,0.025,0.023,0.023,10470000,251000,0,0
2004-4-20,00:00:00,0.023,0.024,0.021,0.022,36790000,822000,0,0
2004-4-21,00:00:00,0.021,0.021,0.019,0.021,31630000,634000,0,0
2004-4-22,00:00:00,0.021,0.021,0.020,0.020,6250000,130000,0,0
2004-4-23,00:00:00,0.021,0.023,0.021,0.022,18670000,410000,0,0
2004-4-26,00:00:00,0.021,0.021,0.020,0.021,17900000,374000,0,0
2004-4-27,00:00:00,0.020,0.021,0.019,0.019,17180000,337000,0,0
2004-4-28,00:00:00,0.019,0.021,0.019,0.021,15420000,315000,0,0
2004-4-29,00:00:00,0.020,0.020,0.019,0.019,13810000,272000,0,0
2004-4-30,00:00:00,0.020,0.020,0.019,0.019,19700000,374000,0,0
2004-5-3,00:00:00,0.019,0.020,0.019,0.019,8810000,169000,0,0
2004-5-4,00:00:00,0.019,0.020,0.019,0.019,10200000,197000,0,0
2004-5-5,00:00:00,0.019,0.019,0.019,0.019,3760000,71000,0,0
2004-5-6,00:00:00,0.019,0.019,0.019,0.019,4710000,89000,0,0
2004-5-7,00:00:00,0.018,0.018,0.017,0.017,7300000,131000,0,0
2004-5-10,00:00:00,0.017,0.018,0.016,0.016,9280000,157000,0,0
2004-5-11,00:00:00,0.016,0.017,0.016,0.017,10050000,168000,0,0
2004-5-12,00:00:00,0.017,0.018,0.017,0.018,7210000,128000,0,0
2004-5-13,00:00:00,0.019,0.019,0.017,0.017,12630000,218000,0,0
2004-5-14,00:00:00,0.017,0.018,0.016,0.017,23430000,397000,0,0
2004-5-17,00:00:00,0.016,0.016,0.015,0.016,10750000,169000,0,0
2004-5-18,00:00:00,0.014,0.016,0.014,0.015,5700000,86000,0,0
2004-5-19,00:00:00,0.016,0.018,0.016,0.018,22965000,378000,0,0
2004-5-20,00:00:00,0.017,0.017,0.017,0.017,15600000,265000,0,0
2004-5-21,00:00:00,0.016,0.017,0.016,0.016,31810000,520000,0,0
2004-5-24,00:00:00,0.017,0.017,0.016,0.017,5500000,93000,0,0
2004-5-25,00:00:00,0.017,0.017,0.016,0.016,12300000,196000,0,0
2004-5-27,00:00:00,0.017,0.018,0.016,0.017,44580000,757000,0,0
2004-5-28,00:00:00,0.017,0.021,0.015,0.020,256100000,4710000,0,0
2004-5-31,00:00:00,0.020,0.020,0.017,0.017,53780000,989000,0,0
2004-6-1,00:00:00,0.018,0.018,0.016,0.017,56190000,961000,0,0
2004-6-2,00:00:00,0.016,0.017,0.016,0.017,68930000,1111000,0,0
2004-6-3,00:00:00,0.016,0.016,0.015,0.015,69840000,1080000,0,0
2004-6-4,00:00:00,0.015,0.016,0.015,0.015,6140000,94000,0,0
2004-6-7,00:00:00,0.016,0.017,0.015,0.016,12370000,197000,0,0
2004-6-8,00:00:00,0.016,0.016,0.016,0.016,11180000,178000,0,0
2004-6-9,00:00:00,0.016,0.016,0.015,0.016,6590000,102000,0,0
2004-6-10,00:00:00,0.015,0.016,0.015,0.015,14925000,225000,0,0
2004-6-11,00:00:00,0.015,0.015,0.015,0.015,8250000,123000,0,0
2004-6-14,00:00:00,0.015,0.015,0.014,0.015,26750000,387000,0,0
2004-6-15,00:00:00,0.014,0.014,0.014,0.014,50300000,689000,0,0
2004-6-16,00:00:00,0.014,0.014,0.012,0.013,47640000,620000,0,0
2004-6-17,00:00:00,0.012,0.013,0.010,0.013,142710000,1678000,0,0
2004-6-18,00:00:00,0.013,0.013,0.012,0.012,80910000,973000,0,0
2004-6-21,00:00:00,0.012,0.012,0.012,0.012,9100000,109000,0,0
2004-6-23,00:00:00,0.012,0.013,0.012,0.013,12100000,155000,0,0
2004-6-24,00:00:00,0.013,0.014,0.013,0.014,29657000,389000,0,0
2004-6-25,00:00:00,0.013,0.013,0.012,0.013,24510000,314000,0,0
2004-6-28,00:00:00,0.012,0.013,0.012,0.013,35320000,457000,0,0
2004-6-29,00:00:00,0.013,0.013,0.013,0.013,6560000,85000,0,0
2004-6-30,00:00:00,0.012,0.013,0.012,0.013,30500000,392000,0,0
2004-7-2,00:00:00,0.013,0.013,0.012,0.013,33300000,424000,0,0
2004-7-5,00:00:00,0.013,0.013,0.012,0.012,15000000,192000,0,0
2004-7-6,00:00:00,0.012,0.013,0.012,0.013,33100000,428000,0,0
2004-7-7,00:00:00,0.012,0.013,0.012,0.012,12150000,155000,0,0
2004-7-8,00:00:00,0.012,0.013,0.012,0.013,3000000,37000,0,0
2004-7-9,00:00:00,0.013,0.013,0.012,0.013,46050000,596000,0,0
2004-7-12,00:00:00,0.013,0.013,0.013,0.013,10500000,136000,0,0
2004-7-13,00:00:00,0.012,0.013,0.012,0.013,8300000,105000,0,0
2004-7-14,00:00:00,0.013,0.013,0.013,0.013,9900000,128000,0,0
2004-7-15,00:00:00,0.013,0.013,0.013,0.013,2200000,28000,0,0
2004-7-16,00:00:00,0.013,0.013,0.012,0.013,8900000,114000,0,0
2004-7-19,00:00:00,0.012,0.013,0.012,0.013,21300000,262000,0,0
2004-7-20,00:00:00,0.012,0.013,0.012,0.013,8640000,111000,0,0
2004-7-21,00:00:00,0.013,0.013,0.013,0.013,10000000,130000,0,0
2004-7-22,00:00:00,0.013,0.014,0.013,0.013,17800000,230000,0,0
2004-7-23,00:00:00,0.013,0.013,0.013,0.013,6600000,85000,0,0
2004-7-26,00:00:00,0.012,0.013,0.012,0.013,7510000,95000,0,0
2004-7-27,00:00:00,0.012,0.012,0.012,0.012,1500000,18000,0,0
2004-7-28,00:00:00,0.012,0.013,0.012,0.013,5800000,74000,0,0
2004-7-29,00:00:00,0.012,0.013,0.012,0.012,3010000,36000,0,0
2004-7-30,00:00:00,0.012,0.013,0.012,0.012,27310000,334000,0,0
2004-8-2,00:00:00,0.012,0.013,0.012,0.013,15100000,194000,0,0
2004-8-3,00:00:00,0.012,0.013,0.012,0.012,8400000,105000,0,0
2004-8-4,00:00:00,0.012,0.013,0.012,0.013,6150000,78000,0,0
2004-8-5,00:00:00,0.012,0.013,0.012,0.012,5300000,68000,0,0
2004-8-6,00:00:00,0.013,0.013,0.012,0.012,7000000,88000,0,0
2004-8-9,00:00:00,0.012,0.013,0.012,0.012,6660000,84000,0,0
2004-8-10,00:00:00,0.012,0.012,0.012,0.012,4800000,57000,0,0
2004-8-11,00:00:00,0.013,0.013,0.012,0.013,31510000,384000,0,0
2004-8-12,00:00:00,0.012,0.013,0.012,0.013,12300000,147000,0,0
2004-8-13,00:00:00,0.012,0.012,0.012,0.012,11300000,135000,0,0
2004-8-16,00:00:00,0.012,0.012,0.012,0.012,5000000,59000,0,0
2004-8-17,00:00:00,0.012,0.012,0.011,0.011,51300000,564000,0,0
2004-8-18,00:00:00,0.011,0.012,0.011,0.012,21000000,231000,0,0
2004-8-19,00:00:00,0.011,0.012,0.011,0.012,17900000,196000,0,0
2004-8-20,00:00:00,0.011,0.011,0.011,0.011,3700000,40000,0,0
2004-8-23,00:00:00,0.011,0.011,0.010,0.011,19140000,209000,0,0
2004-8-24,00:00:00,0.011,0.012,0.011,0.012,5350000,63000,0,0
2004-8-25,00:00:00,0.012,0.012,0.012,0.012,7200000,86000,0,0
2004-8-26,00:00:00,0.012,0.013,0.012,0.013,37040000,458000,0,0
2004-8-27,00:00:00,0.012,0.013,0.012,0.013,16980000,204000,0,0
2004-8-30,00:00:00,0.012,0.012,0.012,0.012,7000000,83000,0,0
2004-8-31,00:00:00,0.012,0.012,0.011,0.012,9500000,113000,0,0
2004-9-1,00:00:00,0.012,0.012,0.012,0.012,10380000,124000,0,0
2004-9-2,00:00:00,0.012,0.012,0.012,0.012,3300000,39000,0,0
2004-9-3,00:00:00,0.012,0.012,0.011,0.012,5030000,60000,0,0
2004-9-6,00:00:00,0.012,0.012,0.011,0.012,18350000,209000,0,0
2004-9-7,00:00:00,0.011,0.012,0.011,0.012,5600000,61000,0,0
2004-9-8,00:00:00,0.012,0.012,0.011,0.012,12940000,147000,0,0
2004-9-9,00:00:00,0.012,0.012,0.011,0.011,7200000,84000,0,0
2004-9-10,00:00:00,0.012,0.012,0.011,0.012,5100000,61000,0,0
2004-9-13,00:00:00,0.012,0.017,0.012,0.015,338458600,4955000,0,0
2004-9-14,00:00:00,0.015,0.016,0.013,0.014,101951400,1460000,0,0
2004-9-15,00:00:00,0.014,0.015,0.013,0.013,22330000,312000,0,0
2004-9-16,00:00:00,0.013,0.013,0.013,0.013,15250000,198000,0,0
2004-9-17,00:00:00,0.013,0.014,0.013,0.013,19700000,256000,0,0
2004-9-20,00:00:00,0.013,0.013,0.013,0.013,15600000,202000,0,0
2004-9-21,00:00:00,0.013,0.016,0.013,0.016,169630000,2538000,0,0
2004-9-22,00:00:00,0.015,0.016,0.014,0.015,56980000,868000,0,0
2004-9-23,00:00:00,0.014,0.014,0.014,0.014,6460000,90000,0,0
2004-9-24,00:00:00,0.015,0.015,0.014,0.015,12200000,176000,0,0
2004-9-27,00:00:00,0.015,0.015,0.014,0.015,13390000,194000,0,0
2004-9-28,00:00:00,0.014,0.015,0.014,0.014,2820000,39000,0,0
2004-9-30,00:00:00,0.014,0.014,0.014,0.014,18400000,257000,0,0
2004-10-4,00:00:00,0.014,0.015,0.014,0.015,8340000,119000,0,0
2004-10-5,00:00:00,0.014,0.014,0.014,0.014,4550000,63000,0,0
2004-10-6,00:00:00,0.014,0.017,0.014,0.015,193070000,3026000,0,0
2004-10-7,00:00:00,0.015,0.016,0.015,0.015,26400000,399000,0,0
2004-10-8,00:00:00,0.015,0.016,0.015,0.015,70450000,1093000,0,0
2004-10-11,00:00:00,0.015,0.015,0.015,0.015,19840000,297000,0,0
2004-10-12,00:00:00,0.015,0.016,0.015,0.016,4170000,62000,0,0
2004-10-13,00:00:00,0.015,0.015,0.015,0.015,17760000,266000,0,0
2004-10-14,00:00:00,0.014,0.015,0.014,0.015,7400000,110000,0,0
2004-10-15,00:00:00,0.015,0.015,0.015,0.015,12200000,182000,0,0
2004-10-18,00:00:00,0.015,0.015,0.014,0.014,5500000,78000,0,0
2004-10-19,00:00:00,0.015,0.015,0.014,0.015,4770000,70000,0,0
2004-10-20,00:00:00,0.015,0.015,0.015,0.015,9880000,148000,0,0
2004-10-21,00:00:00,0.015,0.015,0.015,0.015,31870000,478000,0,0
2004-10-25,00:00:00,0.014,0.015,0.014,0.015,19140000,284000,0,0
2004-10-26,00:00:00,0.015,0.018,0.015,0.018,92360000,1540000,0,0
2004-11-26,00:00:00,0.040,0.041,0.027,0.030,1294070000,40716000,0,0
2004-11-29,00:00:00,0.032,0.034,0.030,0.032,440809900,14050000,0,0
2004-11-30,00:00:00,0.031,0.032,0.029,0.030,199010000,5989000,0,0
2004-12-1,00:00:00,0.029,0.029,0.025,0.026,158520000,4278000,0,0
2004-12-2,00:00:00,0.026,0.026,0.022,0.024,219620000,5142000,0,0
2004-12-3,00:00:00,0.024,0.024,0.020,0.021,128440000,2746000,0,0
2004-12-6,00:00:00,0.022,0.022,0.020,0.020,30040000,604000,0,0
2004-12-7,00:00:00,0.019,0.026,0.019,0.024,197060000,4721000,0,0
2004-12-8,00:00:00,0.023,0.026,0.021,0.023,155280000,3671000,0,0
2004-12-9,00:00:00,0.023,0.024,0.021,0.023,34700000,781000,0,0
2004-12-10,00:00:00,0.024,0.026,0.023,0.023,113720000,2772000,0,0
2004-12-13,00:00:00,0.024,0.026,0.024,0.026,130230000,3306000,0,0
2004-12-14,00:00:00,0.028,0.034,0.027,0.031,468855000,14567000,0,0
2004-12-15,00:00:00,0.032,0.033,0.027,0.028,236175000,6952000,0,0
2004-12-16,00:00:00,0.028,0.031,0.027,0.030,278900000,8067000,0,0
2004-12-17,00:00:00,0.030,0.032,0.029,0.031,266030000,8042000,0,0
2004-12-20,00:00:00,0.031,0.034,0.030,0.033,411880000,13272000,0,0
2004-12-21,00:00:00,0.033,0.033,0.029,0.030,214810000,6607000,0,0
2004-12-22,00:00:00,0.031,0.031,0.028,0.029,167880000,4848000,0,0
2004-12-23,00:00:00,0.029,0.040,0.029,0.036,1156000000,40872000,0,0
2004-12-24,00:00:00,0.037,0.037,0.031,0.035,287409900,9558000,0,0
2004-12-28,00:00:00,0.035,0.039,0.033,0.037,743200000,27232000,0,0
2004-12-29,00:00:00,0.038,0.044,0.037,0.042,860729904,35710000,0,0
2004-12-30,00:00:00,0.041,0.041,0.037,0.039,344260000,13610000,0,0
2004-12-31,00:00:00,0.039,0.040,0.036,0.038,180150000,6793000,0,0
2005-1-3,00:00:00,0.038,0.041,0.037,0.040,327780000,13034000,0,0
2005-1-4,00:00:00,0.040,0.051,0.040,0.048,1312220000,61525000,0,0
2005-1-5,00:00:00,0.047,0.051,0.044,0.045,1074870000,51037000,0,0
2005-1-6,00:00:00,0.046,0.057,0.046,0.049,2499529904,130914000,0,0
2005-1-7,00:00:00,0.051,0.052,0.034,0.038,1149080000,52649000,0,0
2005-1-24,00:00:00,0.035,0.038,0.030,0.036,3002670000,106017000,0,0
2005-1-25,00:00:00,0.036,0.037,0.033,0.034,211880000,7321000,0,0
2005-1-26,00:00:00,0.034,0.034,0.026,0.029,304550000,9048000,0,0
2005-1-27,00:00:00,0.029,0.030,0.025,0.027,208340000,5625000,0,0
2005-1-28,00:00:00,0.027,0.029,0.027,0.028,175390000,4936000,0,0
2005-1-31,00:00:00,0.028,0.028,0.026,0.027,43400000,1169000,0,0
2005-2-1,00:00:00,0.027,0.027,0.022,0.023,105020000,2548000,0,0
2005-2-2,00:00:00,0.022,0.023,0.020,0.022,158370000,3392000,0,0
2005-2-3,00:00:00,0.022,0.023,0.022,0.023,30420000,676000,0,0
2005-2-4,00:00:00,0.024,0.024,0.022,0.023,50630000,1154000,0,0
2005-2-7,00:00:00,0.022,0.024,0.022,0.024,25240000,582000,0,0
2005-2-8,00:00:00,0.024,0.026,0.024,0.026,95280000,2417000,0,0
2005-2-14,00:00:00,0.027,0.027,0.025,0.026,100890000,2634000,0,0
2005-2-15,00:00:00,0.026,0.027,0.024,0.025,66240000,1663000,0,0
2005-2-16,00:00:00,0.025,0.025,0.023,0.023,30290000,718000,0,0
2005-2-17,00:00:00,0.024,0.026,0.024,0.026,66760000,1636000,0,0
2005-2-18,00:00:00,0.026,0.026,0.024,0.024,39251200,980000,0,0
2005-2-21,00:00:00,0.024,0.024,0.023,0.023,37850000,902000,0,0
2005-2-22,00:00:00,0.023,0.023,0.022,0.023,42640000,974000,0,0
2005-2-23,00:00:00,0.022,0.023,0.021,0.023,37080000,821000,0,0
2005-2-24,00:00:00,0.022,0.023,0.022,0.022,10160000,226000,0,0
2005-2-25,00:00:00,0.022,0.023,0.022,0.023,57720000,1317000,0,0
2005-2-28,00:00:00,0.023,0.023,0.022,0.022,44770000,1016000,0,0
2005-3-1,00:00:00,0.023,0.024,0.022,0.024,26330000,598000,0,0
2005-3-2,00:00:00,0.024,0.024,0.022,0.022,28350000,649000,0,0
2005-3-3,00:00:00,0.022,0.023,0.022,0.022,8700000,192000,0,0
2005-3-4,00:00:00,0.022,0.022,0.020,0.020,84400000,1798000,0,0
2005-3-7,00:00:00,0.021,0.022,0.020,0.021,35450000,731000,0,0
2005-3-8,00:00:00,0.021,0.021,0.020,0.021,26770000,559000,0,0
2005-3-9,00:00:00,0.021,0.022,0.021,0.022,20600000,439000,0,0
2005-3-10,00:00:00,0.022,0.022,0.020,0.021,10980000,230000,0,0
2005-3-11,00:00:00,0.021,0.022,0.021,0.021,11270000,239000,0,0
2005-3-14,00:00:00,0.021,0.021,0.021,0.021,12820000,269000,0,0
2005-3-15,00:00:00,0.022,0.022,0.020,0.020,47860000,969000,0,0
2005-3-16,00:00:00,0.020,0.021,0.019,0.020,30850000,612000,0,0
2005-3-17,00:00:00,0.020,0.021,0.020,0.020,17800000,356000,0,0
2005-3-18,00:00:00,0.020,0.021,0.019,0.020,27330000,547000,0,0
2005-3-21,00:00:00,0.020,0.021,0.019,0.020,12860000,257000,0,0
2005-3-22,00:00:00,0.020,0.020,0.018,0.018,32190000,620000,0,0
2005-3-23,00:00:00,0.018,0.019,0.018,0.019,25390000,470000,0,0
2005-3-24,00:00:00,0.018,0.019,0.018,0.019,5920000,109000,0,0
2005-3-29,00:00:00,0.019,0.019,0.017,0.017,40750000,703000,0,0
2005-3-30,00:00:00,0.017,0.018,0.017,0.017,17540000,298000,0,0
2005-3-31,00:00:00,0.018,0.018,0.017,0.017,25310000,439000,0,0
2005-4-1,00:00:00,0.017,0.017,0.016,0.017,34330000,582000,0,0
2005-4-4,00:00:00,0.017,0.017,0.016,0.016,7140000,116000,0,0
2005-4-6,00:00:00,0.016,0.017,0.016,0.017,16390000,278000,0,0
2005-4-7,00:00:00,0.017,0.018,0.016,0.017,13970000,237000,0,0
2005-4-8,00:00:00,0.018,0.020,0.018,0.020,77820000,1510000,0,0
2005-4-11,00:00:00,0.021,0.022,0.020,0.021,84230000,1765000,0,0
2005-4-12,00:00:00,0.021,0.021,0.020,0.020,48130000,987000,0,0
2005-4-13,00:00:00,0.020,0.020,0.019,0.019,7590000,147000,0,0
2005-4-14,00:00:00,0.019,0.020,0.019,0.019,28100000,551000,0,0
2005-4-15,00:00:00,0.019,0.020,0.019,0.020,14310000,275000,0,0
2005-4-18,00:00:00,0.019,0.019,0.018,0.019,19620000,369000,0,0
2005-4-19,00:00:00,0.019,0.020,0.019,0.020,30150000,582000,0,0
2005-4-20,00:00:00,0.018,0.020,0.018,0.019,19860000,378000,0,0
2005-4-21,00:00:00,0.019,0.019,0.018,0.018,19365000,354000,0,0
2005-4-22,00:00:00,0.018,0.019,0.018,0.018,15400000,282000,0,0
2005-4-25,00:00:00,0.019,0.019,0.018,0.018,8180000,151000,0,0
2005-4-26,00:00:00,0.018,0.019,0.018,0.019,37230000,703000,0,0
2005-4-27,00:00:00,0.018,0.019,0.018,0.018,2140000,39000,0,0
2005-4-28,00:00:00,0.018,0.019,0.018,0.019,17990000,337000,0,0
2005-4-29,00:00:00,0.019,0.019,0.018,0.018,8660000,157000,0,0
2005-5-3,00:00:00,0.018,0.019,0.018,0.018,8200000,147000,0,0
2005-5-4,00:00:00,0.017,0.018,0.016,0.016,32280000,558000,0,0
2005-5-5,00:00:00,0.016,0.019,0.014,0.018,121200000,1961000,0,0
2005-5-6,00:00:00,0.018,0.019,0.018,0.018,8150000,148000,0,0
2005-5-9,00:00:00,0.017,0.019,0.017,0.019,28800000,543000,0,0
2005-5-10,00:00:00,0.018,0.019,0.018,0.019,57360000,1057000,0,0
2005-5-11,00:00:00,0.018,0.018,0.017,0.018,38800000,697000,0,0
2005-5-12,00:00:00,0.018,0.018,0.016,0.018,46550000,816000,0,0
2005-5-13,00:00:00,0.018,0.018,0.018,0.018,25600000,460000,0,0
2005-5-17,00:00:00,0.018,0.018,0.017,0.018,17580000,315000,0,0
2005-5-18,00:00:00,0.018,0.018,0.018,0.018,22610000,406000,0,0
2005-5-19,00:00:00,0.018,0.018,0.018,0.018,15830000,284000,0,0
2005-5-20,00:00:00,0.018,0.018,0.018,0.018,38100000,685000,0,0
2005-5-23,00:00:00,0.017,0.018,0.017,0.018,12070000,216000,0,0
2005-5-24,00:00:00,0.018,0.018,0.018,0.018,4400000,79000,0,0
2005-5-25,00:00:00,0.018,0.018,0.017,0.018,22380000,402000,0,0
2005-5-26,00:00:00,0.019,0.019,0.018,0.018,1200000,22000,0,0
2005-5-27,00:00:00,0.019,0.019,0.019,0.019,32010000,608000,0,0
2005-5-30,00:00:00,0.019,0.020,0.019,0.019,6030000,118000,0,0
2005-5-31,00:00:00,0.019,0.019,0.019,0.019,11720000,222000,0,0
2005-6-1,00:00:00,0.019,0.019,0.019,0.019,10280000,195000,0,0
2005-6-2,00:00:00,0.019,0.019,0.019,0.019,2000000,38000,0,0
2005-6-3,00:00:00,0.019,0.019,0.019,0.019,5300000,100000,0,0
2005-6-6,00:00:00,0.019,0.019,0.019,0.019,7300000,138000,0,0
2005-6-7,00:00:00,0.019,0.020,0.019,0.020,4640000,90000,0,0
2005-6-8,00:00:00,0.020,0.020,0.019,0.019,19000000,377000,0,0
2005-6-9,00:00:00,0.019,0.019,0.018,0.018,9570000,180000,0,0
2005-6-10,00:00:00,0.018,0.019,0.018,0.019,2400000,43000,0,0
2005-6-13,00:00:00,0.018,0.020,0.018,0.020,78640000,1432000,0,0
2005-6-14,00:00:00,0.020,0.021,0.019,0.020,42290000,853000,0,0
2005-6-15,00:00:00,0.020,0.020,0.018,0.018,12400000,237000,0,0
2005-6-16,00:00:00,0.019,0.019,0.018,0.018,14320000,261000,0,0
2005-6-17,00:00:00,0.018,0.018,0.018,0.018,4330000,77000,0,0
2005-6-20,00:00:00,0.018,0.019,0.017,0.018,39640000,701000,0,0
2005-6-21,00:00:00,0.018,0.018,0.018,0.018,6000000,107000,0,0
2005-6-22,00:00:00,0.019,0.019,0.018,0.019,25500000,481000,0,0
2005-6-23,00:00:00,0.019,0.019,0.017,0.018,15100000,271000,0,0
2005-6-24,00:00:00,0.018,0.018,0.018,0.018,21320000,383000,0,0
2005-6-27,00:00:00,0.018,0.018,0.018,0.018,3300000,59000,0,0
2005-6-28,00:00:00,0.018,0.018,0.017,0.018,9900000,177000,0,0
2005-6-29,00:00:00,0.018,0.018,0.017,0.018,6430000,112000,0,0
2005-6-30,00:00:00,0.018,0.018,0.018,0.018,10030000,180000,0,0
2005-7-4,00:00:00,0.018,0.019,0.018,0.018,4760000,85000,0,0
2005-7-5,00:00:00,0.018,0.018,0.018,0.018,9150000,164000,0,0
2005-7-6,00:00:00,0.018,0.018,0.018,0.018,3600000,64000,0,0
2005-7-7,00:00:00,0.018,0.018,0.017,0.018,22850000,411000,0,0
2005-7-8,00:00:00,0.017,0.018,0.017,0.018,12490000,219000,0,0
2005-7-11,00:00:00,0.017,0.018,0.017,0.018,9380000,159000,0,0
2005-7-12,00:00:00,0.017,0.017,0.017,0.017,7450000,126000,0,0
2005-7-13,00:00:00,0.016,0.018,0.016,0.018,6120000,105000,0,0
2005-7-14,00:00:00,0.017,0.017,0.017,0.017,4300000,73000,0,0
2005-7-15,00:00:00,0.017,0.018,0.016,0.018,8340000,141000,0,0
2005-7-18,00:00:00,0.017,0.018,0.017,0.017,6000000,103000,0,0
2005-7-20,00:00:00,0.017,0.017,0.017,0.017,2100000,35000,0,0
2005-7-21,00:00:00,0.017,0.017,0.017,0.017,8050000,136000,0,0
2005-7-22,00:00:00,0.017,0.017,0.017,0.017,1000000,17000,0,0
2005-7-25,00:00:00,0.017,0.017,0.017,0.017,12510000,212000,0,0
2005-7-26,00:00:00,0.017,0.017,0.016,0.017,4300000,72000,0,0
2005-7-27,00:00:00,0.017,0.017,0.016,0.017,11420000,192000,0,0
2005-7-28,00:00:00,0.017,0.017,0.016,0.017,4230000,71000,0,0
2005-7-29,00:00:00,0.017,0.017,0.016,0.017,15300000,259000,0,0
2005-8-1,00:00:00,0.017,0.017,0.017,0.017,3250000,55000,0,0
2005-8-2,00:00:00,0.017,0.017,0.017,0.017,7670000,130000,0,0
2005-8-3,00:00:00,0.017,0.017,0.017,0.017,1270000,21000,0,0
2005-8-4,00:00:00,0.018,0.019,0.016,0.018,23020000,412000,0,0
2005-8-5,00:00:00,0.018,0.023,0.018,0.021,176070000,3763000,0,0
2005-8-8,00:00:00,0.021,0.021,0.019,0.020,26270000,527000,0,0
2005-8-9,00:00:00,0.020,0.020,0.017,0.018,41430000,761000,0,0
2005-8-10,00:00:00,0.018,0.020,0.018,0.019,31180000,593000,0,0
2005-8-11,00:00:00,0.019,0.019,0.018,0.019,27880000,528000,0,0
2005-8-12,00:00:00,0.019,0.019,0.018,0.019,8400000,159000,0,0
2005-8-15,00:00:00,0.019,0.020,0.019,0.019,12700000,244000,0,0
2005-8-16,00:00:00,0.020,0.021,0.020,0.021,22030000,441000,0,0
2005-8-17,00:00:00,0.021,0.021,0.020,0.020,13100000,264000,0,0
2005-8-18,00:00:00,0.021,0.021,0.019,0.019,17300000,346000,0,0
2005-8-19,00:00:00,0.019,0.019,0.019,0.019,6680000,126000,0,0
2005-8-22,00:00:00,0.020,0.020,0.019,0.020,21000000,416000,0,0
2005-8-23,00:00:00,0.020,0.022,0.020,0.021,73090000,1569000,0,0
2005-8-24,00:00:00,0.020,0.022,0.020,0.022,82180000,1770000,0,0
2005-8-25,00:00:00,0.022,0.022,0.019,0.020,91670000,1913000,0,0
2005-8-26,00:00:00,0.019,0.020,0.019,0.019,57320000,1089000,0,0
2005-8-29,00:00:00,0.019,0.019,0.019,0.019,10750000,204000,0,0
2005-8-30,00:00:00,0.019,0.020,0.019,0.020,17320000,329000,0,0
2005-8-31,00:00:00,0.020,0.020,0.018,0.018,9490000,180000,0,0
2005-9-1,00:00:00,0.019,0.019,0.018,0.018,64660000,1185000,0,0
2005-9-2,00:00:00,0.019,0.020,0.018,0.020,41030000,779000,0,0
2005-9-5,00:00:00,0.019,0.020,0.019,0.020,139380000,2775000,0,0
2005-9-6,00:00:00,0.020,0.023,0.020,0.022,297209900,6548000,0,0
2005-9-7,00:00:00,0.022,0.022,0.020,0.020,71450000,1479000,0,0
2005-9-8,00:00:00,0.020,0.021,0.020,0.021,17580000,356000,0,0
2005-9-9,00:00:00,0.021,0.021,0.020,0.021,16860000,349000,0,0
2005-9-15,00:00:00,0.021,0.022,0.019,0.019,27300000,533000,0,0
2005-9-16,00:00:00,0.019,0.020,0.019,0.020,15720000,299000,0,0
2005-9-20,00:00:00,0.019,0.019,0.019,0.019,15800000,300000,0,0
2005-9-21,00:00:00,0.020,0.021,0.019,0.020,22310000,437000,0,0
2005-9-22,00:00:00,0.019,0.019,0.018,0.019,24800000,471000,0,0
2005-9-23,00:00:00,0.019,0.020,0.019,0.019,9200000,175000,0,0
2005-9-26,00:00:00,0.019,0.019,0.019,0.019,3300000,62000,0,0
2005-9-27,00:00:00,0.019,0.019,0.019,0.019,6350000,120000,0,0
2005-9-28,00:00:00,0.019,0.019,0.018,0.019,16340000,304000,0,0
2005-9-29,00:00:00,0.019,0.020,0.018,0.018,8670000,163000,0,0
2005-9-30,00:00:00,0.019,0.020,0.019,0.020,6380000,121000,0,0
2005-10-3,00:00:00,0.019,0.019,0.018,0.018,2890000,54000,0,0
2005-10-4,00:00:00,0.018,0.020,0.018,0.019,3600000,68000,0,0
2005-10-5,00:00:00,0.019,0.019,0.018,0.019,10260000,194000,0,0
2005-10-6,00:00:00,0.018,0.019,0.018,0.018,6640000,121000,0,0
2005-10-7,00:00:00,0.018,0.019,0.018,0.018,14600000,262000,0,0
2005-10-10,00:00:00,0.018,0.019,0.018,0.019,22870000,425000,0,0
2005-10-12,00:00:00,0.019,0.019,0.018,0.018,26080000,472000,0,0
2005-10-13,00:00:00,0.018,0.018,0.017,0.018,29180000,524000,0,0
2005-10-14,00:00:00,0.018,0.018,0.017,0.018,8380000,149000,0,0
2005-10-17,00:00:00,0.018,0.018,0.017,0.018,9550000,171000,0,0
2005-10-18,00:00:00,0.018,0.018,0.018,0.018,3000000,53000,0,0
2005-10-19,00:00:00,0.017,0.018,0.017,0.017,34620000,590000,0,0
2005-10-20,00:00:00,0.017,0.018,0.017,0.018,19640000,352000,0,0
2005-10-21,00:00:00,0.017,0.017,0.017,0.017,50430000,857000,0,0
2005-10-24,00:00:00,0.017,0.017,0.016,0.017,31980000,543000,0,0
2005-10-25,00:00:00,0.017,0.017,0.016,0.017,9630000,158000,0,0
2005-10-26,00:00:00,0.016,0.016,0.015,0.016,26300000,417000,0,0
2005-10-27,00:00:00,0.015,0.015,0.015,0.015,20570000,308000,0,0
2005-10-28,00:00:00,0.015,0.015,0.015,0.015,11700000,175000,0,0
2005-10-31,00:00:00,0.016,0.016,0.016,0.016,17000000,272000,0,0
2005-11-1,00:00:00,0.016,0.017,0.016,0.017,10000000,167000,0,0
2005-11-2,00:00:00,0.016,0.017,0.016,0.017,3000000,49000,0,0
2005-11-3,00:00:00,0.018,0.018,0.017,0.018,7800000,137000,0,0
2005-11-4,00:00:00,0.017,0.018,0.017,0.018,1990000,33000,0,0
2005-11-7,00:00:00,0.017,0.019,0.017,0.019,33860000,612000,0,0
2005-11-8,00:00:00,0.019,0.019,0.018,0.019,6690000,125000,0,0
2005-11-9,00:00:00,0.019,0.019,0.018,0.018,3200000,57000,0,0
2005-11-10,00:00:00,0.018,0.018,0.017,0.018,14200000,254000,0,0
2005-11-11,00:00:00,0.018,0.018,0.017,0.017,3950000,67000,0,0
2005-11-14,00:00:00,0.017,0.018,0.017,0.018,7000000,125000,0,0
2005-11-15,00:00:00,0.018,0.018,0.018,0.018,2000000,36000,0,0
2005-11-16,00:00:00,0.019,0.019,0.018,0.018,25040000,463000,0,0
2005-11-17,00:00:00,0.018,0.018,0.018,0.018,2980000,53000,0,0
2005-11-18,00:00:00,0.018,0.018,0.017,0.017,4280000,75000,0,0
2005-11-21,00:00:00,0.018,0.018,0.017,0.017,6320000,113000,0,0
2005-11-22,00:00:00,0.018,0.018,0.017,0.018,7810000,139000,0,0
2005-11-23,00:00:00,0.018,0.018,0.017,0.018,3620000,65000,0,0
2005-11-24,00:00:00,0.017,0.018,0.017,0.018,5390000,96000,0,0
2005-11-25,00:00:00,0.017,0.018,0.017,0.018,27755000,486000,0,0
2005-11-28,00:00:00,0.018,0.018,0.018,0.018,5340000,96000,0,0
2005-11-29,00:00:00,0.018,0.018,0.017,0.018,5300000,95000,0,0
2005-11-30,00:00:00,0.017,0.018,0.017,0.017,8600000,148000,0,0
2005-12-1,00:00:00,0.018,0.019,0.018,0.019,31500000,586000,0,0
2005-12-2,00:00:00,0.020,0.021,0.019,0.019,103760000,2073000,0,0
2005-12-5,00:00:00,0.018,0.019,0.018,0.018,9500000,172000,0,0
2005-12-6,00:00:00,0.018,0.018,0.018,0.018,7100000,127000,0,0
2005-12-7,00:00:00,0.018,0.018,0.017,0.018,8630000,155000,0,0
2005-12-8,00:00:00,0.017,0.018,0.017,0.018,4220000,74000,0,0
2005-12-9,00:00:00,0.018,0.019,0.018,0.019,2480000,46000,0,0
2005-12-12,00:00:00,0.018,0.018,0.018,0.018,5630000,101000,0,0
2005-12-13,00:00:00,0.018,0.018,0.018,0.018,5790000,104000,0,0
2005-12-14,00:00:00,0.018,0.018,0.018,0.018,2210000,39000,0,0
2005-12-15,00:00:00,0.018,0.019,0.018,0.019,3100000,57000,0,0
2005-12-16,00:00:00,0.019,0.019,0.018,0.018,6740000,123000,0,0
2005-12-19,00:00:00,0.019,0.019,0.017,0.017,19860000,357000,0,0
2005-12-20,00:00:00,0.018,0.018,0.018,0.018,5600000,100000,0,0
2005-12-21,00:00:00,0.018,0.018,0.017,0.018,11810000,211000,0,0
2005-12-22,00:00:00,0.018,0.019,0.018,0.019,7000000,126000,0,0
2005-12-23,00:00:00,0.018,0.018,0.018,0.018,510000,9000,0,0
2005-12-28,00:00:00,0.018,0.018,0.018,0.018,2420000,43000,0,0
2005-12-29,00:00:00,0.017,0.018,0.017,0.018,4000000,70000,0,0
2005-12-30,00:00:00,0.017,0.018,0.017,0.018,13520000,230000,0,0
2006-1-3,00:00:00,0.018,0.018,0.017,0.018,15330000,275000,0,0
2006-1-4,00:00:00,0.017,0.019,0.017,0.018,3670000,67000,0,0
2006-1-5,00:00:00,0.018,0.018,0.018,0.018,5000000,89000,0,0
2006-1-6,00:00:00,0.018,0.018,0.017,0.018,15770000,275000,0,0
2006-1-9,00:00:00,0.018,0.018,0.017,0.018,22360000,402000,0,0
2006-1-10,00:00:00,0.019,0.019,0.018,0.019,27280000,509000,0,0
2006-1-11,00:00:00,0.019,0.019,0.018,0.019,5505800,100000,0,0
2006-1-12,00:00:00,0.018,0.019,0.018,0.018,3570000,65000,0,0
2006-1-13,00:00:00,0.018,0.018,0.018,0.018,7220000,129000,0,0
2006-1-16,00:00:00,0.018,0.018,0.018,0.018,12900000,232000,0,0
2006-1-17,00:00:00,0.017,0.018,0.017,0.017,61400000,1058000,0,0
2006-1-18,00:00:00,0.017,0.017,0.017,0.017,13000000,220000,0,0
2006-1-19,00:00:00,0.017,0.018,0.017,0.018,8680000,155000,0,0
2006-1-20,00:00:00,0.018,0.018,0.017,0.018,11700000,204000,0,0
2006-1-23,00:00:00,0.017,0.018,0.017,0.018,6730000,119000,0,0
2006-1-24,00:00:00,0.018,0.018,0.017,0.018,5000000,88000,0,0
2006-1-25,00:00:00,0.017,0.018,0.017,0.018,2500000,43000,0,0
2006-1-26,00:00:00,0.017,0.018,0.017,0.018,7530000,131000,0,0
2006-1-27,00:00:00,0.018,0.018,0.017,0.018,3670000,65000,0,0
2006-2-1,00:00:00,0.017,0.018,0.017,0.018,26800000,458000,0,0
2006-2-2,00:00:00,0.017,0.018,0.016,0.017,31470000,534000,0,0
2006-2-3,00:00:00,0.017,0.018,0.017,0.018,2560000,45000,0,0
2006-2-6,00:00:00,0.017,0.018,0.017,0.018,14030000,239000,0,0
2006-2-7,00:00:00,0.017,0.018,0.016,0.018,6500000,109000,0,0
2006-2-8,00:00:00,0.017,0.018,0.016,0.018,9600000,165000,0,0
2006-2-9,00:00:00,0.018,0.018,0.017,0.017,5130000,87000,0,0
2006-2-10,00:00:00,0.017,0.018,0.017,0.017,4410000,75000,0,0
2006-2-13,00:00:00,0.017,0.018,0.017,0.018,1600000,28000,0,0
2006-2-14,00:00:00,0.017,0.017,0.017,0.017,10620000,180000,0,0
2006-2-15,00:00:00,0.017,0.017,0.016,0.017,16700000,280000,0,0
2006-2-16,00:00:00,0.017,0.017,0.017,0.017,2010000,34000,0,0
2006-2-17,00:00:00,0.017,0.018,0.017,0.018,3070000,52000,0,0
2006-2-20,00:00:00,0.017,0.017,0.016,0.017,16790000,285000,0,0
2006-2-21,00:00:00,0.017,0.017,0.016,0.016,6900000,112000,0,0
2006-2-22,00:00:00,0.017,0.017,0.016,0.017,24500000,411000,0,0
2006-2-23,00:00:00,0.017,0.017,0.016,0.017,13090000,221000,0,0
2006-2-24,00:00:00,0.017,0.017,0.017,0.017,2500000,42000,0,0
2006-2-27,00:00:00,0.016,0.017,0.016,0.017,3700000,62000,0,0
2006-2-28,00:00:00,0.017,0.017,0.017,0.017,12980000,220000,0,0
2006-3-1,00:00:00,0.018,0.018,0.016,0.017,33640000,561000,0,0
2006-3-2,00:00:00,0.017,0.017,0.017,0.017,30510000,518000,0,0
2006-3-3,00:00:00,0.018,0.019,0.017,0.019,128790000,2346000,0,0
2006-3-6,00:00:00,0.019,0.019,0.018,0.018,59600000,1078000,0,0
2006-3-7,00:00:00,0.018,0.018,0.017,0.017,23900000,406000,0,0
2006-3-8,00:00:00,0.017,0.018,0.017,0.017,39830000,684000,0,0
2006-3-9,00:00:00,0.017,0.017,0.017,0.017,6820000,115000,0,0
2006-3-10,00:00:00,0.017,0.017,0.016,0.017,5980000,101000,0,0
2006-3-13,00:00:00,0.017,0.017,0.017,0.017,4100000,69000,0,0
2006-3-14,00:00:00,0.017,0.017,0.017,0.017,3000000,50000,0,0
2006-3-15,00:00:00,0.017,0.017,0.017,0.017,4820000,81000,0,0
2006-3-16,00:00:00,0.018,0.018,0.017,0.018,15200000,261000,0,0
2006-3-17,00:00:00,0.017,0.017,0.017,0.017,7300000,124000,0,0
2006-3-20,00:00:00,0.017,0.018,0.017,0.018,3030000,52000,0,0
2006-3-21,00:00:00,0.018,0.018,0.017,0.017,10270000,175000,0,0
2006-3-22,00:00:00,0.017,0.018,0.016,0.016,6575000,112000,0,0
2006-3-23,00:00:00,0.017,0.018,0.016,0.018,11760000,201000,0,0
2006-3-24,00:00:00,0.018,0.018,0.017,0.017,12950000,221000,0,0
2006-3-27,00:00:00,0.017,0.019,0.017,0.018,76550000,1372000,0,0
2006-3-28,00:00:00,0.020,0.022,0.019,0.021,362790000,7563000,0,0
2006-3-29,00:00:00,0.021,0.021,0.019,0.019,76630000,1526000,0,0
2006-3-30,00:00:00,0.019,0.020,0.018,0.019,39340000,747000,0,0
2006-3-31,00:00:00,0.019,0.019,0.018,0.019,39490000,716000,0,0
2006-4-3,00:00:00,0.017,0.019,0.017,0.018,56800000,1013000,0,0
2006-4-4,00:00:00,0.019,0.019,0.017,0.018,21400000,378000,0,0
2006-4-6,00:00:00,0.017,0.019,0.017,0.019,53580000,966000,0,0
2006-4-7,00:00:00,0.018,0.019,0.018,0.018,34510000,628000,0,0
2006-4-10,00:00:00,0.018,0.019,0.018,0.019,15750000,292000,0,0
2006-4-11,00:00:00,0.019,0.021,0.018,0.021,111850000,2225000,0,0
2006-4-12,00:00:00,0.022,0.025,0.021,0.025,353700000,7996000,0,0
2006-4-13,00:00:00,0.025,0.026,0.022,0.023,219710000,5259000,0,0
2006-4-18,00:00:00,0.023,0.024,0.022,0.023,100190000,2332000,0,0
2006-4-19,00:00:00,0.023,0.023,0.021,0.021,85340000,1826000,0,0
2006-4-20,00:00:00,0.021,0.021,0.020,0.021,25760000,527000,0,0
2006-4-21,00:00:00,0.021,0.022,0.021,0.022,37150000,789000,0,0
2006-4-24,00:00:00,0.022,0.022,0.020,0.021,39920000,835000,0,0
2006-4-25,00:00:00,0.021,0.021,0.018,0.018,84380000,1640000,0,0
2006-4-26,00:00:00,0.018,0.020,0.018,0.019,57360000,1071000,0,0
2006-4-27,00:00:00,0.019,0.020,0.019,0.019,8810000,170000,0,0
2006-4-28,00:00:00,0.018,0.019,0.018,0.019,8020000,151000,0,0
2006-5-2,00:00:00,0.019,0.020,0.019,0.019,4550000,87000,0,0
2006-5-3,00:00:00,0.020,0.021,0.019,0.020,39360000,795000,0,0
2006-5-4,00:00:00,0.020,0.022,0.020,0.022,46940000,974000,0,0
2006-5-8,00:00:00,0.021,0.022,0.020,0.021,40330000,852000,0,0
2006-5-9,00:00:00,0.021,0.021,0.020,0.020,5570000,114000,0,0
2006-5-10,00:00:00,0.020,0.020,0.019,0.019,30810000,613000,0,0
2006-5-11,00:00:00,0.019,0.021,0.019,0.020,25880000,523000,0,0
2006-5-12,00:00:00,0.020,0.021,0.020,0.020,10420000,208000,0,0
2006-5-15,00:00:00,0.020,0.020,0.019,0.019,12360000,245000,0,0
2006-5-16,00:00:00,0.019,0.019,0.019,0.019,9790000,186000,0,0
2006-5-17,00:00:00,0.019,0.019,0.019,0.019,7880000,149000,0,0
2006-5-18,00:00:00,0.019,0.019,0.018,0.019,20630000,391000,0,0
2006-5-19,00:00:00,0.019,0.020,0.019,0.020,2660000,51000,0,0
2006-5-22,00:00:00,0.019,0.019,0.018,0.018,15500000,290000,0,0
2006-5-23,00:00:00,0.018,0.019,0.017,0.018,32070000,579000,0,0
2006-5-24,00:00:00,0.019,0.019,0.018,0.018,3400000,62000,0,0
2006-5-25,00:00:00,0.018,0.018,0.017,0.018,7430000,131000,0,0
2006-5-26,00:00:00,0.018,0.018,0.018,0.018,5730000,103000,0,0
2006-5-29,00:00:00,0.018,0.018,0.018,0.018,2500000,44000,0,0
2006-5-30,00:00:00,0.018,0.018,0.017,0.018,16000000,287000,0,0
2006-6-1,00:00:00,0.018,0.018,0.017,0.018,14610000,262000,0,0
2006-6-2,00:00:00,0.018,0.018,0.017,0.018,10320000,183000,0,0
2006-6-5,00:00:00,0.019,0.019,0.018,0.019,13820000,252000,0,0
2006-6-6,00:00:00,0.018,0.018,0.018,0.018,4000000,72000,0,0
2006-6-7,00:00:00,0.018,0.018,0.017,0.017,4300000,76000,0,0
2006-6-8,00:00:00,0.017,0.017,0.017,0.017,11970000,203000,0,0
2006-6-9,00:00:00,0.017,0.018,0.016,0.017,38010000,646000,0,0
2006-6-12,00:00:00,0.017,0.017,0.016,0.017,32410000,549000,0,0
2006-6-13,00:00:00,0.016,0.017,0.016,0.016,4200000,68000,0,0
2006-6-14,00:00:00,0.017,0.017,0.016,0.016,5590000,93000,0,0
2006-6-15,00:00:00,0.017,0.017,0.016,0.016,7500000,126000,0,0
2006-6-16,00:00:00,0.017,0.018,0.017,0.018,5700000,98000,0,0
2006-6-19,00:00:00,0.018,0.018,0.017,0.017,10400000,183000,0,0
2006-6-20,00:00:00,0.017,0.018,0.017,0.017,13920000,239000,0,0
2006-6-22,00:00:00,0.016,0.017,0.016,0.017,10910000,181000,0,0
2006-6-23,00:00:00,0.017,0.017,0.016,0.017,10300000,172000,0,0
2006-6-26,00:00:00,0.016,0.018,0.016,0.018,9400000,168000,0,0
2006-6-28,00:00:00,0.017,0.018,0.017,0.018,6420000,110000,0,0
2006-6-29,00:00:00,0.017,0.018,0.017,0.017,7720000,132000,0,0
2006-6-30,00:00:00,0.017,0.018,0.017,0.018,6900000,122000,0,0
2006-7-3,00:00:00,0.017,0.017,0.017,0.017,6000000,101000,0,0
2006-7-4,00:00:00,0.017,0.017,0.016,0.017,10100000,171000,0,0
2006-7-5,00:00:00,0.017,0.017,0.017,0.017,2000000,34000,0,0
2006-7-6,00:00:00,0.016,0.017,0.016,0.016,3400000,57000,0,0
2006-7-7,00:00:00,0.017,0.017,0.017,0.017,1000000,17000,0,0
2006-7-10,00:00:00,0.016,0.017,0.016,0.017,4490000,74000,0,0
2006-7-11,00:00:00,0.016,0.016,0.016,0.016,4700000,75000,0,0
2006-7-12,00:00:00,0.017,0.017,0.016,0.016,24650000,395000,0,0
2006-7-14,00:00:00,0.016,0.016,0.016,0.016,16750000,268000,0,0
2006-7-17,00:00:00,0.016,0.016,0.016,0.016,10190000,163000,0,0
2006-7-18,00:00:00,0.016,0.017,0.016,0.017,9010000,149000,0,0
2006-7-19,00:00:00,0.017,0.017,0.016,0.016,4700000,77000,0,0
2006-7-20,00:00:00,0.017,0.017,0.016,0.016,1800000,29000,0,0
2006-7-21,00:00:00,0.016,0.017,0.016,0.016,6100000,102000,0,0
2006-7-24,00:00:00,0.016,0.017,0.016,0.017,3330000,53000,0,0
2006-7-25,00:00:00,0.016,0.017,0.016,0.017,8020000,129000,0,0
2006-7-26,00:00:00,0.016,0.016,0.016,0.016,5000000,80000,0,0
2006-7-27,00:00:00,0.016,0.016,0.016,0.016,7200000,115000,0,0
2006-7-28,00:00:00,0.016,0.016,0.016,0.016,15090000,241000,0,0
2006-7-31,00:00:00,0.016,0.016,0.015,0.016,12500000,198000,0,0
2006-8-1,00:00:00,0.016,0.016,0.016,0.016,3300000,52000,0,0
2006-8-2,00:00:00,0.016,0.016,0.016,0.016,7500000,119000,0,0
2006-8-3,00:00:00,0.016,0.016,0.015,0.015,1400000,22000,0,0
2006-8-4,00:00:00,0.016,0.016,0.015,0.016,4200000,66000,0,0
2006-8-7,00:00:00,0.016,0.016,0.016,0.016,1200000,19000,0,0
2006-8-8,00:00:00,0.015,0.016,0.015,0.015,6700000,103000,0,0
2006-8-9,00:00:00,0.016,0.016,0.015,0.016,3220000,51000,0,0
2006-8-10,00:00:00,0.015,0.016,0.015,0.016,12880000,203000,0,0
2006-8-11,00:00:00,0.016,0.016,0.016,0.016,6000000,95000,0,0
2006-8-14,00:00:00,0.015,0.016,0.015,0.016,5600000,84000,0,0
2006-8-15,00:00:00,0.016,0.016,0.016,0.016,11400000,182000,0,0
2006-8-16,00:00:00,0.016,0.016,0.015,0.016,27000000,431000,0,0
2006-8-17,00:00:00,0.016,0.017,0.016,0.017,3450000,55000,0,0
2006-8-18,00:00:00,0.016,0.016,0.016,0.016,3400000,54000,0,0
2006-8-21,00:00:00,0.015,0.016,0.015,0.016,15040000,234000,0,0
2006-8-22,00:00:00,0.015,0.016,0.015,0.016,6500000,103000,0,0
2006-8-23,00:00:00,0.015,0.016,0.015,0.016,3100000,49000,0,0
2006-8-24,00:00:00,0.015,0.016,0.015,0.016,9070000,140000,0,0
2006-8-25,00:00:00,0.016,0.016,0.015,0.015,12890000,204000,0,0
2006-8-28,00:00:00,0.015,0.016,0.015,0.016,5760000,88000,0,0
2006-8-29,00:00:00,0.015,0.015,0.015,0.015,1300000,19000,0,0
2006-8-30,00:00:00,0.015,0.016,0.015,0.016,22140000,335000,0,0
2006-8-31,00:00:00,0.015,0.015,0.015,0.015,1300000,19000,0,0
2006-9-1,00:00:00,0.016,0.016,0.016,0.016,5000000,80000,0,0
2006-9-4,00:00:00,0.015,0.015,0.015,0.015,20000,0,0,0
2006-9-5,00:00:00,0.016,0.016,0.015,0.015,6000000,90000,0,0
2006-9-6,00:00:00,0.015,0.016,0.014,0.016,40370000,607000,0,0
2006-9-7,00:00:00,0.016,0.016,0.015,0.015,3220000,51000,0,0
2006-9-8,00:00:00,0.016,0.016,0.015,0.016,6000000,92000,0,0
2006-9-11,00:00:00,0.016,0.016,0.015,0.016,3230000,50000,0,0
2006-9-12,00:00:00,0.015,0.016,0.015,0.015,6410000,99000,0,0
2006-9-13,00:00:00,0.016,0.016,0.016,0.016,2000000,31000,0,0
2006-9-14,00:00:00,0.016,0.016,0.015,0.016,4990000,75000,0,0
2006-9-15,00:00:00,0.016,0.016,0.015,0.015,4300000,66000,0,0
2006-9-18,00:00:00,0.015,0.016,0.015,0.016,6900000,103000,0,0
2006-9-19,00:00:00,0.016,0.016,0.015,0.016,6000000,91000,0,0
2006-9-20,00:00:00,0.016,0.019,0.016,0.018,120390000,2100000,0,0
2006-9-21,00:00:00,0.019,0.019,0.017,0.017,37610000,669000,0,0
2006-9-22,00:00:00,0.017,0.017,0.016,0.016,15690000,266000,0,0
2006-9-25,00:00:00,0.016,0.018,0.016,0.017,40150000,682000,0,0
2006-9-26,00:00:00,0.018,0.018,0.017,0.017,15300000,263000,0,0
2006-9-27,00:00:00,0.016,0.017,0.016,0.017,2500000,41000,0,0
2006-9-28,00:00:00,0.017,0.017,0.017,0.017,4600000,78000,0,0
2006-10-3,00:00:00,0.016,0.016,0.016,0.016,5150000,82000,0,0
2006-10-4,00:00:00,0.016,0.016,0.016,0.016,12200000,195000,0,0
2006-10-5,00:00:00,0.016,0.016,0.016,0.016,5200000,83000,0,0
2006-10-6,00:00:00,0.016,0.019,0.016,0.018,86040000,1500000,0,0
2006-10-9,00:00:00,0.019,0.019,0.017,0.017,15800000,274000,0,0
2006-10-10,00:00:00,0.017,0.018,0.017,0.017,12850000,220000,0,0
2006-10-11,00:00:00,0.017,0.018,0.016,0.017,15160000,258000,0,0
2006-10-12,00:00:00,0.017,0.019,0.016,0.018,50520000,910000,0,0
2006-10-13,00:00:00,0.019,0.019,0.017,0.018,19640000,353000,0,0
2006-10-16,00:00:00,0.018,0.019,0.018,0.018,18190000,327000,0,0
2006-10-17,00:00:00,0.018,0.018,0.018,0.018,7000000,125000,0,0
2006-10-18,00:00:00,0.017,0.018,0.017,0.018,9400000,169000,0,0
2006-10-19,00:00:00,0.018,0.018,0.018,0.018,5120000,92000,0,0
2006-10-20,00:00:00,0.018,0.018,0.017,0.018,14140000,251000,0,0
2006-10-23,00:00:00,0.019,0.021,0.019,0.020,169590000,3370000,0,0
2006-10-24,00:00:00,0.020,0.020,0.018,0.019,33870000,651000,0,0
2006-10-25,00:00:00,0.020,0.020,0.018,0.018,46450000,883000,0,0
2006-10-26,00:00:00,0.019,0.020,0.018,0.019,21530000,403000,0,0
2006-10-27,00:00:00,0.019,0.019,0.018,0.018,6040000,110000,0,0
2006-10-31,00:00:00,0.018,0.018,0.017,0.018,15980000,287000,0,0
2006-11-1,00:00:00,0.019,0.019,0.018,0.018,11480000,212000,0,0
2006-11-2,00:00:00,0.018,0.018,0.017,0.017,37640000,666000,0,0
2006-11-3,00:00:00,0.017,0.018,0.017,0.018,63700000,1127000,0,0
2006-11-6,00:00:00,0.018,0.018,0.017,0.017,8950000,159000,0,0
2006-11-7,00:00:00,0.018,0.018,0.016,0.017,67290000,1144000,0,0
2006-11-8,00:00:00,0.017,0.018,0.016,0.017,26630000,452000,0,0
2006-11-9,00:00:00,0.017,0.017,0.017,0.017,14000000,237000,0,0
2006-11-10,00:00:00,0.017,0.018,0.016,0.018,30190000,514000,0,0
2006-11-13,00:00:00,0.018,0.019,0.017,0.019,116890000,2100000,0,0
2006-11-14,00:00:00,0.019,0.020,0.018,0.020,118600000,2259000,0,0
2006-11-15,00:00:00,0.020,0.022,0.019,0.022,229300000,4660000,0,0
2006-11-16,00:00:00,0.022,0.022,0.019,0.021,92680000,1895000,0,0
2006-11-17,00:00:00,0.020,0.021,0.019,0.020,46920000,933000,0,0
2006-11-20,00:00:00,0.019,0.019,0.018,0.019,27830000,528000,0,0
2006-11-21,00:00:00,0.019,0.020,0.019,0.019,7420000,141000,0,0
2006-11-22,00:00:00,0.019,0.021,0.019,0.020,37640000,750000,0,0
2006-11-23,00:00:00,0.020,0.021,0.019,0.020,44540000,894000,0,0
2006-11-24,00:00:00,0.020,0.021,0.019,0.020,31800000,635000,0,0
2006-11-27,00:00:00,0.020,0.022,0.020,0.020,123530000,2588000,0,0
2006-11-28,00:00:00,0.020,0.020,0.019,0.020,40940000,813000,0,0
2006-11-29,00:00:00,0.020,0.020,0.019,0.019,30400000,583000,0,0
2006-11-30,00:00:00,0.019,0.020,0.019,0.019,9960000,190000,0,0
2006-12-1,00:00:00,0.019,0.020,0.019,0.019,11120000,213000,0,0
2006-12-4,00:00:00,0.019,0.020,0.019,0.019,15700000,299000,0,0
2006-12-5,00:00:00,0.019,0.019,0.019,0.019,17800000,338000,0,0
2006-12-6,00:00:00,0.019,0.019,0.019,0.019,12500000,237000,0,0
2006-12-7,00:00:00,0.019,0.019,0.019,0.019,16200000,307000,0,0
2006-12-8,00:00:00,0.019,0.019,0.018,0.019,1600000,30000,0,0
2006-12-11,00:00:00,0.019,0.019,0.018,0.019,2360000,44000,0,0
2006-12-12,00:00:00,0.018,0.019,0.018,0.019,7410000,136000,0,0
2006-12-13,00:00:00,0.019,0.020,0.018,0.019,22650000,429000,0,0
2006-12-14,00:00:00,0.019,0.020,0.019,0.019,14330000,282000,0,0
2006-12-15,00:00:00,0.020,0.020,0.018,0.019,27000000,515000,0,0
2006-12-18,00:00:00,0.019,0.019,0.018,0.018,15200000,281000,0,0
2006-12-19,00:00:00,0.018,0.019,0.018,0.019,6400000,115000,0,0
2006-12-20,00:00:00,0.019,0.019,0.018,0.019,12230000,229000,0,0
2006-12-21,00:00:00,0.018,0.019,0.018,0.019,11350000,205000,0,0
2006-12-22,00:00:00,0.018,0.019,0.018,0.018,2620000,48000,0,0
2006-12-27,00:00:00,0.018,0.019,0.017,0.017,79940000,1438000,0,0
2006-12-28,00:00:00,0.018,0.019,0.018,0.018,15000000,270000,0,0
2006-12-29,00:00:00,0.018,0.019,0.018,0.019,14370000,259000,0,0
2007-1-2,00:00:00,0.018,0.018,0.017,0.017,24300000,428000,0,0
2007-1-3,00:00:00,0.018,0.019,0.017,0.018,99260000,1802000,0,0
2007-1-4,00:00:00,0.019,0.019,0.017,0.018,27620000,498000,0,0
2007-1-5,00:00:00,0.018,0.019,0.017,0.018,17590000,316000,0,0
2007-1-8,00:00:00,0.017,0.018,0.017,0.018,8230000,142000,0,0
2007-1-9,00:00:00,0.018,0.020,0.018,0.018,45370000,866000,0,0
2007-1-10,00:00:00,0.019,0.019,0.018,0.019,33470000,622000,0,0
2007-1-11,00:00:00,0.019,0.021,0.019,0.020,62660000,1241000,0,0
2007-1-12,00:00:00,0.020,0.020,0.018,0.019,52960000,1019000,0,0
2007-1-15,00:00:00,0.019,0.020,0.019,0.019,32050000,609000,0,0
2007-1-16,00:00:00,0.020,0.022,0.019,0.022,272529900,5644000,0,0
2007-2-12,00:00:00,0.031,0.051,0.027,0.049,3778500000,153117000,0,0
2007-2-13,00:00:00,0.056,0.057,0.037,0.040,2712073904,121616000,0,0
2007-2-14,00:00:00,0.045,0.054,0.041,0.052,3712090096,178723000,0,0
2007-2-15,00:00:00,0.054,0.089,0.050,0.074,12562644992,909836000,0,0
2007-2-16,00:00:00,0.074,0.079,0.063,0.073,4042249904,292448000,0,0
2007-2-21,00:00:00,0.073,0.077,0.066,0.070,1121139904,81877000,0,0
2007-2-22,00:00:00,0.071,0.078,0.070,0.074,1353900000,101110000,0,0
2007-2-23,00:00:00,0.075,0.076,0.071,0.073,657800000,48539000,0,0
2007-2-26,00:00:00,0.073,0.073,0.069,0.070,650300000,46006000,0,0
2007-2-27,00:00:00,0.070,0.083,0.070,0.079,3291739904,260807000,0,0
2007-2-28,00:00:00,0.070,0.078,0.068,0.077,1299789904,94227000,0,0
2007-3-1,00:00:00,0.080,0.090,0.079,0.084,2638309808,226165000,0,0
2007-3-2,00:00:00,0.089,0.090,0.066,0.074,1732120000,137092000,0,0
2007-3-5,00:00:00,0.066,0.073,0.053,0.055,1155760000,73461000,0,0
2007-3-6,00:00:00,0.060,0.064,0.058,0.062,911062704,55653000,0,0
2007-3-7,00:00:00,0.063,0.069,0.063,0.064,932230000,61805000,0,0
2007-3-8,00:00:00,0.064,0.068,0.064,0.064,287980000,18804000,0,0
2007-3-9,00:00:00,0.066,0.067,0.062,0.062,335830000,21611000,0,0
2007-3-12,00:00:00,0.064,0.065,0.061,0.063,202330000,12730000,0,0
2007-3-13,00:00:00,0.063,0.073,0.062,0.070,1409288896,96149000,0,0
2007-3-14,00:00:00,0.064,0.067,0.063,0.065,983169904,63638000,0,0
2007-3-15,00:00:00,0.067,0.069,0.066,0.066,492380000,33169000,0,0
2007-3-16,00:00:00,0.066,0.071,0.066,0.067,719569904,49513000,0,0
2007-3-19,00:00:00,0.068,0.068,0.064,0.065,245050000,16088000,0,0
2007-3-20,00:00:00,0.067,0.069,0.064,0.064,429760000,28640000,0,0
2007-3-21,00:00:00,0.065,0.069,0.064,0.067,425120000,28456000,0,0
2007-3-22,00:00:00,0.068,0.074,0.066,0.073,790260896,55199000,0,0
2007-3-23,00:00:00,0.075,0.078,0.069,0.070,775379904,57103000,0,0
2007-3-26,00:00:00,0.071,0.073,0.069,0.070,255940000,18183000,0,0
2007-3-27,00:00:00,0.071,0.072,0.069,0.069,258190000,18172000,0,0
2007-3-28,00:00:00,0.070,0.071,0.065,0.067,295489900,20024000,0,0
2007-3-29,00:00:00,0.067,0.072,0.067,0.069,300345900,20797000,0,0
2007-3-30,00:00:00,0.069,0.071,0.068,0.069,310180000,21633000,0,0
2007-4-2,00:00:00,0.069,0.076,0.066,0.070,1117293904,79687000,0,0
2007-4-3,00:00:00,0.071,0.071,0.067,0.068,238430000,16292000,0,0
2007-4-4,00:00:00,0.069,0.070,0.067,0.068,139180000,9500000,0,0
2007-4-10,00:00:00,0.070,0.071,0.068,0.069,169520000,11795000,0,0
2007-4-11,00:00:00,0.070,0.073,0.068,0.071,624240000,44402000,0,0
2007-4-12,00:00:00,0.071,0.073,0.070,0.071,332380000,23788000,0,0
2007-4-13,00:00:00,0.072,0.072,0.069,0.070,223590000,15722000,0,0
2007-4-16,00:00:00,0.071,0.074,0.069,0.072,689580000,49746000,0,0
2007-4-17,00:00:00,0.073,0.076,0.070,0.071,695529904,50832000,0,0
2007-4-18,00:00:00,0.072,0.096,0.072,0.086,5944609696,513464000,0,0
2007-4-19,00:00:00,0.088,0.088,0.076,0.078,1764080000,140808000,0,0
2007-4-20,00:00:00,0.081,0.085,0.078,0.079,1142249904,92657000,0,0
2007-4-23,00:00:00,0.081,0.082,0.075,0.075,497100000,38550000,0,0
2007-4-24,00:00:00,0.075,0.076,0.071,0.074,443400000,32712000,0,0
2007-4-25,00:00:00,0.074,0.076,0.066,0.070,618080000,43356000,0,0
2007-4-26,00:00:00,0.072,0.072,0.069,0.071,300095000,21228000,0,0
2007-4-27,00:00:00,0.073,0.079,0.073,0.076,770089904,59224000,0,0
2007-4-30,00:00:00,0.079,0.082,0.076,0.078,429289900,33707000,0,0
2007-5-2,00:00:00,0.078,0.079,0.075,0.077,237090000,18249000,0,0
2007-5-3,00:00:00,0.078,0.078,0.074,0.075,144680000,10989000,0,0
2007-5-4,00:00:00,0.075,0.076,0.073,0.075,220390000,16492000,0,0
2007-5-7,00:00:00,0.076,0.077,0.075,0.075,190840000,14478000,0,0
2007-5-8,00:00:00,0.075,0.076,0.073,0.074,96400000,7134000,0,0
2007-5-11,00:00:00,0.079,0.084,0.076,0.077,670979904,53181000,0,0
2007-5-14,00:00:00,0.079,0.080,0.075,0.075,217020000,16617000,0,0
2007-5-15,00:00:00,0.076,0.076,0.074,0.076,218060000,16421000,0,0
2007-5-16,00:00:00,0.077,0.078,0.074,0.075,201890000,15298000,0,0
2007-5-17,00:00:00,0.076,0.079,0.075,0.077,474860000,36655000,0,0
2007-5-18,00:00:00,0.078,0.084,0.078,0.078,1253350000,101022000,0,0
2007-5-21,00:00:00,0.079,0.081,0.077,0.078,327840000,25813000,0,0
2007-5-22,00:00:00,0.080,0.080,0.075,0.079,464680000,36278000,0,0
2007-5-23,00:00:00,0.080,0.081,0.077,0.078,260564900,20539000,0,0
2007-5-25,00:00:00,0.078,0.080,0.076,0.080,336000000,26213000,0,0
2007-5-28,00:00:00,0.081,0.093,0.079,0.092,2462899904,214436000,0,0
2007-5-29,00:00:00,0.094,0.096,0.081,0.084,2068249904,179240000,0,0
2007-5-30,00:00:00,0.083,0.087,0.075,0.079,724604896,58594000,0,0
2007-5-31,00:00:00,0.790,0.790,0.700,0.750,36921000,27032000,0,0
2007-6-1,00:00:00,0.760,0.780,0.750,0.760,25428000,19212000,0,0
2007-6-4,00:00:00,0.770,0.790,0.730,0.770,42699000,32296000,0,0
2007-6-5,00:00:00,0.660,0.660,0.570,0.610,43171000,26343000,0,0
2007-6-6,00:00:00,0.610,0.610,0.580,0.600,11871000,7034000,0,0
2007-6-7,00:00:00,0.590,0.590,0.570,0.590,13534000,7832000,0,0
2007-6-8,00:00:00,0.590,0.590,0.570,0.580,8660000,5013000,0,0
2007-6-11,00:00:00,0.580,0.580,0.550,0.570,19025000,10634000,0,0
2007-6-12,00:00:00,0.570,0.580,0.530,0.570,20173000,11111000,0,0
2007-6-13,00:00:00,0.580,0.660,0.580,0.650,51098000,32420000,0,0
2007-6-14,00:00:00,0.670,0.690,0.600,0.610,26140000,16678000,0,0
2007-6-15,00:00:00,0.610,0.630,0.580,0.600,10399000,6268000,0,0
2007-6-18,00:00:00,0.580,0.580,0.530,0.550,13965000,7618000,0,0
2007-6-20,00:00:00,0.540,0.590,0.530,0.580,10381000,5918000,0,0
2007-6-21,00:00:00,0.580,0.590,0.550,0.550,9209500,5133000,0,0
2007-6-22,00:00:00,0.560,0.580,0.550,0.570,10892000,6147000,0,0
2007-6-25,00:00:00,0.570,0.580,0.540,0.550,7954000,4443000,0,0
2007-6-26,00:00:00,0.550,0.560,0.540,0.560,4800000,2637000,0,0
2007-6-27,00:00:00,0.560,0.560,0.530,0.540,7866000,4277000,0,0
2007-6-28,00:00:00,0.540,0.570,0.520,0.540,7848000,4187000,0,0
2007-6-29,00:00:00,0.530,0.530,0.500,0.510,17416700,8831000,0,0
2007-7-3,00:00:00,0.530,0.540,0.500,0.520,7700000,3971000,0,0
2007-7-4,00:00:00,0.510,0.520,0.470,0.495,15512000,7648000,0,0
2007-7-5,00:00:00,0.500,0.540,0.485,0.510,11378000,5667000,0,0
2007-7-6,00:00:00,0.520,0.580,0.520,0.550,26990000,14421000,0,0
2007-7-9,00:00:00,0.550,0.570,0.540,0.570,17446000,9718000,0,0
2007-7-10,00:00:00,0.560,0.570,0.520,0.530,22160000,11992000,0,0
2007-7-11,00:00:00,0.520,0.540,0.500,0.530,19066000,9950000,0,0
2007-7-12,00:00:00,0.540,0.560,0.510,0.530,24652000,13221000,0,0
2007-7-13,00:00:00,0.550,0.560,0.530,0.540,26355000,14469000,0,0
2007-7-16,00:00:00,0.550,0.560,0.540,0.550,23043500,12749000,0,0
2007-7-17,00:00:00,0.560,0.700,0.550,0.690,182272200,118175000,0,0
2007-7-18,00:00:00,0.670,0.720,0.600,0.610,184727000,121587000,0,0
2007-7-19,00:00:00,0.620,0.640,0.600,0.610,35368000,21891000,0,0
2007-7-20,00:00:00,0.620,0.640,0.610,0.620,29202000,18187000,0,0
2007-7-23,00:00:00,0.620,0.670,0.620,0.640,50709000,32870000,0,0
2007-7-26,00:00:00,0.670,0.670,0.560,0.570,387175400,224830000,0,0
2007-7-27,00:00:00,0.540,0.590,0.530,0.550,84556000,47544000,0,0
2007-7-30,00:00:00,0.550,0.580,0.550,0.570,20401000,11556000,0,0
2007-7-31,00:00:00,0.570,0.590,0.570,0.590,22244500,12868000,0,0
2007-8-1,00:00:00,0.590,0.590,0.530,0.540,50586500,27787000,0,0
2007-8-2,00:00:00,0.560,0.570,0.495,0.520,32080500,16661000,0,0
2007-8-3,00:00:00,0.540,0.570,0.540,0.550,32460500,18036000,0,0
2007-8-6,00:00:00,0.520,0.550,0.495,0.530,35914500,18436000,0,0
2007-8-7,00:00:00,0.550,0.560,0.495,0.495,47836000,25001000,0,0
2007-8-8,00:00:00,0.520,0.520,0.455,0.475,26599500,12858000,0,0
2007-8-9,00:00:00,0.495,0.500,0.475,0.480,26362500,12779000,0,0
2007-8-10,00:00:00,0.440,0.455,0.430,0.440,11312000,5009000,0,0
2007-8-13,00:00:00,0.450,0.460,0.440,0.440,14907500,6625000,0,0
2007-8-14,00:00:00,0.445,0.460,0.445,0.445,10703000,4859000,0,0
2007-8-15,00:00:00,0.450,0.450,0.430,0.435,12085500,5286000,0,0
2007-8-16,00:00:00,0.430,0.430,0.360,0.375,18228500,7163000,0,0
2007-8-17,00:00:00,0.355,0.355,0.300,0.315,35791000,11251000,0,0
2007-8-20,00:00:00,0.330,0.355,0.320,0.330,25750000,8718000,0,0
2007-8-21,00:00:00,0.330,0.360,0.330,0.345,15230000,5325000,0,0
2007-8-22,00:00:00,0.340,0.440,0.340,0.400,40363000,16253000,0,0
2007-8-23,00:00:00,0.410,0.430,0.405,0.415,15739000,6498000,0,0
2007-8-24,00:00:00,0.405,0.435,0.400,0.430,14647500,6088000,0,0
2007-8-27,00:00:00,0.460,0.465,0.440,0.460,21421000,9759000,0,0
2007-8-28,00:00:00,0.460,0.460,0.425,0.430,10883500,4727000,0,0
2007-8-29,00:00:00,0.400,0.410,0.380,0.405,9527500,3757000,0,0
2007-8-30,00:00:00,0.420,0.420,0.375,0.385,15738500,6228000,0,0
2007-8-31,00:00:00,0.390,0.405,0.370,0.375,14773400,5792000,0,0
2007-9-3,00:00:00,0.380,0.395,0.380,0.395,9237000,3586000,0,0
2007-9-4,00:00:00,0.395,0.395,0.380,0.380,3761000,1443000,0,0
2007-9-5,00:00:00,0.385,0.390,0.365,0.375,2942500,1102000,0,0
2007-9-6,00:00:00,0.370,0.375,0.360,0.375,4948000,1818000,0,0
2007-9-7,00:00:00,0.370,0.380,0.370,0.375,3617000,1354000,0,0
2007-9-10,00:00:00,0.370,0.370,0.355,0.370,7306000,2646000,0,0
2007-9-11,00:00:00,0.375,0.380,0.365,0.370,5470000,2034000,0,0
2007-9-12,00:00:00,0.370,0.375,0.365,0.370,4519500,1664000,0,0
2007-9-13,00:00:00,0.360,0.365,0.340,0.350,16475000,5780000,0,0
2007-9-14,00:00:00,0.350,0.355,0.335,0.335,11762500,3993000,0,0
2007-9-17,00:00:00,0.335,0.350,0.330,0.345,11131000,3816000,0,0
2007-9-18,00:00:00,0.350,0.360,0.345,0.355,6278000,2199000,0,0
2007-9-19,00:00:00,0.370,0.395,0.370,0.370,13615000,5150000,0,0
2007-9-20,00:00:00,0.370,0.370,0.360,0.365,4747500,1732000,0,0
2007-9-21,00:00:00,0.350,0.370,0.350,0.360,5757000,2059000,0,0
2007-9-24,00:00:00,0.350,0.375,0.340,0.340,11591000,4077000,0,0
2007-9-25,00:00:00,0.345,0.350,0.320,0.330,8074000,2692000,0,0
2007-9-27,00:00:00,0.355,0.355,0.325,0.330,8657000,2884000,0,0
2007-9-28,00:00:00,0.320,0.340,0.315,0.335,19350000,6410000,0,0
2007-10-2,00:00:00,0.335,0.340,0.310,0.340,14014000,4546000,0,0
2007-10-3,00:00:00,0.330,0.335,0.310,0.315,7816000,2553000,0,0
2007-10-4,00:00:00,0.315,0.335,0.310,0.330,10661000,3488000,0,0
2007-10-5,00:00:00,0.330,0.345,0.330,0.345,5761500,1970000,0,0
2007-10-8,00:00:00,0.340,0.360,0.330,0.355,11942200,4197000,0,0
2007-10-9,00:00:00,0.345,0.380,0.345,0.380,7757500,2798000,0,0
2007-10-10,00:00:00,0.380,0.380,0.360,0.360,5144500,1896000,0,0
2007-10-11,00:00:00,0.360,0.360,0.335,0.340,3427000,1179000,0,0
2007-10-12,00:00:00,0.335,0.335,0.325,0.335,7218000,2396000,0,0
2007-10-15,00:00:00,0.330,0.330,0.310,0.315,10842500,3474000,0,0
2007-10-16,00:00:00,0.315,0.320,0.310,0.320,6105000,1916000,0,0
2007-10-17,00:00:00,0.305,0.330,0.300,0.325,7454500,2348000,0,0
2007-10-18,00:00:00,0.310,0.330,0.310,0.325,5142500,1654000,0,0
2007-10-22,00:00:00,0.325,0.355,0.300,0.335,10579000,3487000,0,0
2007-10-23,00:00:00,0.350,0.350,0.335,0.335,5752900,1972000,0,0
2007-10-24,00:00:00,0.335,0.335,0.325,0.330,4695500,1547000,0,0
2007-10-25,00:00:00,0.330,0.355,0.330,0.355,6178800,2101000,0,0
2007-10-26,00:00:00,0.355,0.355,0.325,0.330,15578000,5258000,0,0
2007-10-29,00:00:00,0.340,0.340,0.315,0.325,26544000,8533000,0,0
2007-10-30,00:00:00,0.325,0.350,0.320,0.345,24347000,8292000,0,0
2007-10-31,00:00:00,0.360,0.360,0.325,0.330,15907500,5487000,0,0
2007-11-1,00:00:00,0.345,0.405,0.345,0.360,94220000,35271000,0,0
2007-11-2,00:00:00,0.350,0.360,0.340,0.355,12040000,4216000,0,0
2007-11-5,00:00:00,0.350,0.350,0.315,0.325,15340000,5081000,0,0
2007-11-6,00:00:00,0.325,0.335,0.320,0.320,7302000,2392000,0,0
2007-11-7,00:00:00,0.325,0.345,0.325,0.325,10744500,3589000,0,0
2007-11-8,00:00:00,0.310,0.335,0.310,0.325,9095500,2966000,0,0
2007-11-9,00:00:00,0.320,0.335,0.320,0.330,5356000,1755000,0,0
2007-11-12,00:00:00,0.320,0.330,0.310,0.320,10696000,3365000,0,0
2007-11-13,00:00:00,0.320,0.320,0.300,0.305,6323000,1941000,0,0
2007-11-14,00:00:00,0.315,0.350,0.310,0.330,15588500,5137000,0,0
2007-11-15,00:00:00,0.345,0.345,0.325,0.335,5315000,1771000,0,0
2007-11-16,00:00:00,0.335,0.345,0.330,0.345,15401000,5204000,0,0
2007-11-30,00:00:00,0.400,0.435,0.340,0.345,32790500,11978000,0,0
2007-12-3,00:00:00,0.345,0.345,0.315,0.325,7694000,2507000,0,0
2007-12-4,00:00:00,0.330,0.330,0.315,0.320,2880000,931000,0,0
2007-12-5,00:00:00,0.315,0.325,0.315,0.320,3500000,1126000,0,0
2007-12-6,00:00:00,0.320,0.330,0.315,0.320,3285000,1048000,0,0
2007-12-7,00:00:00,0.315,0.330,0.315,0.320,10462500,3378000,0,0
2007-12-10,00:00:00,0.320,0.320,0.310,0.315,4490000,1414000,0,0
2007-12-11,00:00:00,0.315,0.325,0.315,0.320,2075000,667000,0,0
2007-12-12,00:00:00,0.315,0.325,0.310,0.315,2700000,859000,0,0
2007-12-13,00:00:00,0.315,0.320,0.305,0.315,5120500,1596000,0,0
2007-12-14,00:00:00,0.315,0.315,0.270,0.290,11928000,3451000,0,0
2007-12-17,00:00:00,0.280,0.280,0.255,0.275,10775000,2880000,0,0
2007-12-18,00:00:00,0.260,0.270,0.250,0.265,6077000,1571000,0,0
2007-12-19,00:00:00,0.280,0.280,0.265,0.270,1010000,274000,0,0
2007-12-20,00:00:00,0.265,0.270,0.265,0.265,740000,196000,0,0
2007-12-21,00:00:00,0.265,0.265,0.260,0.260,3055000,799000,0,0
2007-12-24,00:00:00,0.255,0.280,0.255,0.265,1680000,442000,0,0
2007-12-27,00:00:00,0.270,0.280,0.270,0.275,2304000,630000,0,0
2007-12-28,00:00:00,0.280,0.280,0.265,0.270,1955000,527000,0,0
2007-12-31,00:00:00,0.265,0.270,0.265,0.270,470000,125000,0,0
2008-1-2,00:00:00,0.265,0.270,0.265,0.265,1495000,397000,0,0
2008-1-3,00:00:00,0.265,0.265,0.255,0.260,2516000,656000,0,0
2008-1-4,00:00:00,0.260,0.290,0.260,0.275,9051000,2523000,0,0
2008-1-7,00:00:00,0.280,0.280,0.260,0.265,3878000,1026000,0,0
2008-1-8,00:00:00,0.270,0.285,0.260,0.260,2917500,789000,0,0
2008-1-9,00:00:00,0.265,0.275,0.260,0.265,2462500,654000,0,0
2008-1-10,00:00:00,0.260,0.275,0.260,0.270,4112500,1105000,0,0
2008-1-11,00:00:00,0.265,0.280,0.265,0.270,8885500,2469000,0,0
2008-1-14,00:00:00,0.270,0.270,0.260,0.260,5360500,1413000,0,0
2008-1-15,00:00:00,0.260,0.260,0.241,0.244,5119500,1269000,0,0
2008-1-16,00:00:00,0.240,0.250,0.240,0.240,4545000,1095000,0,0
2008-1-17,00:00:00,0.250,0.250,0.228,0.240,1240000,292000,0,0
2008-1-18,00:00:00,0.238,0.249,0.234,0.236,2489000,588000,0,0
2008-1-21,00:00:00,0.218,0.233,0.218,0.218,1021000,227000,0,0
2008-1-22,00:00:00,0.200,0.200,0.170,0.197,4808500,878000,0,0
2008-1-23,00:00:00,0.200,0.200,0.190,0.199,4828000,952000,0,0
2008-1-24,00:00:00,0.199,0.205,0.195,0.195,2335000,467000,0,0
2008-1-25,00:00:00,0.196,0.200,0.195,0.200,5575000,1110000,0,0
2008-1-28,00:00:00,0.196,0.210,0.196,0.206,2235000,458000,0,0
2008-1-29,00:00:00,0.212,0.240,0.212,0.221,1660000,366000,0,0
2008-1-30,00:00:00,0.225,0.229,0.218,0.225,2211000,490000,0,0
2008-1-31,00:00:00,0.222,0.226,0.215,0.221,2083000,461000,0,0
2008-2-1,00:00:00,0.215,0.230,0.215,0.230,5559000,1232000,0,0
2008-2-4,00:00:00,0.230,0.245,0.230,0.238,565000,134000,0,0
2008-2-5,00:00:00,0.240,0.245,0.238,0.245,520000,125000,0,0
2008-2-6,00:00:00,0.240,0.240,0.240,0.240,100000,24000,0,0
2008-2-11,00:00:00,0.250,0.250,0.240,0.240,510000,122000,0,0
2008-2-12,00:00:00,0.246,0.246,0.236,0.240,1360000,325000,0,0
2008-2-13,00:00:00,0.240,0.240,0.236,0.236,910000,217000,0,0
2008-2-14,00:00:00,0.233,0.236,0.233,0.236,1480000,348000,0,0
2008-2-15,00:00:00,0.230,0.238,0.230,0.231,3290000,758000,0,0
2008-2-18,00:00:00,0.247,0.247,0.230,0.240,531000,126000,0,0
2008-2-19,00:00:00,0.255,0.280,0.231,0.270,5436500,1445000,0,0
2008-2-20,00:00:00,0.285,0.290,0.265,0.270,6982500,1982000,0,0
2008-2-21,00:00:00,0.275,0.290,0.270,0.290,4490000,1254000,0,0
2008-2-22,00:00:00,0.280,0.280,0.270,0.275,1610000,441000,0,0
2008-2-25,00:00:00,0.275,0.285,0.270,0.270,1497000,408000,0,0
2008-2-26,00:00:00,0.275,0.275,0.265,0.270,1380000,373000,0,0
2008-2-27,00:00:00,0.270,0.275,0.265,0.270,2312000,624000,0,0
2008-2-28,00:00:00,0.270,0.275,0.270,0.270,986000,267000,0,0
2008-2-29,00:00:00,0.270,0.270,0.265,0.270,1775000,478000,0,0
2008-3-3,00:00:00,0.270,0.290,0.270,0.280,1925000,543000,0,0
2008-3-4,00:00:00,0.280,0.285,0.270,0.275,1327500,367000,0,0
2008-3-5,00:00:00,0.270,0.280,0.260,0.260,2829500,757000,0,0
2008-3-6,00:00:00,0.265,0.270,0.265,0.265,933000,249000,0,0
2008-3-7,00:00:00,0.255,0.270,0.255,0.270,1559500,410000,0,0
2008-3-10,00:00:00,0.265,0.265,0.250,0.255,5220000,1339000,0,0
2008-3-11,00:00:00,0.255,0.270,0.255,0.260,2136000,567000,0,0
2008-3-12,00:00:00,0.250,0.260,0.250,0.255,1929000,490000,0,0
2008-3-13,00:00:00,0.255,0.260,0.255,0.255,1934000,497000,0,0
2008-3-14,00:00:00,0.250,0.255,0.249,0.250,690000,172000,0,0
2008-3-17,00:00:00,0.230,0.240,0.215,0.221,2030000,463000,0,0
2008-3-18,00:00:00,0.230,0.230,0.215,0.220,4271500,935000,0,0
2008-3-19,00:00:00,0.220,0.222,0.220,0.220,1540000,339000,0,0
2008-3-20,00:00:00,0.220,0.222,0.216,0.221,782000,171000,0,0
2008-3-25,00:00:00,0.206,0.225,0.206,0.223,662000,146000,0,0
2008-3-26,00:00:00,0.215,0.270,0.215,0.260,6611000,1650000,0,0
2008-3-27,00:00:00,0.270,0.270,0.250,0.250,2301000,585000,0,0
2008-3-28,00:00:00,0.245,0.246,0.245,0.245,180000,44000,0,0
2008-3-31,00:00:00,0.240,0.240,0.230,0.237,1885000,444000,0,0
2008-4-1,00:00:00,0.235,0.245,0.231,0.245,1170000,277000,0,0
2008-4-2,00:00:00,0.245,0.245,0.235,0.236,481000,114000,0,0
2008-4-3,00:00:00,0.239,0.240,0.232,0.232,3220000,765000,0,0
2008-4-7,00:00:00,0.235,0.242,0.230,0.240,1750000,416000,0,0
2008-4-8,00:00:00,0.245,0.245,0.233,0.233,9190000,2178000,0,0
2008-4-9,00:00:00,0.230,0.238,0.230,0.238,4990000,1167000,0,0
2008-4-10,00:00:00,0.241,0.241,0.233,0.235,4715000,1108000,0,0
2008-4-11,00:00:00,0.235,0.239,0.232,0.235,4140000,963000,0,0
2008-4-14,00:00:00,0.230,0.235,0.230,0.233,655000,152000,0,0
2008-4-15,00:00:00,0.233,0.233,0.229,0.229,3480000,801000,0,0
2008-4-16,00:00:00,0.229,0.230,0.228,0.230,1500000,343000,0,0
2008-4-17,00:00:00,0.238,0.240,0.227,0.230,4275500,996000,0,0
2008-4-18,00:00:00,0.226,0.233,0.220,0.229,1809000,414000,0,0
2008-4-21,00:00:00,0.235,0.235,0.223,0.229,2876000,657000,0,0
2008-4-22,00:00:00,0.225,0.230,0.225,0.227,2234000,508000,0,0
2008-4-23,00:00:00,0.230,0.245,0.230,0.242,8370000,1982000,0,0
2008-4-24,00:00:00,0.240,0.241,0.229,0.230,11470000,2707000,0,0
2008-4-25,00:00:00,0.235,0.242,0.230,0.230,8381000,1971000,0,0
2008-4-28,00:00:00,0.239,0.244,0.239,0.242,5891000,1426000,0,0
2008-4-29,00:00:00,0.245,0.255,0.242,0.245,3795000,939000,0,0
2008-4-30,00:00:00,0.250,0.260,0.246,0.255,4182000,1060000,0,0
2008-5-2,00:00:00,0.275,0.275,0.260,0.270,2076000,542000,0,0
2008-5-5,00:00:00,0.270,0.305,0.265,0.295,11687000,3389000,0,0
2008-5-6,00:00:00,0.290,0.310,0.270,0.305,11485000,3348000,0,0
2008-5-7,00:00:00,0.310,0.320,0.280,0.280,6308500,1847000,0,0
2008-5-8,00:00:00,0.270,0.300,0.270,0.300,2276000,672000,0,0
2008-5-9,00:00:00,0.290,0.290,0.285,0.285,1365000,392000,0,0
2008-5-13,00:00:00,0.285,0.300,0.285,0.285,3162400,918000,0,0
2008-5-14,00:00:00,0.280,0.290,0.280,0.285,2520500,715000,0,0
2008-5-15,00:00:00,0.285,0.290,0.275,0.275,3586000,1013000,0,0
2008-5-16,00:00:00,0.285,0.295,0.285,0.285,2575000,741000,0,0
2008-5-19,00:00:00,0.280,0.280,0.275,0.280,1469500,410000,0,0
2008-5-20,00:00:00,0.280,0.280,0.270,0.275,1940000,540000,0,0
2008-5-21,00:00:00,0.275,0.275,0.260,0.270,2802000,753000,0,0
2008-5-22,00:00:00,0.270,0.270,0.265,0.265,1390000,369000,0,0
2008-5-23,00:00:00,0.265,0.265,0.260,0.260,280000,73000,0,0
2008-5-26,00:00:00,0.250,0.250,0.240,0.250,2710000,674000,0,0
2008-5-27,00:00:00,0.248,0.285,0.248,0.270,8160000,2232000,0,0
2008-5-28,00:00:00,0.275,0.285,0.275,0.280,10600000,2951000,0,0
2008-5-29,00:00:00,0.280,0.285,0.280,0.285,8430000,2385000,0,0
2008-5-30,00:00:00,0.285,0.290,0.280,0.285,7932500,2270000,0,0
2008-6-2,00:00:00,0.280,0.285,0.275,0.285,7680000,2152000,0,0
2008-6-3,00:00:00,0.285,0.285,0.265,0.275,7240000,1968000,0,0
2008-6-4,00:00:00,0.275,0.275,0.260,0.275,9331000,2523000,0,0
2008-6-5,00:00:00,0.275,0.280,0.270,0.275,7620000,2096000,0,0
2008-6-6,00:00:00,0.275,0.280,0.260,0.275,14290000,3836000,0,0
2008-6-10,00:00:00,0.270,0.270,0.260,0.265,16720000,4438000,0,0
2008-6-11,00:00:00,0.265,0.275,0.265,0.270,7660000,2065000,0,0
2008-6-12,00:00:00,0.265,0.265,0.250,0.255,13080500,3387000,0,0
2008-6-13,00:00:00,0.260,0.265,0.250,0.255,12985000,3342000,0,0
2008-6-16,00:00:00,0.255,0.265,0.255,0.265,6728000,1774000,0,0
2008-6-17,00:00:00,0.265,0.265,0.260,0.260,5860000,1552000,0,0
2008-6-18,00:00:00,0.260,0.300,0.260,0.300,25451000,7174000,0,0
2008-6-19,00:00:00,0.290,0.295,0.285,0.290,11500000,3354000,0,0
2008-6-20,00:00:00,0.290,0.295,0.285,0.290,10359500,3007000,0,0
2008-7-8,00:00:00,0.280,0.280,0.245,0.275,6952500,1803000,0,0
2008-7-9,00:00:00,0.275,0.285,0.275,0.275,2504000,695000,0,0
2008-7-10,00:00:00,0.275,0.275,0.260,0.275,3215000,872000,0,0
2008-7-11,00:00:00,0.275,0.275,0.265,0.275,2740000,739000,0,0
2008-7-14,00:00:00,0.275,0.280,0.265,0.275,2930000,793000,0,0
2008-7-15,00:00:00,0.270,0.270,0.260,0.270,1160000,309000,0,0
2008-7-16,00:00:00,0.270,0.270,0.260,0.270,2072000,553000,0,0
2008-7-17,00:00:00,0.265,0.270,0.255,0.265,3610000,934000,0,0
2008-7-18,00:00:00,0.255,0.265,0.255,0.265,3300000,857000,0,0
2008-7-21,00:00:00,0.260,0.260,0.241,0.248,5168000,1282000,0,0
2008-7-22,00:00:00,0.249,0.249,0.240,0.243,2654000,647000,0,0
2008-7-23,00:00:00,0.244,0.245,0.236,0.245,6111000,1464000,0,0
2008-7-24,00:00:00,0.236,0.244,0.236,0.244,645000,155000,0,0
2008-7-25,00:00:00,0.235,0.237,0.235,0.237,1917500,452000,0,0
2008-7-28,00:00:00,0.233,0.233,0.203,0.224,2572000,556000,0,0
2008-7-29,00:00:00,0.190,0.218,0.190,0.215,2501500,508000,0,0
2008-7-30,00:00:00,0.225,0.230,0.210,0.215,605000,133000,0,0
2008-7-31,00:00:00,0.200,0.210,0.200,0.210,555000,113000,0,0
2008-8-1,00:00:00,0.210,0.210,0.202,0.202,210000,43000,0,0
2008-8-4,00:00:00,0.202,0.202,0.202,0.202,5000,0,0,0
2008-8-5,00:00:00,0.195,0.196,0.195,0.196,268000,52000,0,0
2008-8-7,00:00:00,0.198,0.200,0.190,0.190,405000,79990,0,0
2008-8-8,00:00:00,0.190,0.200,0.190,0.200,1018000,202810,0,0
2008-8-11,00:00:00,0.200,0.200,0.185,0.195,5660000,1075450,0,0
2008-8-12,00:00:00,0.181,0.194,0.180,0.188,1842000,335190,0,0
2008-8-13,00:00:00,0.195,0.200,0.176,0.199,180000,35090,0,0
2008-8-14,00:00:00,0.180,0.193,0.180,0.188,1150000,213860,0,0
2008-8-15,00:00:00,0.188,0.195,0.183,0.185,1445000,266530,0,0
2008-8-18,00:00:00,0.180,0.183,0.178,0.178,1283000,232370,0,0
2008-8-19,00:00:00,0.182,0.182,0.166,0.166,1065000,186130,0,0
2008-8-20,00:00:00,0.160,0.180,0.160,0.170,1150000,195550,0,0
2008-8-21,00:00:00,0.172,0.175,0.172,0.175,460000,79300,0,0
2008-8-25,00:00:00,0.187,0.190,0.183,0.183,320000,59790,0,0
2008-8-26,00:00:00,0.188,0.188,0.185,0.185,180000,33490,0,0
2008-8-27,00:00:00,0.181,0.186,0.160,0.185,630000,110880,0,0
2008-8-28,00:00:00,0.184,0.185,0.180,0.184,630000,115630,0,0
2008-8-29,00:00:00,0.180,0.180,0.180,0.180,410000,73800,0,0
2008-9-1,00:00:00,0.180,0.180,0.178,0.178,380000,67940,0,0
2008-9-2,00:00:00,0.178,0.179,0.172,0.179,1004500,178785,0,0
2008-9-3,00:00:00,0.178,0.179,0.178,0.179,330000,58990,0,0
2008-9-4,00:00:00,0.179,0.190,0.179,0.185,300000,55230,0,0
2008-9-5,00:00:00,0.165,0.179,0.165,0.179,90000,15680,0,0
2008-9-8,00:00:00,0.178,0.188,0.165,0.170,625000,109080,0,0
2008-9-9,00:00:00,0.165,0.177,0.165,0.172,630000,108050,0,0
2008-9-10,00:00:00,0.162,0.170,0.157,0.165,350000,56920,0,0
2008-9-11,00:00:00,0.168,0.168,0.154,0.165,140000,22950,0,0
2008-9-12,00:00:00,0.165,0.165,0.165,0.165,160000,26250,0,0
2008-9-16,00:00:00,0.165,0.165,0.150,0.160,954500,147329,0,0
2008-9-17,00:00:00,0.150,0.150,0.135,0.147,1565000,225360,0,0
2008-9-18,00:00:00,0.145,0.145,0.103,0.115,1786000,223050,0,0
2008-9-19,00:00:00,0.115,0.115,0.101,0.107,2220000,233260,0,0
2008-9-22,00:00:00,0.105,0.105,0.097,0.097,1206000,120630,0,0
2008-9-23,00:00:00,0.109,0.109,0.095,0.097,1050000,103060,0,0
2008-9-24,00:00:00,0.097,0.099,0.095,0.095,385000,37365,0,0
2008-9-25,00:00:00,0.107,0.107,0.107,0.104,200000,21400,0,0
2008-9-26,00:00:00,0.095,0.096,0.095,0.095,900000,85900,0,0
2008-9-29,00:00:00,0.081,0.085,0.081,0.081,2270000,187540,0,0
2008-9-30,00:00:00,0.084,0.084,0.084,0.083,150000,12450,0,0
2008-10-2,00:00:00,0.074,0.087,0.074,0.080,760000,59430,0,0
2008-10-3,00:00:00,0.080,0.085,0.080,0.080,800000,64200,0,0
2008-10-6,00:00:00,0.090,0.090,0.077,0.077,1070000,91420,0,0
2008-10-8,00:00:00,0.080,0.080,0.068,0.071,820000,59780,0,0
2008-10-9,00:00:00,0.071,0.071,0.068,0.071,685000,47865,0,0
2008-10-10,00:00:00,0.068,0.071,0.068,0.071,150000,10350,0,0
2008-10-13,00:00:00,0.075,0.075,0.062,0.066,1970000,125730,0,0
2008-10-14,00:00:00,0.064,0.069,0.052,0.055,9130000,524100,0,0
2008-10-15,00:00:00,0.052,0.054,0.052,0.052,2005000,105040,0,0
2008-10-16,00:00:00,0.052,0.060,0.052,0.054,3615000,197470,0,0
2008-10-17,00:00:00,0.055,0.055,0.050,0.051,3645000,189775,0,0
2008-10-20,00:00:00,0.056,0.060,0.047,0.047,3550000,185560,0,0
2008-10-21,00:00:00,0.050,0.050,0.046,0.046,945000,45700,0,0
2008-10-22,00:00:00,0.047,0.047,0.040,0.042,16199000,706375,0,0
2008-10-23,00:00:00,0.042,0.042,0.024,0.037,56225000,1737140,0,0
2008-10-24,00:00:00,0.037,0.038,0.035,0.036,719500,26185,0,0
2008-10-27,00:00:00,0.039,0.039,0.030,0.033,780000,25620,0,0
2008-10-28,00:00:00,0.029,0.035,0.029,0.030,850000,26200,0,0
2008-10-29,00:00:00,0.035,0.041,0.031,0.035,11750000,424960,0,0
2008-11-27,00:00:00,0.035,0.052,0.035,0.038,4948000,214704,0,0
2008-11-28,00:00:00,0.041,0.045,0.040,0.042,5855000,254675,0,0
2008-12-1,00:00:00,0.042,0.047,0.042,0.047,464000,21040,0,0
2008-12-2,00:00:00,0.047,0.050,0.047,0.050,1450000,71000,0,0
2008-12-3,00:00:00,0.050,0.050,0.046,0.046,9430000,471260,0,0
2008-12-4,00:00:00,0.050,0.050,0.047,0.047,1230000,58110,0,0
2008-12-5,00:00:00,0.040,0.050,0.040,0.050,950000,44100,0,0
2008-12-8,00:00:00,0.045,0.050,0.045,0.050,1092000,53750,0,0
2008-12-9,00:00:00,0.045,0.050,0.045,0.050,290000,13600,0,0
2008-12-10,00:00:00,0.050,0.055,0.048,0.050,1630000,85030,0,0
2008-12-11,00:00:00,0.050,0.057,0.050,0.053,1430000,78540,0,0
2008-12-12,00:00:00,0.052,0.057,0.052,0.056,1370000,74360,0,0
2008-12-15,00:00:00,0.051,0.051,0.051,0.051,70000,3570,0,0
2008-12-16,00:00:00,0.060,0.060,0.055,0.055,300000,17000,0,0
2008-12-17,00:00:00,0.057,0.057,0.057,0.057,100000,5700,0,0
2008-12-18,00:00:00,0.056,0.056,0.056,0.056,100000,5600,0,0
2008-12-19,00:00:00,0.057,0.061,0.057,0.061,2110000,120570,0,0
2008-12-22,00:00:00,0.056,0.056,0.053,0.053,2810000,151160,0,0
2008-12-23,00:00:00,0.059,0.059,0.052,0.053,85000,4580,0,0
2008-12-24,00:00:00,0.050,0.050,0.050,0.050,30000,1500,0,0
2008-12-29,00:00:00,0.052,0.052,0.052,0.054,85000,4370,0,0
2008-12-30,00:00:00,0.052,0.052,0.052,0.054,30000,1560,0,0
2008-12-31,00:00:00,0.060,0.060,0.055,0.055,340000,20350,0,0
2009-1-2,00:00:00,0.050,0.050,0.050,0.050,10000,500,0,0
2009-1-5,00:00:00,0.055,0.058,0.047,0.058,250000,14270,0,0
2009-1-6,00:00:00,0.055,0.055,0.051,0.051,1100000,56500,0,0
2009-1-7,00:00:00,0.052,0.053,0.050,0.056,560000,29280,0,0
2009-1-8,00:00:00,0.056,0.059,0.050,0.055,220000,11760,0,0
2009-1-9,00:00:00,0.045,0.053,0.045,0.053,2142500,112238,0,0
2009-1-12,00:00:00,0.055,0.057,0.053,0.057,365000,20325,0,0
2009-1-13,00:00:00,0.050,0.056,0.050,0.056,710000,38000,0,0
2009-1-14,00:00:00,0.056,0.056,0.056,0.056,1050000,58800,0,0
2009-1-15,00:00:00,0.045,0.046,0.045,0.054,370000,16800,0,0
2009-1-16,00:00:00,0.052,0.052,0.052,0.052,50000,2600,0,0
2009-1-19,00:00:00,0.052,0.054,0.048,0.054,90000,4700,0,0
2009-1-20,00:00:00,0.048,0.048,0.045,0.045,1850000,84400,0,0
2009-1-21,00:00:00,0.045,0.045,0.038,0.045,60000,2550,0,0
2009-1-22,00:00:00,0.045,0.045,0.045,0.045,100000,4500,0,0
2009-1-23,00:00:00,0.038,0.043,0.038,0.042,670000,26880,0,0
2009-1-29,00:00:00,0.050,0.050,0.043,0.043,100000,4650,0,0
2009-1-30,00:00:00,0.036,0.036,0.036,0.041,50000,1800,0,0
2009-2-2,00:00:00,0.039,0.044,0.039,0.042,610000,24890,0,0
2009-2-3,00:00:00,0.040,0.040,0.040,0.041,30000,1200,0,0
2009-2-4,00:00:00,0.042,0.045,0.041,0.045,151500,6295,0,0
2009-2-5,00:00:00,0.040,0.043,0.040,0.042,660000,27220,0,0
2009-2-6,00:00:00,0.041,0.041,0.041,0.041,60000,2460,0,0
2009-2-9,00:00:00,0.041,0.041,0.041,0.041,10000,410,0,0
2009-2-10,00:00:00,0.040,0.040,0.040,0.040,605000,24155,0,0
2009-2-11,00:00:00,0.041,0.048,0.041,0.048,499000,20475,0,0
2009-2-12,00:00:00,0.045,0.045,0.045,0.045,10000,450,0,0
2009-2-13,00:00:00,0.044,0.044,0.043,0.044,200000,8690,0,0
2009-2-16,00:00:00,0.042,0.042,0.042,0.044,50000,2100,0,0
2009-2-17,00:00:00,0.044,0.044,0.044,0.044,30000,1320,0,0
2009-2-18,00:00:00,0.058,0.060,0.050,0.050,4280000,230920,0,0
2009-2-19,00:00:00,0.043,0.048,0.043,0.048,140000,6370,0,0
2009-2-20,00:00:00,0.049,0.049,0.049,0.049,30000,1470,0,0
2009-2-23,00:00:00,0.050,0.054,0.050,0.053,1190000,63900,0,0
2009-2-24,00:00:00,0.057,0.057,0.055,0.055,2130000,121210,0,0
2009-2-25,00:00:00,0.056,0.056,0.056,0.056,62945,3478,0,0
2009-2-26,00:00:00,0.051,0.051,0.050,0.051,350000,17700,0,0
2009-2-27,00:00:00,0.051,0.058,0.051,0.055,380000,21630,0,0
2009-3-2,00:00:00,0.050,0.050,0.046,0.049,1470000,71550,0,0
2009-3-3,00:00:00,0.049,0.049,0.046,0.047,530000,25880,0,0
2009-3-4,00:00:00,0.050,0.050,0.050,0.050,250000,12500,0,0
2009-3-5,00:00:00,0.050,0.059,0.047,0.052,2250000,108120,0,0
2009-3-6,00:00:00,0.060,0.060,0.050,0.050,740000,38000,0,0
2009-3-9,00:00:00,0.049,0.049,0.046,0.046,600000,27900,0,0
2009-3-10,00:00:00,0.045,0.050,0.044,0.050,328000,15284,0,0
2009-3-11,00:00:00,0.054,0.054,0.045,0.050,1110000,52290,0,0
2009-3-12,00:00:00,0.050,0.050,0.050,0.050,480000,24000,0,0
2009-3-13,00:00:00,0.046,0.056,0.046,0.055,755000,38765,0,0
2009-3-16,00:00:00,0.060,0.060,0.053,0.057,1500000,82930,0,0
2009-3-17,00:00:00,0.054,0.054,0.052,0.054,300000,16000,0,0
2009-3-18,00:00:00,0.057,0.057,0.052,0.055,547000,30084,0,0
2009-3-19,00:00:00,0.053,0.057,0.053,0.055,1660000,91320,0,0
2009-3-20,00:00:00,0.055,0.057,0.054,0.057,540000,30110,0,0
2009-3-23,00:00:00,0.057,0.060,0.055,0.060,2980000,169240,0,0
2009-3-24,00:00:00,0.055,0.060,0.055,0.059,2500000,145770,0,0
2009-3-25,00:00:00,0.058,0.062,0.057,0.060,2420000,142890,0,0
2009-3-26,00:00:00,0.068,0.068,0.064,0.066,2362000,154456,0,0
2009-3-27,00:00:00,0.066,0.079,0.061,0.070,7310000,500480,0,0
2009-3-30,00:00:00,0.072,0.079,0.069,0.072,8790000,644850,0,0
2009-3-31,00:00:00,0.069,0.079,0.066,0.076,6240000,454150,0,0
2009-4-1,00:00:00,0.069,0.077,0.067,0.077,7430000,542290,0,0
2009-4-2,00:00:00,0.069,0.078,0.063,0.075,7890000,566800,0,0
2009-4-3,00:00:00,0.071,0.090,0.069,0.085,10394620,834587,0,0
2009-4-6,00:00:00,0.090,0.102,0.081,0.098,13360000,1229610,0,0
2009-4-7,00:00:00,0.105,0.119,0.090,0.112,13472500,1409145,0,0
2009-4-8,00:00:00,0.110,0.132,0.109,0.131,14485000,1765830,0,0
2009-4-9,00:00:00,0.138,0.189,0.124,0.185,28523000,4496650,0,0
2009-4-14,00:00:00,0.192,0.300,0.190,0.210,63924500,15634093,0,0
2009-4-15,00:00:00,0.208,0.215,0.188,0.205,32937500,6583796,0,0
2009-4-16,00:00:00,0.202,0.208,0.185,0.190,16305000,3221155,0,0
2009-4-17,00:00:00,0.190,0.205,0.155,0.159,18723000,3321522,0,0
2009-4-20,00:00:00,0.176,0.176,0.140,0.146,10840000,1637080,0,0
2009-4-21,00:00:00,0.140,0.163,0.137,0.141,11205000,1604200,0,0
2009-4-22,00:00:00,0.137,0.148,0.135,0.141,4530000,638460,0,0
2009-4-23,00:00:00,0.142,0.145,0.135,0.137,4510000,628990,0,0
2009-4-24,00:00:00,0.135,0.138,0.121,0.134,4360000,562200,0,0
2009-4-27,00:00:00,0.132,0.132,0.121,0.129,2237500,283743,0,0
2009-4-28,00:00:00,0.121,0.129,0.119,0.119,1310000,163730,0,0
2009-4-29,00:00:00,0.120,0.130,0.120,0.125,2230000,279180,0,0
2009-4-30,00:00:00,0.125,0.126,0.120,0.123,230000,27980,0,0
2009-5-4,00:00:00,0.119,0.126,0.117,0.126,1800000,216390,0,0
2009-5-5,00:00:00,0.126,0.137,0.121,0.137,2180000,282240,0,0
2009-5-6,00:00:00,0.140,0.160,0.138,0.152,6990000,1052390,0,0
2009-5-7,00:00:00,0.160,0.170,0.151,0.158,7655000,1214290,0,0
2009-5-8,00:00:00,0.157,0.157,0.150,0.154,2140000,327150,0,0
2009-5-11,00:00:00,0.140,0.158,0.140,0.140,2158000,319270,0,0
2009-5-12,00:00:00,0.140,0.145,0.132,0.138,2370000,330680,0,0
2009-5-13,00:00:00,0.140,0.145,0.125,0.135,3520000,486605,0,0
2009-5-14,00:00:00,0.128,0.136,0.128,0.128,1130000,146000,0,0
2009-5-15,00:00:00,0.131,0.133,0.131,0.133,250000,32710,0,0
2009-5-18,00:00:00,0.120,0.141,0.120,0.141,2757500,368835,0,0
2009-5-19,00:00:00,0.148,0.156,0.146,0.147,4995000,751660,0,0
2009-5-20,00:00:00,0.147,0.163,0.147,0.161,23939000,3257034,0,0
2009-5-21,00:00:00,0.163,0.186,0.163,0.170,12328500,2140350,0,0
2009-5-22,00:00:00,0.170,0.170,0.155,0.165,4620000,751830,0,0
2009-5-25,00:00:00,0.168,0.168,0.160,0.167,3830000,627200,0,0
2009-5-26,00:00:00,0.165,0.175,0.160,0.164,7005000,1179735,0,0
2009-5-27,00:00:00,0.160,0.172,0.160,0.168,3292000,555142,0,0
2009-5-29,00:00:00,0.168,0.168,0.161,0.162,1160000,189900,0,0
2009-6-1,00:00:00,0.162,0.162,0.156,0.157,1980000,311710,0,0
2009-6-2,00:00:00,0.145,0.158,0.145,0.152,2220000,326680,0,0
2009-6-3,00:00:00,0.150,0.150,0.140,0.150,1728000,249020,0,0
2009-6-4,00:00:00,0.150,0.176,0.150,0.169,13775000,2340600,0,0
2009-6-5,00:00:00,0.178,0.199,0.170,0.192,38545000,7114230,0,0
2009-6-8,00:00:00,0.194,0.205,0.180,0.185,34596500,6494215,0,0
2009-6-9,00:00:00,0.188,0.198,0.179,0.186,12598000,2343070,0,0
2009-6-10,00:00:00,0.192,0.192,0.179,0.182,7280000,1317970,0,0
2009-6-11,00:00:00,0.183,0.183,0.174,0.176,9280000,1643900,0,0
2009-6-12,00:00:00,0.180,0.180,0.167,0.179,8070000,1386430,0,0
2009-6-15,00:00:00,0.171,0.179,0.170,0.179,1660000,288540,0,0
2009-6-16,00:00:00,0.178,0.178,0.168,0.174,585000,100060,0,0
2009-6-17,00:00:00,0.170,0.200,0.162,0.188,14740000,2764720,0,0
2009-6-18,00:00:00,0.189,0.189,0.181,0.181,4610000,859220,0,0
2009-6-19,00:00:00,0.180,0.180,0.174,0.178,1679500,297767,0,0
2009-6-22,00:00:00,0.170,0.179,0.170,0.179,2570000,453970,0,0
2009-6-23,00:00:00,0.176,0.176,0.166,0.166,410000,71270,0,0
2009-6-24,00:00:00,0.166,0.185,0.166,0.169,1320000,225660,0,0
2009-6-25,00:00:00,0.170,0.170,0.169,0.172,936000,158700,0,0
2009-6-26,00:00:00,0.166,0.177,0.165,0.173,1360000,229910,0,0
2009-6-29,00:00:00,0.168,0.174,0.168,0.174,340000,57720,0,0
2009-6-30,00:00:00,0.165,0.167,0.163,0.166,2870000,475930,0,0
2009-7-2,00:00:00,0.153,0.175,0.153,0.164,1487000,242830,0,0
2009-7-3,00:00:00,0.152,0.166,0.152,0.166,340000,52240,0,0
2009-7-6,00:00:00,0.153,0.164,0.152,0.164,379000,59245,0,0
2009-7-7,00:00:00,0.152,0.162,0.152,0.161,80000,12460,0,0
2009-7-8,00:00:00,0.141,0.155,0.141,0.150,590000,88140,0,0
2009-7-9,00:00:00,0.151,0.163,0.150,0.160,600000,94710,0,0
2009-7-10,00:00:00,0.165,0.165,0.152,0.158,204000,32468,0,0
2009-7-13,00:00:00,0.155,0.155,0.155,0.155,350000,54250,0,0
2009-7-14,00:00:00,0.160,0.160,0.150,0.155,1415000,215510,0,0
2009-7-15,00:00:00,0.161,0.161,0.148,0.155,1290000,196510,0,0
2009-7-17,00:00:00,0.160,0.195,0.160,0.165,10174500,1815334,0,0
2009-7-20,00:00:00,0.176,0.178,0.157,0.160,1509500,252035,0,0
2009-7-21,00:00:00,0.160,0.168,0.158,0.158,3240000,522980,0,0
2009-7-22,00:00:00,0.158,0.162,0.158,0.159,2105000,334245,0,0
2009-7-23,00:00:00,0.146,0.163,0.146,0.154,1960000,304900,0,0
2009-7-24,00:00:00,0.160,0.160,0.146,0.153,3451000,519160,0,0
2009-7-27,00:00:00,0.158,0.163,0.156,0.160,2383000,382790,0,0
2009-7-28,00:00:00,0.158,0.160,0.155,0.160,1741000,274111,0,0
2009-7-29,00:00:00,0.160,0.160,0.150,0.156,475000,72380,0,0
2009-7-30,00:00:00,0.145,0.158,0.145,0.158,563500,86125,0,0
2009-7-31,00:00:00,0.158,0.158,0.148,0.158,230000,34640,0,0
2009-8-3,00:00:00,0.158,0.158,0.150,0.155,381000,59720,0,0
2009-8-4,00:00:00,0.155,0.155,0.145,0.153,655000,99145,0,0
2009-8-5,00:00:00,0.146,0.151,0.146,0.148,1775000,263870,0,0
2009-8-6,00:00:00,0.152,0.155,0.146,0.146,1700000,257670,0,0
2009-8-7,00:00:00,0.146,0.149,0.140,0.149,1960000,285100,0,0
2009-8-10,00:00:00,0.149,0.149,0.140,0.145,1580000,223560,0,0
2009-8-11,00:00:00,0.145,0.145,0.145,0.145,500000,72500,0,0
2009-8-12,00:00:00,0.140,0.144,0.140,0.144,887500,124425,0,0
2009-8-13,00:00:00,0.135,0.144,0.135,0.144,1050000,147950,0,0
2009-8-14,00:00:00,0.138,0.140,0.138,0.140,510000,70490,0,0
2009-8-17,00:00:00,0.130,0.138,0.130,0.137,140000,19020,0,0
2009-8-18,00:00:00,0.146,0.146,0.130,0.139,1170000,155140,0,0
2009-8-20,00:00:00,0.131,0.134,0.130,0.134,890000,116120,0,0
2009-8-21,00:00:00,0.130,0.130,0.126,0.129,550000,70690,0,0
2009-8-24,00:00:00,0.130,0.145,0.130,0.137,1245000,164200,0,0
2009-8-25,00:00:00,0.137,0.137,0.135,0.135,950000,129450,0,0
2009-8-26,00:00:00,0.134,0.134,0.133,0.134,390000,52210,0,0
2009-8-27,00:00:00,0.132,0.132,0.132,0.130,80000,10560,0,0
2009-8-28,00:00:00,0.123,0.135,0.122,0.135,1850000,237880,0,0
2009-8-31,00:00:00,0.125,0.132,0.125,0.132,130000,16460,0,0
2009-9-1,00:00:00,0.123,0.132,0.123,0.131,640000,81980,0,0
2009-9-2,00:00:00,0.126,0.131,0.124,0.126,1540000,192260,0,0
2009-9-3,00:00:00,0.125,0.125,0.122,0.124,1023000,127028,0,0
2009-9-7,00:00:00,0.126,0.137,0.125,0.125,160000,20610,0,0
2009-9-9,00:00:00,0.123,0.124,0.121,0.124,500500,61806,0,0
2009-9-11,00:00:00,0.128,0.128,0.122,0.128,1365000,174330,0,0
2009-9-14,00:00:00,0.128,0.128,0.126,0.126,1220000,156090,0,0
2009-9-15,00:00:00,0.135,0.135,0.135,0.135,120000,16200,0,0
2009-9-16,00:00:00,0.135,0.138,0.134,0.138,1255000,172470,0,0
2009-9-17,00:00:00,0.124,0.130,0.124,0.126,490000,63240,0,0
2009-9-18,00:00:00,0.123,0.123,0.120,0.123,620000,75420,0,0
2009-9-21,00:00:00,0.123,0.123,0.120,0.120,790000,95300,0,0
2009-9-22,00:00:00,0.120,0.121,0.120,0.121,470000,56600,0,0
2009-9-23,00:00:00,0.121,0.121,0.120,0.121,1764000,212764,0,0
2009-9-24,00:00:00,0.120,0.120,0.114,0.114,810000,92450,0,0
2009-9-25,00:00:00,0.120,0.120,0.120,0.121,500000,60000,0,0
2009-9-28,00:00:00,0.129,0.129,0.128,0.125,70000,8970,0,0
2009-9-29,00:00:00,0.120,0.120,0.120,0.120,780000,93530,0,0
2009-9-30,00:00:00,0.120,0.120,0.116,0.116,178920,21273,0,0
2009-10-2,00:00:00,0.110,0.125,0.110,0.124,290000,33490,0,0
2009-10-5,00:00:00,0.111,0.124,0.111,0.124,105000,11990,0,0
2009-10-6,00:00:00,0.115,0.123,0.114,0.123,743000,87874,0,0
2009-10-7,00:00:00,0.123,0.125,0.123,0.123,610000,75210,0,0
2009-10-8,00:00:00,0.124,0.124,0.116,0.123,1082000,132900,0,0
2009-10-9,00:00:00,0.123,0.123,0.118,0.120,650000,79450,0,0
2009-10-12,00:00:00,0.120,0.120,0.115,0.120,420000,49710,0,0
2009-10-13,00:00:00,0.118,0.120,0.118,0.120,110000,13070,0,0
2009-10-14,00:00:00,0.120,0.125,0.120,0.120,725000,88250,0,0
2009-10-15,00:00:00,0.130,0.148,0.130,0.133,7245000,985785,0,0
2009-10-16,00:00:00,0.140,0.140,0.130,0.130,2195000,294895,0,0
2009-10-19,00:00:00,0.130,0.138,0.130,0.135,2132000,286295,0,0
2009-10-20,00:00:00,0.135,0.136,0.135,0.136,1475000,199565,0,0
2009-10-21,00:00:00,0.133,0.135,0.133,0.133,1940000,260220,0,0
2009-10-22,00:00:00,0.130,0.133,0.130,0.132,285000,37280,0,0
2009-10-23,00:00:00,0.130,0.130,0.130,0.130,2660000,345800,0,0
2009-10-27,00:00:00,0.125,0.125,0.125,0.125,186000,23320,0,0
2009-10-28,00:00:00,0.126,0.126,0.123,0.126,685000,86050,0,0
2009-10-29,00:00:00,0.127,0.127,0.120,0.124,1190600,147254,0,0
2009-10-30,00:00:00,0.124,0.133,0.121,0.133,1050000,129420,0,0
2009-11-2,00:00:00,0.135,0.135,0.128,0.128,1510250,194254,0,0
2009-11-3,00:00:00,0.129,0.140,0.128,0.130,994000,130595,0,0
2009-11-4,00:00:00,0.130,0.130,0.123,0.128,1085001,138995,0,0
2009-11-5,00:00:00,0.124,0.128,0.120,0.128,1775000,216440,0,0
2009-11-6,00:00:00,0.125,0.128,0.125,0.127,365000,45715,0,0
2009-11-9,00:00:00,0.129,0.129,0.125,0.127,1690000,216120,0,0
2009-11-10,00:00:00,0.125,0.130,0.125,0.130,1110000,142735,0,0
2009-11-11,00:00:00,0.131,0.131,0.125,0.130,2249000,287040,0,0
2009-11-12,00:00:00,0.127,0.127,0.127,0.127,30000,3860,0,0
2009-11-13,00:00:00,0.130,0.135,0.129,0.135,4276500,566013,0,0
2009-11-16,00:00:00,0.137,0.137,0.133,0.133,1590000,213440,0,0
2009-11-17,00:00:00,0.139,0.139,0.132,0.135,1220000,163630,0,0
2009-11-18,00:00:00,0.135,0.136,0.125,0.126,3830000,494290,0,0
2009-11-19,00:00:00,0.130,0.130,0.130,0.130,500000,64900,0,0
2009-11-20,00:00:00,0.125,0.144,0.125,0.132,9885000,1339020,0,0
2009-11-23,00:00:00,0.135,0.137,0.133,0.137,2287500,310078,0,0
2009-11-24,00:00:00,0.134,0.138,0.134,0.138,1780000,241550,0,0
2009-11-25,00:00:00,0.137,0.140,0.135,0.140,3230000,449130,0,0
2009-11-26,00:00:00,0.145,0.195,0.143,0.159,78579000,13268390,0,0
2009-11-27,00:00:00,0.158,0.160,0.138,0.139,13770000,2005880,0,0
2009-11-30,00:00:00,0.139,0.150,0.138,0.142,9505000,1353060,0,0
2009-12-1,00:00:00,0.142,0.142,0.135,0.140,3520000,489080,0,0
2009-12-2,00:00:00,0.141,0.141,0.136,0.137,2550000,353400,0,0
2009-12-3,00:00:00,0.140,0.141,0.138,0.140,1161000,161562,0,0
2009-12-4,00:00:00,0.140,0.140,0.131,0.133,6225000,839095,0,0
2009-12-7,00:00:00,0.135,0.145,0.135,0.140,8995000,1256570,0,0
2009-12-8,00:00:00,0.139,0.155,0.139,0.149,14937500,2197160,0,0
2009-12-9,00:00:00,0.150,0.173,0.150,0.165,36856500,6082181,0,0
2009-12-10,00:00:00,0.165,0.166,0.147,0.152,7664000,1210594,0,0
2009-12-11,00:00:00,0.154,0.171,0.154,0.160,9486000,1563162,0,0
2009-12-14,00:00:00,0.161,0.170,0.159,0.160,5959500,981895,0,0
2009-12-15,00:00:00,0.160,0.166,0.160,0.160,5395000,872180,0,0
2009-12-16,00:00:00,0.160,0.160,0.150,0.151,4420000,683880,0,0
2009-12-17,00:00:00,0.154,0.154,0.138,0.138,4067000,580375,0,0
2009-12-18,00:00:00,0.130,0.148,0.130,0.148,1820000,242800,0,0
2009-12-21,00:00:00,0.150,0.150,0.133,0.134,4170000,563300,0,0
2009-12-22,00:00:00,0.134,0.138,0.131,0.137,9790000,1307030,0,0
2009-12-23,00:00:00,0.134,0.137,0.134,0.134,4035000,545865,0,0
2009-12-24,00:00:00,0.135,0.146,0.135,0.136,3583500,486868,0,0
2009-12-28,00:00:00,0.137,0.137,0.134,0.135,1910000,260050,0,0
2009-12-29,00:00:00,0.135,0.137,0.131,0.133,6350000,845240,0,0
2009-12-30,00:00:00,0.133,0.134,0.130,0.131,6510000,854500,0,0
2009-12-31,00:00:00,0.132,0.134,0.131,0.134,3730000,490100,0,0
2010-1-4,00:00:00,0.140,0.140,0.133,0.133,3650000,490700,0,0
2010-1-5,00:00:00,0.133,0.138,0.133,0.137,5586000,748640,0,0
2010-1-6,00:00:00,0.137,0.142,0.136,0.137,4270000,589770,0,0
2010-1-7,00:00:00,0.136,0.137,0.136,0.136,3270000,446010,0,0
2010-1-8,00:00:00,0.136,0.138,0.134,0.138,1420000,190820,0,0
2010-1-11,00:00:00,0.135,0.141,0.133,0.136,5270000,718140,0,0
2010-1-12,00:00:00,0.135,0.139,0.133,0.136,3165000,428515,0,0
2010-1-13,00:00:00,0.137,0.137,0.134,0.134,1040000,140100,0,0
2010-1-14,00:00:00,0.133,0.140,0.133,0.139,2220000,305450,0,0
2010-1-15,00:00:00,0.140,0.141,0.137,0.138,3258000,451370,0,0
2010-1-18,00:00:00,0.136,0.140,0.136,0.140,5417500,736975,0,0
2010-1-19,00:00:00,0.141,0.141,0.136,0.138,6040000,828780,0,0
2010-1-20,00:00:00,0.138,0.138,0.131,0.134,7550000,1025630,0,0
2010-1-21,00:00:00,0.133,0.137,0.133,0.135,2050000,274030,0,0
2010-1-22,00:00:00,0.135,0.135,0.130,0.134,5640000,750360,0,0
2010-1-25,00:00:00,0.135,0.136,0.133,0.135,2445000,329085,0,0
2010-1-26,00:00:00,0.133,0.133,0.130,0.133,3138000,411544,0,0
2010-1-27,00:00:00,0.133,0.133,0.128,0.130,2780000,364790,0,0
2010-1-28,00:00:00,0.131,0.133,0.131,0.133,2176000,286996,0,0
2010-1-29,00:00:00,0.120,0.131,0.120,0.131,590000,75690,0,0
2010-2-1,00:00:00,0.126,0.130,0.126,0.130,310000,40180,0,0
2010-2-2,00:00:00,0.132,0.135,0.132,0.134,1500000,198290,0,0
2010-2-3,00:00:00,0.136,0.136,0.132,0.134,1237000,164964,0,0
2010-2-4,00:00:00,0.131,0.134,0.131,0.132,1237500,165010,0,0
2010-2-5,00:00:00,0.131,0.133,0.131,0.132,4700000,618780,0,0
2010-2-8,00:00:00,0.132,0.132,0.132,0.132,990000,130680,0,0
2010-2-9,00:00:00,0.134,0.137,0.134,0.135,2380000,320030,0,0
2010-2-10,00:00:00,0.140,0.145,0.140,0.141,12510000,1757010,0,0
2010-2-11,00:00:00,0.142,0.145,0.142,0.145,7805000,1121955,0,0
2010-2-12,00:00:00,0.148,0.150,0.146,0.149,4850000,720410,0,0
2010-2-17,00:00:00,0.156,0.156,0.145,0.146,1250000,188220,0,0
2010-2-18,00:00:00,0.136,0.138,0.135,0.138,1345000,182920,0,0
2010-2-19,00:00:00,0.141,0.141,0.140,0.140,6420000,900800,0,0
2010-2-22,00:00:00,0.141,0.141,0.141,0.142,40000,5610,0,0
2010-2-23,00:00:00,0.140,0.144,0.140,0.144,6280000,898340,0,0
2010-2-24,00:00:00,0.147,0.150,0.146,0.150,2008000,297790,0,0
2010-2-25,00:00:00,0.150,0.150,0.145,0.145,8330000,1215040,0,0
2010-2-26,00:00:00,0.145,0.150,0.145,0.146,510000,75230,0,0
2010-3-1,00:00:00,0.147,0.147,0.141,0.141,9350000,1351380,0,0
2010-3-2,00:00:00,0.139,0.147,0.139,0.140,3505000,512990,0,0
2010-3-3,00:00:00,0.137,0.141,0.136,0.136,710000,98170,0,0
2010-3-4,00:00:00,0.147,0.153,0.137,0.139,7330000,1074210,0,0
2010-3-5,00:00:00,0.137,0.141,0.136,0.137,3215000,440125,0,0
2010-3-8,00:00:00,0.137,0.139,0.135,0.138,3676000,502117,0,0
2010-3-9,00:00:00,0.138,0.139,0.136,0.139,1170000,160390,0,0
2010-3-10,00:00:00,0.140,0.140,0.135,0.137,845000,115470,0,0
2010-3-11,00:00:00,0.136,0.142,0.136,0.137,1630000,225010,0,0
2010-3-12,00:00:00,0.139,0.140,0.136,0.140,2860000,392300,0,0
2010-3-15,00:00:00,0.139,0.140,0.138,0.139,1350000,187850,0,0
2010-3-16,00:00:00,0.140,0.142,0.140,0.141,4030000,566170,0,0
2010-3-17,00:00:00,0.138,0.143,0.138,0.143,315000,43960,0,0
2010-3-18,00:00:00,0.137,0.142,0.137,0.140,450000,62760,0,0
2010-3-19,00:00:00,0.140,0.142,0.140,0.140,1144000,160460,0,0
2010-3-22,00:00:00,0.136,0.141,0.135,0.141,1635000,222310,0,0
2010-3-23,00:00:00,0.140,0.143,0.140,0.142,2305000,328150,0,0
2010-3-24,00:00:00,0.145,0.169,0.141,0.154,21780000,3353850,0,0
2010-3-25,00:00:00,0.154,0.154,0.149,0.149,9483500,1428798,0,0
2010-3-26,00:00:00,0.147,0.150,0.145,0.146,1690000,249490,0,0
2010-3-29,00:00:00,0.151,0.154,0.144,0.153,5682500,854560,0,0
2010-3-30,00:00:00,0.154,0.154,0.150,0.154,2723000,413633,0,0
2010-3-31,00:00:00,0.150,0.154,0.145,0.147,2800000,422400,0,0
2010-4-1,00:00:00,0.147,0.153,0.147,0.153,9175000,1366900,0,0
2010-4-7,00:00:00,0.150,0.164,0.150,0.159,13772500,2147935,0,0
2010-4-8,00:00:00,0.156,0.170,0.156,0.167,11008500,1837568,0,0
2010-4-9,00:00:00,0.168,0.172,0.168,0.170,11214500,1902180,0,0
2010-4-12,00:00:00,0.173,0.179,0.170,0.177,9987000,1749636,0,0
2010-4-13,00:00:00,0.178,0.178,0.162,0.172,7630000,1309350,0,0
2010-4-14,00:00:00,0.170,0.172,0.165,0.166,2210000,370240,0,0
2010-4-15,00:00:00,0.165,0.170,0.165,0.165,602500,100788,0,0
2010-4-16,00:00:00,0.170,0.175,0.160,0.165,8405000,1418375,0,0
2010-4-19,00:00:00,0.160,0.165,0.155,0.157,4160000,667260,0,0
2010-4-20,00:00:00,0.165,0.165,0.155,0.155,340000,54250,0,0
2010-4-21,00:00:00,0.155,0.159,0.155,0.156,680000,106680,0,0
2010-4-22,00:00:00,0.160,0.160,0.155,0.155,1059000,165559,0,0
2010-4-23,00:00:00,0.152,0.152,0.149,0.149,4414000,666250,0,0
2010-4-26,00:00:00,0.150,0.163,0.150,0.158,1710000,269860,0,0
2010-4-27,00:00:00,0.158,0.158,0.145,0.147,2830000,425860,0,0
2010-4-28,00:00:00,0.145,0.165,0.145,0.155,6280000,1003200,0,0
2010-4-29,00:00:00,0.165,0.165,0.155,0.160,1740000,276540,0,0
2010-4-30,00:00:00,0.160,0.160,0.157,0.160,970000,154750,0,0
2010-5-3,00:00:00,0.159,0.160,0.155,0.160,1180000,184040,0,0
2010-5-4,00:00:00,0.160,0.160,0.156,0.159,3920000,619910,0,0
2010-5-5,00:00:00,0.150,0.157,0.150,0.154,530000,81680,0,0
2010-5-6,00:00:00,0.155,0.155,0.145,0.147,4720000,703000,0,0
2010-5-7,00:00:00,0.155,0.155,0.139,0.148,4440000,657180,0,0
2010-5-10,00:00:00,0.145,0.150,0.145,0.150,970000,141800,0,0
2010-5-11,00:00:00,0.146,0.150,0.146,0.150,550000,80900,0,0
2010-5-12,00:00:00,0.150,0.150,0.150,0.150,1800000,270000,0,0
2010-5-13,00:00:00,0.146,0.150,0.146,0.150,6090000,910420,0,0
2010-5-14,00:00:00,0.150,0.150,0.145,0.150,2330000,343800,0,0
2010-5-17,00:00:00,0.150,0.150,0.140,0.144,4665000,666935,0,0
2010-5-18,00:00:00,0.136,0.140,0.136,0.140,1625000,221090,0,0
2010-5-19,00:00:00,0.138,0.138,0.138,0.138,50000,6900,0,0
2010-5-20,00:00:00,0.137,0.137,0.120,0.128,2010000,245570,0,0
2010-5-24,00:00:00,0.130,0.137,0.130,0.130,1270000,166030,0,0
2010-5-25,00:00:00,0.120,0.134,0.119,0.127,4610000,557800,0,0
2010-5-26,00:00:00,0.125,0.125,0.110,0.119,10250000,1187490,0,0
2010-5-27,00:00:00,0.113,0.120,0.108,0.120,15810000,1749050,0,0
2010-5-28,00:00:00,0.118,0.129,0.116,0.120,3410070,403198,0,0
2010-5-31,00:00:00,0.112,0.120,0.112,0.120,1690000,193430,0,0
2010-6-1,00:00:00,0.108,0.117,0.108,0.117,4460000,497400,0,0
2010-6-2,00:00:00,0.117,0.118,0.112,0.115,3120070,356428,0,0
2010-6-3,00:00:00,0.118,0.118,0.113,0.117,3310000,380400,0,0
2010-6-4,00:00:00,0.115,0.115,0.115,0.117,520000,59800,0,0
2010-6-7,00:00:00,0.117,0.117,0.111,0.115,650000,72880,0,0
2010-6-8,00:00:00,0.110,0.115,0.110,0.115,512000,58302,0,0
2010-6-9,00:00:00,0.111,0.115,0.111,0.115,2220000,249710,0,0
2010-6-10,00:00:00,0.115,0.118,0.115,0.118,1250000,146190,0,0
2010-6-11,00:00:00,0.117,0.117,0.115,0.116,410000,47600,0,0
2010-6-14,00:00:00,0.116,0.122,0.112,0.121,3330000,388920,0,0
2010-6-15,00:00:00,0.120,0.131,0.120,0.127,3400000,431350,0,0
2010-6-17,00:00:00,0.127,0.135,0.127,0.135,2220000,291800,0,0
2010-6-18,00:00:00,0.137,0.144,0.135,0.144,3990000,554850,0,0
2010-6-21,00:00:00,0.144,0.160,0.143,0.152,16590000,2498790,0,0
2010-6-22,00:00:00,0.148,0.160,0.148,0.159,12605000,1964930,0,0
2010-6-23,00:00:00,0.164,0.164,0.158,0.160,5790000,920720,0,0
2010-6-24,00:00:00,0.160,0.161,0.160,0.160,5920000,947530,0,0
2010-6-25,00:00:00,0.159,0.165,0.158,0.162,5986000,962710,0,0
2010-6-28,00:00:00,0.168,0.185,0.168,0.175,15102000,2685812,0,0
2010-6-29,00:00:00,0.178,0.182,0.176,0.177,11440000,2038240,0,0
2010-6-30,00:00:00,0.168,0.185,0.163,0.180,7437000,1318250,0,0
2010-7-2,00:00:00,0.179,0.179,0.173,0.176,7735000,1373885,0,0
2010-7-5,00:00:00,0.178,0.178,0.172,0.174,10630000,1847190,0,0
2010-7-6,00:00:00,0.174,0.180,0.174,0.180,7509500,1332676,0,0
2010-7-7,00:00:00,0.174,0.189,0.173,0.184,6100000,1107990,0,0
2010-7-8,00:00:00,0.184,0.188,0.180,0.184,4770000,882910,0,0
2010-7-9,00:00:00,0.177,0.179,0.175,0.179,1980000,348730,0,0
2010-7-12,00:00:00,0.175,0.176,0.165,0.170,5385000,931580,0,0
2010-7-13,00:00:00,0.170,0.170,0.159,0.160,1880000,301480,0,0
2010-7-14,00:00:00,0.160,0.160,0.151,0.155,5980000,926290,0,0
2010-7-15,00:00:00,0.152,0.155,0.148,0.155,2030000,308880,0,0
2010-7-16,00:00:00,0.154,0.154,0.151,0.153,815000,125235,0,0
2010-7-19,00:00:00,0.155,0.155,0.140,0.147,5305000,780020,0,0
2010-7-20,00:00:00,0.149,0.154,0.149,0.152,500000,76800,0,0
2010-7-21,00:00:00,0.147,0.147,0.147,0.147,50000,7350,0,0
2010-7-22,00:00:00,0.140,0.150,0.140,0.149,1310000,195370,0,0
2010-7-23,00:00:00,0.143,0.149,0.143,0.146,2550000,373670,0,0
2010-7-26,00:00:00,0.146,0.146,0.146,0.146,130000,18980,0,0
2010-7-27,00:00:00,0.145,0.145,0.144,0.145,1960000,283900,0,0
2010-7-28,00:00:00,0.144,0.150,0.144,0.150,220000,32590,0,0
2010-7-29,00:00:00,0.150,0.150,0.143,0.145,1365000,197595,0,0
2010-7-30,00:00:00,0.145,0.146,0.142,0.146,1140000,165270,0,0
2010-8-2,00:00:00,0.148,0.148,0.148,0.148,215000,31780,0,0
2010-8-3,00:00:00,0.148,0.153,0.148,0.153,3410000,510080,0,0
2010-8-4,00:00:00,0.156,0.158,0.156,0.158,1252500,196650,0,0
2010-8-5,00:00:00,0.155,0.159,0.153,0.157,308000,48228,0,0
2010-8-6,00:00:00,0.155,0.155,0.154,0.155,290000,44850,0,0
2010-8-9,00:00:00,0.158,0.158,0.158,0.158,100000,15800,0,0
2010-8-10,00:00:00,0.154,0.154,0.154,0.154,60000,9240,0,0
2010-8-11,00:00:00,0.154,0.154,0.150,0.150,98000,14860,0,0
2010-8-12,00:00:00,0.150,0.150,0.143,0.143,1705000,247335,0,0
2010-8-13,00:00:00,0.145,0.145,0.143,0.145,215000,31120,0,0
2010-8-16,00:00:00,0.145,0.148,0.143,0.147,600000,86700,0,0
2010-8-17,00:00:00,0.146,0.146,0.136,0.145,760000,107900,0,0
2010-8-18,00:00:00,0.143,0.143,0.143,0.143,28000,3900,0,0
2010-8-19,00:00:00,0.145,0.147,0.144,0.147,880000,128240,0,0
2010-8-20,00:00:00,0.147,0.147,0.143,0.143,240000,34360,0,0
2010-8-23,00:00:00,0.143,0.143,0.143,0.143,410000,58630,0,0
2010-8-24,00:00:00,0.148,0.148,0.148,0.148,30000,4440,0,0
2010-8-25,00:00:00,0.146,0.146,0.146,0.146,30000,4380,0,0
2010-8-26,00:00:00,0.150,0.151,0.148,0.149,850000,127610,0,0
2010-8-27,00:00:00,0.149,0.151,0.148,0.148,60000,8980,0,0
2010-8-30,00:00:00,0.149,0.149,0.149,0.149,60000,8940,0,0
2010-8-31,00:00:00,0.144,0.144,0.144,0.144,200000,28800,0,0
2010-9-1,00:00:00,0.144,0.145,0.144,0.145,400000,57800,0,0
2010-9-2,00:00:00,0.147,0.147,0.147,0.147,350000,51450,0,0
2010-9-3,00:00:00,0.131,0.146,0.131,0.145,495000,70085,0,0
2010-9-6,00:00:00,0.136,0.148,0.136,0.145,370000,52630,0,0
2010-9-7,00:00:00,0.140,0.140,0.140,0.142,125000,17460,0,0
2010-9-8,00:00:00,0.147,0.147,0.147,0.147,10000,1470,0,0
2010-9-9,00:00:00,0.147,0.147,0.141,0.144,385000,55035,0,0
2010-9-10,00:00:00,0.146,0.148,0.146,0.148,284000,41452,0,0
2010-9-13,00:00:00,0.141,0.149,0.141,0.147,3400000,498790,0,0
2010-9-14,00:00:00,0.141,0.142,0.141,0.141,2050000,289330,0,0
2010-9-15,00:00:00,0.145,0.147,0.141,0.142,1325000,192630,0,0
2010-9-16,00:00:00,0.145,0.145,0.145,0.146,275000,39825,0,0
2010-9-17,00:00:00,0.150,0.172,0.149,0.156,11515000,1827490,0,0
2010-9-20,00:00:00,0.158,0.158,0.150,0.155,812250,125415,0,0
2010-9-21,00:00:00,0.150,0.163,0.150,0.163,820250,130585,0,0
2010-9-22,00:00:00,0.165,0.165,0.162,0.162,670000,110100,0,0
2010-9-24,00:00:00,0.158,0.161,0.155,0.161,320000,50800,0,0
2010-9-27,00:00:00,0.161,0.163,0.153,0.160,1690000,266460,0,0
2010-9-28,00:00:00,0.160,0.160,0.160,0.159,200000,32000,0,0
2010-9-29,00:00:00,0.153,0.153,0.153,0.153,20000,3060,0,0
2010-9-30,00:00:00,0.150,0.153,0.150,0.153,800000,121550,0,0
2010-10-4,00:00:00,0.160,0.160,0.152,0.160,5040000,798300,0,0
2010-10-5,00:00:00,0.151,0.153,0.151,0.151,530000,80700,0,0
2010-10-6,00:00:00,0.152,0.157,0.151,0.151,972500,148255,0,0
2010-10-7,00:00:00,0.154,0.154,0.152,0.153,400000,61230,0,0
2010-10-8,00:00:00,0.151,0.155,0.150,0.153,1240000,186680,0,0
2010-10-11,00:00:00,0.151,0.151,0.145,0.149,982000,147224,0,0
2010-10-12,00:00:00,0.149,0.149,0.148,0.148,150000,22300,0,0
2010-10-13,00:00:00,0.147,0.165,0.147,0.156,883000,138645,0,0
2010-10-14,00:00:00,0.153,0.155,0.153,0.154,360000,55205,0,0
2010-10-15,00:00:00,0.154,0.161,0.153,0.160,3381080,529028,0,0
2010-10-18,00:00:00,0.161,0.161,0.155,0.155,2100000,330430,0,0
2010-10-19,00:00:00,0.155,0.160,0.150,0.158,2571000,392953,0,0
2010-10-20,00:00:00,0.148,0.158,0.148,0.156,1293000,202150,0,0
2010-10-21,00:00:00,0.157,0.157,0.151,0.156,840000,128580,0,0
2010-10-22,00:00:00,0.153,0.158,0.153,0.158,515000,80730,0,0
2010-10-25,00:00:00,0.158,0.160,0.153,0.160,1051000,164365,0,0
2010-10-26,00:00:00,0.155,0.155,0.154,0.154,655500,101453,0,0
2010-10-27,00:00:00,0.158,0.163,0.154,0.154,1920000,304050,0,0
2010-10-28,00:00:00,0.155,0.155,0.155,0.155,200000,31000,0,0
2010-10-29,00:00:00,0.160,0.160,0.152,0.157,828100,128364,0,0
2010-11-1,00:00:00,0.157,0.157,0.152,0.157,642500,98383,0,0
2010-11-2,00:00:00,0.150,0.153,0.150,0.150,1299000,196250,0,0
2010-11-3,00:00:00,0.150,0.153,0.149,0.153,3454000,517708,0,0
2010-11-4,00:00:00,0.151,0.151,0.149,0.150,915000,136840,0,0
2010-11-5,00:00:00,0.150,0.150,0.147,0.149,1480000,220805,0,0
2010-11-8,00:00:00,0.150,0.158,0.150,0.158,3270000,502150,0,0
2010-11-9,00:00:00,0.160,0.166,0.158,0.164,15672500,2565315,0,0
2010-11-10,00:00:00,0.160,0.175,0.160,0.167,10425000,1746280,0,0
2010-11-11,00:00:00,0.167,0.179,0.167,0.169,5850000,1008955,0,0
2010-11-12,00:00:00,0.163,0.172,0.163,0.164,1020000,170130,0,0
2010-11-15,00:00:00,0.169,0.169,0.158,0.167,870000,142260,0,0
2010-11-16,00:00:00,0.162,0.163,0.162,0.162,270000,43705,0,0
2010-11-17,00:00:00,0.159,0.159,0.159,0.159,580000,92220,0,0
2010-11-18,00:00:00,0.151,0.162,0.151,0.161,1030000,160110,0,0
2010-11-19,00:00:00,0.160,0.160,0.160,0.160,35000,5550,0,0
2010-11-22,00:00:00,0.165,0.168,0.153,0.158,2650000,427270,0,0
2010-11-23,00:00:00,0.157,0.159,0.155,0.159,580000,89980,0,0
2010-11-24,00:00:00,0.159,0.169,0.159,0.159,2730000,449730,0,0
2010-11-25,00:00:00,0.155,0.168,0.155,0.165,4150000,661350,0,0
2010-11-26,00:00:00,0.157,0.169,0.153,0.160,2780000,445560,0,0
2010-11-29,00:00:00,0.167,0.167,0.158,0.164,1305000,217160,0,0
2010-11-30,00:00:00,0.158,0.164,0.158,0.164,1090000,174540,0,0
2010-12-1,00:00:00,0.160,0.163,0.158,0.161,2590000,417470,0,0
2010-12-2,00:00:00,0.160,0.166,0.160,0.160,590000,94500,0,0
2010-12-3,00:00:00,0.166,0.166,0.160,0.160,185000,29610,0,0
2010-12-6,00:00:00,0.160,0.168,0.160,0.168,4140000,688460,0,0
2010-12-7,00:00:00,0.166,0.168,0.163,0.165,2529000,418916,0,0
2010-12-8,00:00:00,0.170,0.173,0.167,0.172,6090000,1039575,0,0
2010-12-9,00:00:00,0.173,0.193,0.172,0.187,27340000,5020020,0,0
2010-12-10,00:00:00,0.187,0.187,0.170,0.176,5687000,987447,0,0
2010-12-13,00:00:00,0.165,0.172,0.163,0.171,2661000,440542,0,0
2010-12-14,00:00:00,0.166,0.166,0.160,0.160,4900000,792500,0,0
2010-12-15,00:00:00,0.160,0.160,0.149,0.153,6730000,1035960,0,0
2010-12-16,00:00:00,0.160,0.163,0.158,0.158,1380000,221440,0,0
2010-12-17,00:00:00,0.152,0.155,0.152,0.155,220000,33780,0,0
2010-12-20,00:00:00,0.152,0.154,0.150,0.156,1730000,262690,0,0
2010-12-21,00:00:00,0.150,0.160,0.150,0.160,1920000,297490,0,0
2010-12-22,00:00:00,0.155,0.155,0.155,0.155,117000,18065,0,0
2010-12-23,00:00:00,0.156,0.156,0.153,0.154,930000,142890,0,0
2010-12-24,00:00:00,0.151,0.151,0.150,0.150,1900000,285190,0,0
2010-12-28,00:00:00,0.148,0.150,0.148,0.150,3892500,579665,0,0
2010-12-29,00:00:00,0.152,0.157,0.152,0.156,200000,30790,0,0
2010-12-30,00:00:00,0.153,0.158,0.148,0.157,460000,68850,0,0
2011-1-3,00:00:00,0.155,0.158,0.155,0.158,570000,89490,0,0
2011-1-4,00:00:00,0.151,0.157,0.151,0.157,540000,84660,0,0
2011-1-5,00:00:00,0.153,0.153,0.153,0.153,40000,6120,0,0
2011-1-6,00:00:00,0.158,0.158,0.151,0.156,885000,134900,0,0
2011-1-7,00:00:00,0.158,0.158,0.153,0.153,905000,139675,0,0
2011-1-10,00:00:00,0.155,0.155,0.150,0.155,751000,115215,0,0
2011-1-11,00:00:00,0.155,0.160,0.155,0.160,1042000,163266,0,0
2011-1-12,00:00:00,0.153,0.157,0.151,0.152,484500,73786,0,0
2011-1-13,00:00:00,0.150,0.151,0.150,0.150,2210000,332830,0,0
2011-1-14,00:00:00,0.150,0.156,0.150,0.151,1946500,295910,0,0
2011-1-17,00:00:00,0.151,0.157,0.148,0.157,2280000,341350,0,0
2011-1-18,00:00:00,0.155,0.155,0.150,0.154,970000,146290,0,0
2011-1-19,00:00:00,0.147,0.155,0.147,0.155,910000,137050,0,0
2011-1-20,00:00:00,0.150,0.153,0.150,0.152,505000,76690,0,0
2011-1-21,00:00:00,0.154,0.154,0.152,0.154,110000,16780,0,0
2011-1-24,00:00:00,0.150,0.156,0.150,0.155,4470000,691830,0,0
2011-1-25,00:00:00,0.155,0.159,0.153,0.153,1600000,247220,0,0
2011-1-26,00:00:00,0.159,0.168,0.158,0.163,7330000,1207980,0,0
2011-1-27,00:00:00,0.166,0.170,0.165,0.169,4340000,724850,0,0
2011-1-31,00:00:00,0.178,0.188,0.172,0.177,20570000,3693615,0,0
2011-2-1,00:00:00,0.180,0.184,0.177,0.179,5617500,1012388,0,0
2011-2-2,00:00:00,0.180,0.180,0.172,0.178,1855000,330010,0,0
2011-2-7,00:00:00,0.183,0.183,0.171,0.175,695000,123520,0,0
2011-2-8,00:00:00,0.173,0.175,0.165,0.172,1190000,202920,0,0
2011-2-9,00:00:00,0.164,0.169,0.164,0.169,170000,28130,0,0
2011-2-10,00:00:00,0.165,0.165,0.163,0.165,757000,124092,0,0
2011-2-11,00:00:00,0.165,0.167,0.160,0.165,850000,138620,0,0
2011-2-14,00:00:00,0.165,0.169,0.165,0.168,937500,155980,0,0
2011-2-15,00:00:00,0.162,0.162,0.160,0.160,347500,56085,0,0
2011-2-16,00:00:00,0.155,0.162,0.155,0.162,695000,108490,0,0
2011-2-17,00:00:00,0.162,0.163,0.160,0.163,1534000,247123,0,0
2011-2-18,00:00:00,0.163,0.165,0.163,0.165,1010000,164880,0,0
2011-2-21,00:00:00,0.165,0.175,0.165,0.176,4250000,715550,0,0
2011-2-22,00:00:00,0.187,0.187,0.173,0.178,8801000,1591893,0,0
2011-2-23,00:00:00,0.171,0.175,0.168,0.175,1130000,192580,0,0
2011-2-24,00:00:00,0.175,0.182,0.175,0.180,4090000,726470,0,0
2011-2-25,00:00:00,0.180,0.180,0.161,0.167,4480000,746720,0,0
2011-2-28,00:00:00,0.163,0.163,0.157,0.163,1437500,232805,0,0
2011-3-1,00:00:00,0.163,0.163,0.163,0.163,2169500,353553,0,0
2011-3-2,00:00:00,0.165,0.165,0.165,0.165,130000,21450,0,0
2011-3-3,00:00:00,0.167,0.170,0.166,0.169,440000,73785,0,0
2011-3-4,00:00:00,0.169,0.173,0.160,0.160,1950000,319900,0,0
2011-3-7,00:00:00,0.162,0.162,0.158,0.162,1260000,202740,0,0
2011-3-8,00:00:00,0.159,0.162,0.158,0.163,770000,123110,0,0
2011-3-9,00:00:00,0.158,0.160,0.158,0.160,730000,115690,0,0
2011-3-10,00:00:00,0.159,0.160,0.157,0.159,900000,142420,0,0
2011-3-11,00:00:00,0.159,0.159,0.154,0.159,420000,65510,0,0
2011-3-14,00:00:00,0.150,0.159,0.146,0.158,4605000,688030,0,0
2011-3-15,00:00:00,0.150,0.152,0.147,0.148,2710000,402310,0,0
2011-3-16,00:00:00,0.147,0.152,0.145,0.152,2620000,388090,0,0
2011-3-17,00:00:00,0.145,0.148,0.145,0.145,630000,91850,0,0
2011-3-18,00:00:00,0.145,0.150,0.145,0.150,990000,145850,0,0
2011-3-21,00:00:00,0.152,0.152,0.152,0.152,130000,19760,0,0
2011-3-22,00:00:00,0.155,0.158,0.151,0.154,824500,127968,0,0
2011-3-23,00:00:00,0.160,0.160,0.151,0.153,175000,27275,0,0
2011-3-24,00:00:00,0.151,0.152,0.148,0.148,3420000,517750,0,0
2011-3-25,00:00:00,0.150,0.155,0.150,0.150,850000,129730,0,0
2011-3-29,00:00:00,0.148,0.150,0.148,0.150,375000,56020,0,0
2011-3-30,00:00:00,0.151,0.151,0.148,0.146,1105000,165090,0,0
2011-3-31,00:00:00,0.148,0.148,0.145,0.145,1920000,281980,0,0
2011-4-1,00:00:00,0.146,0.146,0.145,0.146,575000,83890,0,0
2011-4-4,00:00:00,0.146,0.154,0.146,0.154,1069000,156915,0,0
2011-4-6,00:00:00,0.154,0.155,0.147,0.154,1231000,190050,0,0
2011-4-7,00:00:00,0.150,0.150,0.150,0.150,20000,3000,0,0
2011-4-8,00:00:00,0.150,0.152,0.149,0.151,1522000,230080,0,0
2011-4-11,00:00:00,0.155,0.155,0.155,0.155,200000,31000,0,0
2011-4-12,00:00:00,0.147,0.149,0.147,0.149,1760000,259080,0,0
2011-4-13,00:00:00,0.150,0.151,0.150,0.151,410000,61710,0,0
2011-4-14,00:00:00,0.146,0.151,0.146,0.151,503500,75600,0,0
2011-4-15,00:00:00,0.148,0.153,0.148,0.153,1590000,239610,0,0
2011-4-18,00:00:00,0.154,0.154,0.150,0.150,2330000,352210,0,0
2011-4-19,00:00:00,0.150,0.150,0.146,0.150,480000,70480,0,0
2011-4-20,00:00:00,0.155,0.155,0.149,0.153,1465000,224460,0,0
2011-4-21,00:00:00,0.155,0.158,0.148,0.153,460000,70810,0,0
2011-4-26,00:00:00,0.148,0.154,0.148,0.151,1220000,185190,0,0
2011-4-27,00:00:00,0.151,0.154,0.151,0.153,2410000,367870,0,0
2011-4-28,00:00:00,0.149,0.152,0.149,0.152,910000,135650,0,0
2011-4-29,00:00:00,0.147,0.149,0.147,0.153,390000,57550,0,0
2011-5-3,00:00:00,0.148,0.153,0.148,0.153,590000,87520,0,0
2011-5-4,00:00:00,0.149,0.152,0.149,0.152,550000,82100,0,0
2011-5-5,00:00:00,0.145,0.152,0.145,0.152,3250000,478250,0,0
2011-5-6,00:00:00,0.143,0.151,0.143,0.148,730000,106670,0,0
2011-5-9,00:00:00,0.150,0.150,0.145,0.149,1960000,285455,0,0
2011-5-11,00:00:00,0.148,0.150,0.145,0.150,250000,36430,0,0
2011-5-12,00:00:00,0.148,0.148,0.148,0.148,128000,18840,0,0
2011-5-13,00:00:00,0.148,0.148,0.144,0.148,597500,87690,0,0
2011-5-16,00:00:00,0.144,0.151,0.144,0.151,555000,81650,0,0
2011-5-17,00:00:00,0.144,0.152,0.144,0.144,800000,116330,0,0
2011-5-18,00:00:00,0.148,0.150,0.144,0.148,1871000,277343,0,0
2011-5-19,00:00:00,0.150,0.150,0.143,0.147,640000,94880,0,0
2011-5-20,00:00:00,0.145,0.147,0.143,0.147,145000,20895,0,0
2011-5-23,00:00:00,0.141,0.147,0.141,0.146,790000,113090,0,0
2011-5-24,00:00:00,0.141,0.147,0.140,0.147,1320000,186100,0,0
2011-5-25,00:00:00,0.142,0.145,0.140,0.144,1740000,247220,0,0
2011-5-26,00:00:00,0.141,0.152,0.141,0.152,1082500,156928,0,0
2011-5-27,00:00:00,0.145,0.150,0.145,0.150,311000,45955,0,0
2011-5-30,00:00:00,0.145,0.150,0.145,0.150,140000,20650,0,0
2011-5-31,00:00:00,0.146,0.150,0.146,0.150,611000,90180,0,0
2011-6-1,00:00:00,0.146,0.155,0.146,0.150,1477000,220720,0,0
2011-6-2,00:00:00,0.147,0.147,0.147,0.149,500000,73500,0,0
2011-6-3,00:00:00,0.146,0.152,0.145,0.152,1599000,233714,0,0
2011-6-7,00:00:00,0.156,0.157,0.153,0.151,1330000,204400,0,0
2011-6-9,00:00:00,0.145,0.152,0.145,0.148,505000,74060,0,0
2011-6-10,00:00:00,0.146,0.150,0.145,0.150,250000,36580,0,0
2011-6-13,00:00:00,0.145,0.149,0.145,0.149,4480000,650130,0,0
2011-6-14,00:00:00,0.143,0.149,0.143,0.149,1103000,159045,0,0
2011-6-15,00:00:00,0.145,0.149,0.145,0.149,150000,21950,0,0
2011-6-16,00:00:00,0.145,0.145,0.135,0.136,2850000,396540,0,0
2011-6-17,00:00:00,0.136,0.142,0.134,0.137,900000,123220,0,0
2011-6-20,00:00:00,0.134,0.137,0.134,0.135,380000,51690,0,0
2011-6-21,00:00:00,0.144,0.144,0.136,0.144,390000,55980,0,0
2011-6-22,00:00:00,0.138,0.144,0.137,0.144,259000,36041,0,0
2011-6-23,00:00:00,0.137,0.142,0.137,0.142,370000,51140,0,0
2011-6-27,00:00:00,0.147,0.153,0.142,0.146,865000,128240,0,0
2011-6-28,00:00:00,0.148,0.148,0.148,0.148,330000,48540,0,0
2011-6-29,00:00:00,0.148,0.148,0.147,0.148,50000,7360,0,0
2011-6-30,00:00:00,0.142,0.147,0.142,0.143,145000,20780,0,0
2011-7-4,00:00:00,0.150,0.151,0.150,0.147,230000,34720,0,0
2011-7-6,00:00:00,0.146,0.146,0.141,0.143,150000,21650,0,0
2011-7-7,00:00:00,0.142,0.145,0.142,0.144,850000,121450,0,0
2011-7-8,00:00:00,0.140,0.147,0.140,0.145,355000,50040,0,0
2011-7-11,00:00:00,0.146,0.146,0.141,0.144,350000,50480,0,0
2011-7-12,00:00:00,0.136,0.142,0.136,0.141,730000,100160,0,0
2011-7-13,00:00:00,0.141,0.141,0.137,0.143,130000,18210,0,0
2011-7-14,00:00:00,0.140,0.140,0.138,0.143,400000,55920,0,0
2011-7-15,00:00:00,0.139,0.139,0.139,0.143,30000,4170,0,0
2011-7-19,00:00:00,0.140,0.140,0.136,0.139,586000,80250,0,0
2011-7-20,00:00:00,0.139,0.143,0.139,0.143,40000,5600,0,0
2011-7-21,00:00:00,0.138,0.138,0.138,0.142,50000,6900,0,0
2011-7-22,00:00:00,0.144,0.144,0.144,0.144,30000,4320,0,0
2011-7-25,00:00:00,0.140,0.145,0.140,0.145,310000,43940,0,0
2011-7-26,00:00:00,0.142,0.145,0.142,0.143,750000,107890,0,0
2011-7-27,00:00:00,0.146,0.146,0.142,0.145,650000,94180,0,0
2011-7-28,00:00:00,0.145,0.148,0.143,0.148,360000,52220,0,0
2011-7-29,00:00:00,0.150,0.151,0.145,0.145,2960000,439930,0,0
2011-8-1,00:00:00,0.148,0.150,0.145,0.148,3450000,510180,0,0
2011-8-3,00:00:00,0.142,0.142,0.142,0.146,14000,1948,0,0
2011-8-4,00:00:00,0.142,0.142,0.142,0.143,50000,7100,0,0
2011-8-5,00:00:00,0.138,0.143,0.130,0.136,2100000,280860,0,0
2011-8-8,00:00:00,0.132,0.137,0.125,0.137,1830000,239200,0,0
2011-8-9,00:00:00,0.128,0.133,0.120,0.131,6167000,767345,0,0
2011-8-10,00:00:00,0.136,0.136,0.130,0.132,320000,41880,0,0
2011-8-11,00:00:00,0.138,0.138,0.128,0.133,580000,75860,0,0
2011-8-12,00:00:00,0.140,0.140,0.130,0.133,1210000,157580,0,0
2011-8-15,00:00:00,0.131,0.137,0.131,0.136,1030000,135110,0,0
2011-8-16,00:00:00,0.138,0.138,0.130,0.136,880000,115440,0,0
2011-8-17,00:00:00,0.136,0.136,0.132,0.136,880000,117010,0,0
2011-8-18,00:00:00,0.131,0.135,0.131,0.135,380000,50100,0,0
2011-8-19,00:00:00,0.126,0.136,0.123,0.136,1045000,135630,0,0
2011-8-22,00:00:00,0.130,0.135,0.130,0.135,435000,57665,0,0
2011-8-23,00:00:00,0.130,0.134,0.130,0.134,220000,28800,0,0
2011-8-24,00:00:00,0.130,0.135,0.130,0.132,380000,50310,0,0
2011-8-25,00:00:00,0.130,0.130,0.128,0.128,230000,29550,0,0
2011-8-26,00:00:00,0.130,0.134,0.130,0.134,80000,10520,0,0
2011-8-29,00:00:00,0.133,0.133,0.133,0.133,20000,2660,0,0
2011-8-30,00:00:00,0.130,0.130,0.130,0.132,185000,24010,0,0
2011-8-31,00:00:00,0.127,0.133,0.127,0.133,360000,46500,0,0
2011-9-2,00:00:00,0.129,0.129,0.127,0.129,340000,43450,0,0
2011-9-5,00:00:00,0.129,0.129,0.123,0.130,660000,83740,0,0
2011-9-6,00:00:00,0.127,0.130,0.127,0.130,350000,44650,0,0
2011-9-7,00:00:00,0.127,0.130,0.123,0.130,790000,98530,0,0
2011-9-8,00:00:00,0.127,0.127,0.127,0.130,40000,5080,0,0
2011-9-9,00:00:00,0.127,0.127,0.127,0.129,380000,48260,0,0
2011-9-12,00:00:00,0.127,0.127,0.121,0.121,535000,66100,0,0
2011-9-14,00:00:00,0.127,0.128,0.123,0.128,310000,38950,0,0
2011-9-15,00:00:00,0.125,0.127,0.121,0.127,370000,45510,0,0
2011-9-16,00:00:00,0.120,0.132,0.120,0.130,530000,64370,0,0
2011-9-22,00:00:00,0.125,0.125,0.118,0.123,980000,121160,0,0
2011-9-23,00:00:00,0.118,0.118,0.116,0.116,205000,23930,0,0
2011-9-26,00:00:00,0.116,0.116,0.108,0.108,1220000,135650,0,0
2011-9-27,00:00:00,0.105,0.110,0.105,0.105,2820000,307600,0,0
2011-9-28,00:00:00,0.100,0.100,0.090,0.098,810000,76460,0,0
2011-9-30,00:00:00,0.103,0.103,0.092,0.092,560000,55770,0,0
2011-10-3,00:00:00,0.091,0.092,0.088,0.092,850000,77310,0,0
2011-10-4,00:00:00,0.088,0.092,0.088,0.090,1720000,155410,0,0
2011-10-7,00:00:00,0.090,0.090,0.088,0.090,177500,15800,0,0
2011-10-10,00:00:00,0.098,0.098,0.097,0.098,135000,12965,0,0
2011-10-11,00:00:00,0.098,0.103,0.098,0.100,2120000,212360,0,0
2011-10-13,00:00:00,0.101,0.105,0.101,0.101,1880000,194690,0,0
2011-10-17,00:00:00,0.081,0.100,0.081,0.100,312000,30560,0,0
2011-10-19,00:00:00,0.098,0.098,0.083,0.088,2130000,182040,0,0
2011-10-20,00:00:00,0.088,0.089,0.083,0.089,860000,74980,0,0
2011-10-21,00:00:00,0.091,0.099,0.091,0.099,335000,30925,0,0
2011-10-24,00:00:00,0.099,0.099,0.099,0.099,10000,990,0,0
2011-10-26,00:00:00,0.087,0.090,0.087,0.090,1050000,93340,0,0
2011-10-27,00:00:00,0.090,0.093,0.090,0.093,1030000,93900,0,0
2011-10-28,00:00:00,0.093,0.093,0.093,0.093,110000,10230,0,0
2011-10-31,00:00:00,0.087,0.092,0.087,0.092,190000,16630,0,0
2011-11-1,00:00:00,0.083,0.090,0.082,0.090,540000,45180,0,0
2011-11-2,00:00:00,0.088,0.088,0.088,0.088,100000,8800,0,0
2011-11-3,00:00:00,0.086,0.095,0.086,0.088,2835000,262490,0,0
2011-11-4,00:00:00,0.088,0.093,0.086,0.093,1920000,169090,0,0
2011-11-7,00:00:00,0.085,0.088,0.085,0.088,175000,14975,0,0
2011-11-8,00:00:00,0.088,0.088,0.088,0.088,600000,52800,0,0
2011-11-9,00:00:00,0.088,0.088,0.088,0.088,90000,7920,0,0
2011-11-15,00:00:00,0.088,0.096,0.088,0.094,380000,36200,0,0
2011-11-16,00:00:00,0.094,0.094,0.090,0.090,410000,37540,0,0
2011-11-17,00:00:00,0.091,0.091,0.083,0.088,5690000,475310,0,0
2011-11-18,00:00:00,0.086,0.088,0.086,0.088,110000,9580,0,0
2011-11-21,00:00:00,0.090,0.090,0.080,0.083,240000,20380,0,0
2011-11-22,00:00:00,0.083,0.083,0.083,0.083,10000,830,0,0
2011-11-24,00:00:00,0.088,0.090,0.088,0.090,1196000,105800,0,0
2011-11-28,00:00:00,0.084,0.084,0.081,0.085,320000,26610,0,0
2011-11-30,00:00:00,0.090,0.090,0.090,0.090,590000,53100,0,0
2011-12-1,00:00:00,0.095,0.100,0.095,0.094,2910000,281450,0,0
2011-12-5,00:00:00,0.094,0.095,0.094,0.095,70000,6610,0,0
2011-12-6,00:00:00,0.095,0.095,0.095,0.099,50000,4750,0,0
2011-12-7,00:00:00,0.100,0.100,0.100,0.100,310000,31230,0,0
2011-12-8,00:00:00,0.097,0.120,0.093,0.105,363500,36180,0,0
2011-12-9,00:00:00,0.110,0.110,0.100,0.109,375000,38250,0,0
2011-12-12,00:00:00,0.110,0.110,0.110,0.109,220000,24180,0,0
2011-12-13,00:00:00,0.114,0.114,0.114,0.114,30000,3420,0,0
2011-12-14,00:00:00,0.110,0.110,0.110,0.110,50000,5500,0,0
2011-12-15,00:00:00,0.115,0.115,0.115,0.110,50000,5750,0,0
2011-12-16,00:00:00,0.100,0.114,0.100,0.114,550000,55700,0,0
2011-12-19,00:00:00,0.101,0.117,0.100,0.117,740000,75400,0,0
2011-12-20,00:00:00,0.116,0.116,0.110,0.115,70000,7820,0,0
2011-12-21,00:00:00,0.119,0.120,0.100,0.108,1620000,179890,0,0
2011-12-23,00:00:00,0.092,0.115,0.092,0.115,550000,56400,0,0
2011-12-28,00:00:00,0.100,0.110,0.100,0.110,200000,20740,0,0
2011-12-30,00:00:00,0.120,0.120,0.105,0.111,400000,44590,0,0
2012-1-3,00:00:00,0.119,0.120,0.110,0.115,730000,84660,0,0
2012-1-5,00:00:00,0.112,0.115,0.112,0.115,545000,61640,0,0
2012-1-6,00:00:00,0.101,0.115,0.101,0.115,968000,108480,0,0
2012-1-9,00:00:00,0.120,0.120,0.115,0.115,1360000,161600,0,0
2012-1-10,00:00:00,0.114,0.114,0.110,0.114,135000,15280,0,0
2012-1-12,00:00:00,0.115,0.115,0.104,0.112,1505000,160840,0,0
2012-1-16,00:00:00,0.106,0.111,0.106,0.111,130000,13930,0,0
2012-1-17,00:00:00,0.114,0.114,0.111,0.114,290000,32230,0,0
2012-1-26,00:00:00,0.117,0.117,0.117,0.117,13000,1470,0,0
2012-1-30,00:00:00,0.104,0.104,0.104,0.105,75000,7755,0,0
2012-1-31,00:00:00,0.101,0.106,0.101,0.106,100000,10400,0,0
2012-2-2,00:00:00,0.098,0.105,0.098,0.102,1270000,126190,0,0
2012-2-3,00:00:00,0.095,0.102,0.095,0.102,295000,29160,0,0
2012-2-6,00:00:00,0.098,0.101,0.098,0.101,320000,31895,0,0
2012-2-7,00:00:00,0.099,0.099,0.098,0.098,220000,22080,0,0
2012-2-8,00:00:00,0.098,0.102,0.098,0.102,1955000,192220,0,0
2012-2-9,00:00:00,0.105,0.112,0.100,0.112,3600000,369010,0,0
2012-2-10,00:00:00,0.108,0.112,0.108,0.112,602000,66920,0,0
2012-2-13,00:00:00,0.112,0.112,0.104,0.104,1300000,139200,0,0
2012-2-14,00:00:00,0.101,0.102,0.101,0.101,120000,12220,0,0
2012-2-15,00:00:00,0.104,0.104,0.103,0.104,270000,28000,0,0
2012-2-16,00:00:00,0.104,0.108,0.104,0.108,990000,103000,0,0
2012-2-17,00:00:00,0.107,0.109,0.107,0.107,340000,36580,0,0
2012-2-20,00:00:00,0.110,0.112,0.107,0.107,810000,90200,0,0
2012-2-21,00:00:00,0.105,0.105,0.104,0.106,454000,47380,0,0
2012-2-22,00:00:00,0.106,0.106,0.106,0.106,80000,8480,0,0
2012-2-23,00:00:00,0.103,0.113,0.103,0.111,1320000,147070,0,0
2012-2-24,00:00:00,0.114,0.114,0.110,0.111,2000000,221200,0,0
2012-2-27,00:00:00,0.111,0.114,0.111,0.113,610000,68730,0,0
2012-2-28,00:00:00,0.105,0.111,0.105,0.111,110000,11680,0,0
2012-2-29,00:00:00,0.111,0.111,0.108,0.108,1130000,122640,0,0
2012-3-1,00:00:00,0.118,0.132,0.111,0.111,5390000,639180,0,0
2012-3-2,00:00:00,0.112,0.112,0.108,0.108,1260000,140830,0,0
2012-3-5,00:00:00,0.108,0.115,0.106,0.115,1110000,122710,0,0
2012-3-6,00:00:00,0.116,0.116,0.105,0.105,1850000,198180,0,0
2012-3-7,00:00:00,0.107,0.107,0.107,0.107,100000,10700,0,0
2012-3-9,00:00:00,0.104,0.112,0.104,0.112,310000,33230,0,0
2012-3-12,00:00:00,0.112,0.112,0.107,0.107,670000,72520,0,0
2012-3-13,00:00:00,0.105,0.105,0.105,0.106,60000,6300,0,0
2012-3-14,00:00:00,0.106,0.106,0.106,0.106,115000,12150,0,0
2012-3-15,00:00:00,0.105,0.106,0.103,0.106,120000,12550,0,0
2012-3-16,00:00:00,0.103,0.106,0.103,0.106,465000,48865,0,0
2012-3-19,00:00:00,0.103,0.118,0.103,0.111,110000,12140,0,0
2012-3-20,00:00:00,0.103,0.105,0.100,0.108,1010000,101610,0,0
2012-3-21,00:00:00,0.105,0.105,0.103,0.104,260000,27020,0,0
2012-3-22,00:00:00,0.105,0.105,0.105,0.105,770000,80850,0,0
2012-3-23,00:00:00,0.101,0.101,0.101,0.104,80000,8080,0,0
2012-3-27,00:00:00,0.110,0.110,0.110,0.109,20000,2200,0,0
2012-3-28,00:00:00,0.101,0.108,0.101,0.108,330000,34760,0,0
2012-3-29,00:00:00,0.104,0.110,0.101,0.110,395000,41425,0,0
2012-3-30,00:00:00,0.106,0.106,0.106,0.108,100000,10600,0,0
2012-4-2,00:00:00,0.102,0.110,0.102,0.110,110000,11860,0,0
2012-4-5,00:00:00,0.105,0.105,0.105,0.105,310000,32550,0,0
2012-4-12,00:00:00,0.105,0.105,0.104,0.108,35500,3658,0,0
2012-4-16,00:00:00,0.105,0.105,0.105,0.106,250000,26250,0,0
2012-4-17,00:00:00,0.105,0.105,0.105,0.108,250000,26250,0,0
2012-4-19,00:00:00,0.108,0.108,0.108,0.110,190000,20520,0,0
2012-4-20,00:00:00,0.110,0.112,0.110,0.110,140000,15460,0,0
2012-4-23,00:00:00,0.105,0.111,0.105,0.111,80000,8700,0,0
2012-4-24,00:00:00,0.105,0.110,0.105,0.110,90000,9700,0,0
2012-4-25,00:00:00,0.105,0.111,0.105,0.111,60000,6600,0,0
2012-4-26,00:00:00,0.105,0.110,0.105,0.110,60000,6490,0,0
2012-4-27,00:00:00,0.110,0.110,0.109,0.110,97500,10640,0,0
2012-5-3,00:00:00,0.105,0.110,0.105,0.110,70000,7500,0,0
2012-5-7,00:00:00,0.099,0.112,0.099,0.110,690000,70870,0,0
2012-5-10,00:00:00,0.100,0.108,0.100,0.104,1270000,128520,0,0
2012-5-11,00:00:00,0.102,0.107,0.101,0.106,700000,72840,0,0
2012-5-14,00:00:00,0.101,0.104,0.101,0.104,820000,83670,0,0
2012-5-16,00:00:00,0.096,0.102,0.096,0.102,312500,30768,0,0
2012-5-18,00:00:00,0.096,0.101,0.096,0.101,500000,48250,0,0
2012-5-22,00:00:00,0.096,0.101,0.096,0.101,166000,16580,0,0
2012-5-23,00:00:00,0.094,0.097,0.094,0.097,75000,7145,0,0
2012-5-24,00:00:00,0.096,0.102,0.091,0.096,2810000,260400,0,0
2012-5-28,00:00:00,0.105,0.105,0.094,0.101,150000,15130,0,0
2012-5-29,00:00:00,0.101,0.111,0.101,0.105,430000,45950,0,0
2012-5-30,00:00:00,0.091,0.100,0.091,0.100,40000,3830,0,0
2012-5-31,00:00:00,0.095,0.102,0.095,0.102,185000,18160,0,0
2012-6-1,00:00:00,0.096,0.103,0.096,0.103,260000,26430,0,0
2012-6-4,00:00:00,0.092,0.097,0.092,0.097,710000,65790,0,0
2012-6-5,00:00:00,0.099,0.100,0.099,0.100,220000,21820,0,0
2012-6-6,00:00:00,0.104,0.106,0.095,0.100,445000,44650,0,0
2012-6-7,00:00:00,0.100,0.102,0.099,0.101,205000,20530,0,0
2012-6-13,00:00:00,0.102,0.102,0.093,0.102,240000,23690,0,0
2012-6-15,00:00:00,0.101,0.102,0.101,0.100,85000,8520,0,0
2012-6-19,00:00:00,0.095,0.100,0.094,0.100,357500,34098,0,0
2012-6-20,00:00:00,0.098,0.099,0.098,0.099,300000,29450,0,0
2012-6-22,00:00:00,0.091,0.094,0.091,0.092,520000,47570,0,0
2012-6-25,00:00:00,0.091,0.097,0.091,0.097,460000,42320,0,0
2012-6-26,00:00:00,0.094,0.094,0.094,0.094,90000,8460,0,0
2012-6-28,00:00:00,0.087,0.092,0.086,0.091,590000,52020,0,0
2012-7-3,00:00:00,0.086,0.089,0.086,0.089,315000,27985,0,0
2012-7-4,00:00:00,0.085,0.089,0.085,0.089,205000,17850,0,0
2012-7-5,00:00:00,0.084,0.088,0.084,0.088,200000,17200,0,0
2012-7-6,00:00:00,0.088,0.093,0.085,0.090,1210000,107080,0,0
2012-7-9,00:00:00,0.090,0.092,0.085,0.092,350000,31650,0,0
2012-7-10,00:00:00,0.094,0.094,0.094,0.094,100000,9400,0,0
2012-7-11,00:00:00,0.089,0.093,0.089,0.093,95000,8610,0,0
2012-7-13,00:00:00,0.093,0.095,0.093,0.095,100000,9320,0,0
2012-7-16,00:00:00,0.095,0.102,0.095,0.100,2130000,206180,0,0
2012-7-17,00:00:00,0.102,0.115,0.102,0.114,4700000,529600,0,0
2012-7-18,00:00:00,0.114,0.160,0.114,0.159,30586500,4312430,0,0
2012-7-19,00:00:00,0.159,0.205,0.157,0.170,45845000,8365320,0,0
2012-7-20,00:00:00,0.160,0.165,0.150,0.153,24671000,3905972,0,0
2012-7-23,00:00:00,0.160,0.175,0.150,0.170,40430000,6647400,0,0
2012-7-24,00:00:00,0.170,0.170,0.163,0.163,4440000,743820,0,0
2012-7-25,00:00:00,0.161,0.171,0.160,0.168,29205000,4797360,0,0
2012-7-26,00:00:00,0.163,0.168,0.163,0.168,25590000,4232150,0,0
2012-7-27,00:00:00,0.165,0.169,0.160,0.168,18537500,3049925,0,0
2012-7-30,00:00:00,0.171,0.171,0.157,0.160,22669000,3629820,0,0
2012-7-31,00:00:00,0.160,0.163,0.155,0.163,16458000,2599220,0,0
2012-8-1,00:00:00,0.156,0.161,0.156,0.157,15800000,2527250,0,0
2012-8-2,00:00:00,0.154,0.157,0.153,0.157,20980000,3271840,0,0
2012-8-3,00:00:00,0.160,0.160,0.156,0.157,29000000,4540730,0,0
2012-8-6,00:00:00,0.157,0.166,0.155,0.161,17111500,2737305,0,0
2012-8-7,00:00:00,0.169,0.169,0.158,0.163,22020000,3549850,0,0
2012-8-8,00:00:00,0.165,0.165,0.158,0.163,2070500,333215,0,0
2012-8-9,00:00:00,0.162,0.163,0.158,0.163,8720000,1395840,0,0
2012-8-10,00:00:00,0.160,0.163,0.159,0.163,4815000,771825,0,0
2012-8-13,00:00:00,0.160,0.163,0.160,0.163,16265000,2617000,0,0
2012-8-14,00:00:00,0.161,0.166,0.161,0.163,14665000,2380845,0,0
2012-8-15,00:00:00,0.160,0.161,0.156,0.160,3390000,538000,0,0
2012-8-16,00:00:00,0.160,0.160,0.155,0.160,11315000,1799235,0,0
2012-8-17,00:00:00,0.160,0.160,0.159,0.160,4130000,657580,0,0
2012-8-20,00:00:00,0.160,0.160,0.157,0.159,1160000,184800,0,0
2012-8-21,00:00:00,0.158,0.161,0.157,0.161,9470000,1508580,0,0
2012-8-22,00:00:00,0.160,0.160,0.155,0.160,2760000,437520,0,0
2012-8-23,00:00:00,0.158,0.160,0.158,0.160,10620000,1679020,0,0
2012-8-24,00:00:00,0.159,0.161,0.154,0.161,16320000,2566650,0,0
2012-8-27,00:00:00,0.161,0.165,0.159,0.162,14230000,2270200,0,0
2012-8-28,00:00:00,0.168,0.168,0.160,0.165,18475000,3026680,0,0
2012-8-29,00:00:00,0.160,0.168,0.160,0.167,16920000,2790460,0,0
2012-8-30,00:00:00,0.166,0.174,0.165,0.168,15355000,2596150,0,0
2012-8-31,00:00:00,0.167,0.168,0.164,0.168,8703678,1444571,0,0
2012-9-3,00:00:00,0.169,0.174,0.159,0.167,17120000,2805940,0,0
2012-9-4,00:00:00,0.165,0.168,0.160,0.168,6490000,1051270,0,0
2012-9-5,00:00:00,0.161,0.168,0.161,0.168,2840000,462060,0,0
2012-9-6,00:00:00,0.163,0.168,0.162,0.168,3360000,553620,0,0
2012-9-7,00:00:00,0.165,0.169,0.165,0.169,8070000,1345910,0,0
2012-9-10,00:00:00,0.164,0.170,0.164,0.170,5710000,958120,0,0
2012-9-11,00:00:00,0.165,0.169,0.163,0.168,2440000,401390,0,0
2012-9-12,00:00:00,0.164,0.168,0.164,0.168,4550000,753180,0,0
2012-9-13,00:00:00,0.192,0.222,0.189,0.193,103889504,20895816,0,0
2012-9-14,00:00:00,0.193,0.194,0.187,0.192,36520000,6943040,0,0
2012-9-17,00:00:00,0.195,0.200,0.192,0.198,28392714,5561376,0,0
2012-9-18,00:00:00,0.198,0.203,0.194,0.202,21570000,4288880,0,0
2012-9-19,00:00:00,0.204,0.204,0.180,0.189,28990000,5400450,0,0
2012-9-20,00:00:00,0.189,0.191,0.185,0.185,7550000,1417480,0,0
2012-9-21,00:00:00,0.183,0.188,0.176,0.184,8560000,1551650,0,0
2012-9-24,00:00:00,0.184,0.184,0.173,0.180,8021500,1411564,0,0
2012-9-25,00:00:00,0.175,0.178,0.172,0.178,2420000,422440,0,0
2012-9-26,00:00:00,0.170,0.172,0.161,0.171,1770000,297260,0,0
2012-9-27,00:00:00,0.170,0.171,0.167,0.169,13180000,2210420,0,0
2012-9-28,00:00:00,0.172,0.172,0.166,0.169,6080000,1020530,0,0
2012-10-3,00:00:00,0.166,0.174,0.165,0.169,5732000,968158,0,0
2012-10-4,00:00:00,0.169,0.169,0.164,0.166,11970000,1995200,0,0
2012-10-5,00:00:00,0.162,0.166,0.152,0.158,2190000,352150,0,0
2012-10-8,00:00:00,0.154,0.162,0.150,0.160,10320000,1635870,0,0
2012-10-9,00:00:00,0.157,0.165,0.157,0.160,3497500,562043,0,0
2012-10-10,00:00:00,0.160,0.166,0.160,0.164,3990000,649750,0,0
2012-10-11,00:00:00,0.166,0.171,0.164,0.171,3390000,565020,0,0
2012-10-12,00:00:00,0.171,0.175,0.168,0.172,4944000,842629,0,0
2012-10-15,00:00:00,0.172,0.175,0.169,0.175,1300000,223680,0,0
2012-10-16,00:00:00,0.175,0.175,0.166,0.175,1540000,264730,0,0
2012-10-17,00:00:00,0.175,0.175,0.169,0.173,2520000,434390,0,0
2012-10-18,00:00:00,0.166,0.171,0.163,0.166,3255000,539515,0,0
2012-10-19,00:00:00,0.165,0.166,0.162,0.164,7040000,1153880,0,0
2012-10-22,00:00:00,0.161,0.165,0.160,0.163,4599500,744924,0,0
2012-10-24,00:00:00,0.160,0.163,0.157,0.161,3570000,574370,0,0
2012-10-25,00:00:00,0.157,0.161,0.156,0.160,4041000,645047,0,0
2012-10-26,00:00:00,0.157,0.163,0.156,0.156,6175000,982130,0,0
2012-10-29,00:00:00,0.160,0.160,0.159,0.159,60000,9580,0,0
2012-10-30,00:00:00,0.158,0.158,0.154,0.158,3610000,564940,0,0
2012-10-31,00:00:00,0.158,0.158,0.153,0.153,1470000,229060,0,0
2012-11-1,00:00:00,0.153,0.160,0.153,0.160,1600000,253470,0,0
2012-11-2,00:00:00,0.158,0.163,0.158,0.160,3790000,608000,0,0
2012-11-5,00:00:00,0.159,0.160,0.158,0.158,2980000,474040,0,0
2012-11-6,00:00:00,0.158,0.158,0.153,0.153,5170000,797660,0,0
2012-11-7,00:00:00,0.158,0.158,0.155,0.155,500000,78640,0,0
2012-11-8,00:00:00,0.155,0.157,0.153,0.157,860000,133670,0,0
2012-11-9,00:00:00,0.155,0.158,0.155,0.158,1200500,186675,0,0
2012-11-12,00:00:00,0.154,0.159,0.153,0.153,874500,134665,0,0
2012-11-13,00:00:00,0.153,0.157,0.150,0.155,840000,128470,0,0
2012-11-14,00:00:00,0.150,0.155,0.150,0.155,132000,20158,0,0
2012-11-15,00:00:00,0.150,0.155,0.149,0.155,4111000,622910,0,0
2012-11-16,00:00:00,0.156,0.156,0.154,0.155,95000,14730,0,0
2012-11-19,00:00:00,0.153,0.154,0.153,0.153,745000,113950,0,0
2012-11-20,00:00:00,0.148,0.153,0.148,0.153,1080000,163190,0,0
2012-11-21,00:00:00,0.150,0.153,0.147,0.153,1810000,269840,0,0
2012-11-22,00:00:00,0.150,0.153,0.147,0.153,1450000,217960,0,0
2012-11-23,00:00:00,0.153,0.167,0.150,0.155,16560000,2612000,0,0
2012-11-26,00:00:00,0.156,0.156,0.150,0.155,6450000,977330,0,0
2012-11-27,00:00:00,0.154,0.155,0.153,0.154,2920000,450050,0,0
2012-11-28,00:00:00,0.151,0.154,0.150,0.154,9260000,1410300,0,0
2012-11-29,00:00:00,0.153,0.156,0.153,0.156,5910000,910920,0,0
2012-11-30,00:00:00,0.156,0.156,0.152,0.156,2680000,410540,0,0
2012-12-3,00:00:00,0.156,0.156,0.154,0.156,1380000,214850,0,0
2012-12-4,00:00:00,0.155,0.156,0.152,0.156,7920000,1211970,0,0
2012-12-5,00:00:00,0.153,0.157,0.153,0.156,3200000,499520,0,0
2012-12-6,00:00:00,0.157,0.160,0.155,0.156,2000000,313600,0,0
2012-12-7,00:00:00,0.158,0.158,0.155,0.156,1820000,284920,0,0
2012-12-10,00:00:00,0.156,0.157,0.153,0.156,1805000,278640,0,0
2012-12-11,00:00:00,0.156,0.157,0.153,0.157,1180000,180310,0,0
2012-12-12,00:00:00,0.154,0.155,0.154,0.155,670000,103330,0,0
2012-12-13,00:00:00,0.152,0.157,0.152,0.155,1110000,171290,0,0
2012-12-14,00:00:00,0.151,0.153,0.149,0.152,3500000,525720,0,0
2012-12-17,00:00:00,0.152,0.153,0.148,0.153,1630000,247160,0,0
2012-12-18,00:00:00,0.153,0.154,0.150,0.154,774000,117284,0,0
2012-12-19,00:00:00,0.154,0.155,0.151,0.151,440000,67250,0,0
2012-12-20,00:00:00,0.155,0.155,0.151,0.154,310000,47770,0,0
2012-12-21,00:00:00,0.154,0.154,0.152,0.154,170000,26040,0,0
2012-12-24,00:00:00,0.156,0.156,0.156,0.156,270000,42120,0,0
2012-12-27,00:00:00,0.153,0.154,0.150,0.154,770500,117340,0,0
2012-12-28,00:00:00,0.151,0.153,0.150,0.152,370000,55680,0,0
2013-1-2,00:00:00,0.153,0.153,0.148,0.150,5200000,781730,0,0
2013-1-3,00:00:00,0.149,0.150,0.147,0.150,3170000,472910,0,0
2013-1-4,00:00:00,0.148,0.149,0.145,0.145,3800000,561170,0,0
2013-1-7,00:00:00,0.145,0.150,0.145,0.149,24485000,3597425,0,0
2013-1-8,00:00:00,0.149,0.165,0.149,0.157,18450000,2864610,0,0
2013-1-9,00:00:00,0.160,0.162,0.157,0.159,10570000,1683605,0,0
2013-1-10,00:00:00,0.156,0.180,0.156,0.171,24005000,4006210,0,0
2013-1-11,00:00:00,0.176,0.176,0.163,0.168,8300000,1391050,0,0
2013-1-14,00:00:00,0.172,0.187,0.172,0.182,29460000,5315050,0,0
2013-1-15,00:00:00,0.174,0.193,0.174,0.190,19033000,3512080,0,0
2013-1-16,00:00:00,0.191,0.203,0.186,0.195,36405000,7130380,0,0
2013-1-17,00:00:00,0.199,0.201,0.192,0.197,14535000,2861875,0,0
2013-1-18,00:00:00,0.201,0.213,0.194,0.210,39939000,8127488,0,0
2013-1-21,00:00:00,0.214,0.226,0.213,0.213,42573000,9275012,0,0
2013-1-22,00:00:00,0.222,0.222,0.200,0.207,15485000,3236225,0,0
2013-1-23,00:00:00,0.214,0.220,0.209,0.215,27665000,5926140,0,0
2013-1-24,00:00:00,0.219,0.222,0.205,0.211,21580000,4625802,0,0
2013-1-25,00:00:00,0.213,0.216,0.200,0.204,24371000,4975723,0,0
2013-1-31,00:00:00,0.210,0.220,0.178,0.182,1109890000,199540000,0,0
2013-2-1,00:00:00,0.198,0.198,0.183,0.186,66156000,12030078,0,0
2013-2-4,00:00:00,0.191,0.194,0.185,0.189,47530000,9032600,0,0
2013-2-5,00:00:00,0.190,0.191,0.183,0.188,47270000,8710450,0,0
2013-2-6,00:00:00,0.189,0.191,0.180,0.184,25540000,4649740,0,0
2013-2-7,00:00:00,0.188,0.188,0.163,0.173,38600000,6631860,0,0
2013-2-8,00:00:00,0.176,0.182,0.164,0.179,47560000,8164470,0,0
2013-2-14,00:00:00,0.187,0.192,0.182,0.186,102440000,19077930,0,0
2013-2-15,00:00:00,0.188,0.189,0.180,0.184,42140000,7745940,0,0
2013-2-18,00:00:00,0.188,0.188,0.167,0.172,212430000,36474272,0,0
2013-2-19,00:00:00,0.175,0.178,0.163,0.166,98640000,16784720,0,0
2013-2-20,00:00:00,0.170,0.170,0.147,0.155,118690000,18512500,0,0
2013-2-21,00:00:00,0.155,0.161,0.150,0.154,62720000,9619700,0,0
2013-2-22,00:00:00,0.155,0.158,0.148,0.157,36150000,5478600,0,0
2013-2-25,00:00:00,0.163,0.169,0.162,0.166,107110000,17684440,0,0
2013-2-26,00:00:00,0.165,0.165,0.160,0.164,36080000,5854310,0,0
2013-2-27,00:00:00,0.165,0.165,0.161,0.161,16920000,2738550,0,0
2013-2-28,00:00:00,0.164,0.165,0.161,0.162,29120000,4763980,0,0
2013-3-1,00:00:00,0.164,0.183,0.153,0.179,152860000,26422580,0,0
2013-3-4,00:00:00,0.184,0.193,0.182,0.186,136120000,25554280,0,0
2013-3-5,00:00:00,0.191,0.191,0.176,0.182,53290000,9742410,0,0
2013-3-6,00:00:00,0.184,0.185,0.180,0.182,30763000,5610305,0,0
2013-3-7,00:00:00,0.182,0.182,0.171,0.175,42830000,7501330,0,0
2013-3-8,00:00:00,0.175,0.176,0.170,0.173,18220000,3146210,0,0
2013-3-11,00:00:00,0.174,0.175,0.166,0.170,25935000,4398190,0,0
2013-3-12,00:00:00,0.170,0.170,0.158,0.159,37150000,6004850,0,0
2013-3-13,00:00:00,0.159,0.160,0.153,0.155,15030000,2342260,0,0
2013-3-14,00:00:00,0.155,0.165,0.153,0.164,12530000,1988670,0,0
2013-3-15,00:00:00,0.166,0.168,0.162,0.162,31290000,5136010,0,0
2013-3-18,00:00:00,0.165,0.165,0.152,0.157,22820000,3549910,0,0
2013-3-19,00:00:00,0.160,0.161,0.155,0.157,3766500,595578,0,0
2013-3-20,00:00:00,0.157,0.160,0.157,0.160,3240000,513400,0,0
2013-3-21,00:00:00,0.160,0.164,0.158,0.158,5770000,923340,0,0
2013-3-22,00:00:00,0.158,0.160,0.155,0.155,7220000,1140860,0,0
2013-3-25,00:00:00,0.155,0.158,0.155,0.158,3290000,515760,0,0
2013-3-26,00:00:00,0.155,0.158,0.155,0.158,2930000,456200,0,0
2013-3-27,00:00:00,0.156,0.156,0.152,0.155,7170000,1107690,0,0
2013-3-28,00:00:00,0.152,0.154,0.150,0.152,7590000,1145250,0,0
2013-4-2,00:00:00,0.152,0.152,0.148,0.148,5240000,786950,0,0
2013-4-3,00:00:00,0.148,0.148,0.141,0.144,9760000,1416280,0,0
2013-4-5,00:00:00,0.141,0.142,0.131,0.136,20860000,2806960,0,0
2013-4-8,00:00:00,0.136,0.148,0.136,0.143,12110000,1735900,0,0
2013-4-9,00:00:00,0.143,0.147,0.143,0.145,6880000,999520,0,0
2013-4-10,00:00:00,0.145,0.148,0.143,0.143,7870000,1133220,0,0
2013-4-11,00:00:00,0.144,0.147,0.140,0.142,5880000,839640,0,0
2013-4-12,00:00:00,0.141,0.145,0.138,0.139,12790000,1801180,0,0
2013-4-15,00:00:00,0.138,0.138,0.135,0.136,15030000,2082260,0,0
2013-4-16,00:00:00,0.135,0.142,0.135,0.141,3640000,503500,0,0
2013-4-17,00:00:00,0.132,0.141,0.132,0.139,7590000,1033390,0,0
2013-4-18,00:00:00,0.136,0.140,0.136,0.138,1667000,230990,0,0
2013-4-19,00:00:00,0.140,0.140,0.137,0.139,1910000,265880,0,0
2013-4-22,00:00:00,0.143,0.143,0.136,0.139,1190000,165790,0,0
2013-4-23,00:00:00,0.135,0.137,0.135,0.137,2140000,290500,0,0
2013-4-24,00:00:00,0.137,0.156,0.136,0.156,29379500,4330981,0,0
2013-4-25,00:00:00,0.157,0.160,0.151,0.153,16637500,2560900,0,0
2013-4-26,00:00:00,0.153,0.156,0.152,0.154,8080000,1247780,0,0
2013-4-29,00:00:00,0.157,0.170,0.155,0.168,62230071,10363571,0,0
2013-4-30,00:00:00,0.171,0.174,0.160,0.163,39245000,6528540,0,0
2013-5-2,00:00:00,0.162,0.162,0.158,0.159,12280000,1960960,0,0
2013-5-3,00:00:00,0.161,0.161,0.155,0.156,11110071,1746121,0,0
2013-5-6,00:00:00,0.158,0.159,0.156,0.158,6130000,966630,0,0
2013-5-7,00:00:00,0.158,0.158,0.155,0.157,2160000,338920,0,0
2013-5-8,00:00:00,0.157,0.162,0.154,0.157,10410000,1632570,0,0
2013-5-9,00:00:00,0.157,0.158,0.154,0.155,7140000,1108260,0,0
2013-5-10,00:00:00,0.154,0.154,0.148,0.152,6420000,971270,0,0
2013-5-13,00:00:00,0.152,0.157,0.152,0.156,2830000,438160,0,0
2013-5-14,00:00:00,0.154,0.168,0.154,0.163,14880000,2407440,0,0
2013-5-15,00:00:00,0.163,0.171,0.158,0.171,45840000,7632550,0,0
2013-5-16,00:00:00,0.171,0.172,0.166,0.169,21000000,3558460,0,0
2013-5-20,00:00:00,0.173,0.175,0.163,0.165,33930000,5724910,0,0
2013-5-21,00:00:00,0.165,0.165,0.160,0.164,8280000,1346850,0,0
2013-5-22,00:00:00,0.163,0.167,0.162,0.167,2750000,453280,0,0
2013-5-23,00:00:00,0.162,0.166,0.161,0.162,6075000,985425,0,0
2013-5-24,00:00:00,0.162,0.162,0.159,0.161,7832000,1253744,0,0
2013-5-27,00:00:00,0.166,0.172,0.164,0.171,24490000,4148820,0,0
2013-5-28,00:00:00,0.170,0.180,0.169,0.179,55605000,9769775,0,0
2013-5-29,00:00:00,0.179,0.187,0.177,0.183,70812500,12976578,0,0
2013-5-30,00:00:00,0.186,0.186,0.178,0.183,32010000,5793890,0,0
2013-5-31,00:00:00,0.186,0.194,0.185,0.192,149950000,28478530,0,0
2013-6-3,00:00:00,0.190,0.207,0.186,0.204,206035000,40625368,0,0
2013-6-4,00:00:00,0.209,0.226,0.207,0.222,328863500,71372232,0,0
2013-6-5,00:00:00,0.224,0.230,0.196,0.206,276895000,58285020,0,0
2013-6-6,00:00:00,0.205,0.206,0.196,0.203,45760000,9237120,0,0
2013-6-7,00:00:00,0.200,0.213,0.200,0.209,64315000,13387445,0,0
2013-6-10,00:00:00,0.213,0.218,0.202,0.205,85800000,18016880,0,0
2013-6-11,00:00:00,0.206,0.206,0.195,0.196,42120000,8368590,0,0
2013-6-13,00:00:00,0.191,0.191,0.177,0.184,46650000,8509500,0,0
2013-6-14,00:00:00,0.185,0.190,0.179,0.179,34900000,6443690,0,0
2013-6-17,00:00:00,0.173,0.183,0.173,0.178,41242500,7346615,0,0
2013-6-18,00:00:00,0.175,0.192,0.175,0.189,49430000,9149370,0,0
2013-6-19,00:00:00,0.192,0.192,0.183,0.183,34725000,6482960,0,0
2013-6-20,00:00:00,0.181,0.184,0.176,0.178,32340000,5802720,0,0
2013-6-21,00:00:00,0.170,0.179,0.170,0.177,47640000,8320250,0,0
2013-6-24,00:00:00,0.176,0.176,0.161,0.162,36540000,6067070,0,0
2013-6-25,00:00:00,0.165,0.168,0.152,0.160,24135000,3858720,0,0
2013-6-26,00:00:00,0.164,0.169,0.161,0.167,16750000,2770190,0,0
2013-6-27,00:00:00,0.172,0.173,0.169,0.170,33440000,5717160,0,0
2013-6-28,00:00:00,0.170,0.175,0.168,0.171,132000000,22584010,0,0
2013-7-2,00:00:00,0.174,0.179,0.173,0.177,14215000,2507040,0,0
2013-7-3,00:00:00,0.177,0.177,0.170,0.173,29640000,5081060,0,0
2013-7-4,00:00:00,0.173,0.174,0.170,0.172,6860000,1182630,0,0
2013-7-5,00:00:00,0.172,0.178,0.171,0.172,7660000,1329740,0,0
2013-7-8,00:00:00,0.173,0.174,0.169,0.172,8240000,1414260,0,0
2013-7-9,00:00:00,0.169,0.171,0.168,0.170,7830000,1333040,0,0
2013-7-10,00:00:00,0.172,0.172,0.161,0.163,20265000,3310270,0,0
2013-7-11,00:00:00,0.163,0.169,0.163,0.168,10755000,1793440,0,0
2013-7-12,00:00:00,0.168,0.169,0.165,0.167,4230000,706150,0,0
2013-7-15,00:00:00,0.168,0.177,0.164,0.173,10950000,1874470,0,0
2013-7-16,00:00:00,0.175,0.175,0.169,0.171,6200000,1066940,0,0
2013-7-17,00:00:00,0.179,0.179,0.170,0.170,4530000,778710,0,0
2013-7-18,00:00:00,0.170,0.170,0.168,0.169,2960000,499320,0,0
2013-7-19,00:00:00,0.167,0.170,0.166,0.167,3849000,643500,0,0
2013-7-22,00:00:00,0.165,0.167,0.165,0.165,2997000,496335,0,0
2013-7-23,00:00:00,0.165,0.171,0.165,0.171,4860000,821510,0,0
2013-7-24,00:00:00,0.175,0.175,0.167,0.171,8300000,1411230,0,0
2013-7-25,00:00:00,0.173,0.185,0.173,0.181,54760000,9873180,0,0
2013-7-26,00:00:00,0.181,0.181,0.175,0.176,9704000,1717436,0,0
2013-7-29,00:00:00,0.173,0.176,0.170,0.171,6418000,1106960,0,0
2013-7-30,00:00:00,0.170,0.174,0.170,0.174,6430000,1108640,0,0
2013-7-31,00:00:00,0.174,0.174,0.170,0.173,4650000,800790,0,0
2013-8-1,00:00:00,0.172,0.178,0.172,0.176,7670000,1339230,0,0
2013-8-2,00:00:00,0.175,0.176,0.173,0.175,7800000,1358910,0,0
2013-8-5,00:00:00,0.173,0.180,0.172,0.179,7960000,1409570,0,0
2013-8-6,00:00:00,0.179,0.179,0.175,0.177,2930000,519820,0,0
2013-8-7,00:00:00,0.175,0.178,0.175,0.175,3640000,642370,0,0
2013-8-8,00:00:00,0.175,0.184,0.175,0.178,14540000,2623150,0,0
2013-8-9,00:00:00,0.185,0.185,0.178,0.178,7093500,1271075,0,0
2013-8-12,00:00:00,0.180,0.183,0.176,0.179,14030000,2530450,0,0
2013-8-13,00:00:00,0.179,0.181,0.177,0.179,11785000,2111935,0,0
2013-8-15,00:00:00,0.179,0.180,0.174,0.175,8355000,1471810,0,0
2013-8-16,00:00:00,0.173,0.177,0.173,0.175,2520000,439190,0,0
2013-8-19,00:00:00,0.175,0.175,0.173,0.173,12040000,2098490,0,0
2013-8-20,00:00:00,0.174,0.176,0.169,0.170,15250000,2642690,0,0
2013-8-21,00:00:00,0.168,0.170,0.167,0.169,11490000,1939710,0,0
2013-8-22,00:00:00,0.168,0.175,0.167,0.170,11480000,1939840,0,0
2013-8-23,00:00:00,0.170,0.173,0.168,0.171,6670000,1136710,0,0
2013-8-26,00:00:00,0.172,0.172,0.165,0.169,7370000,1238090,0,0
2013-8-27,00:00:00,0.167,0.169,0.166,0.168,4620000,770850,0,0
2013-8-28,00:00:00,0.165,0.166,0.163,0.165,4700000,773420,0,0
2013-8-29,00:00:00,0.167,0.167,0.164,0.165,3490000,577220,0,0
2013-8-30,00:00:00,0.164,0.170,0.161,0.168,11120000,1825010,0,0
2013-9-2,00:00:00,0.173,0.173,0.166,0.167,7285000,1227740,0,0
2013-9-3,00:00:00,0.167,0.169,0.165,0.167,11240000,1867550,0,0
2013-9-4,00:00:00,0.166,0.166,0.162,0.166,8870000,1453500,0,0
2013-9-5,00:00:00,0.165,0.167,0.165,0.165,4105000,679805,0,0
2013-9-6,00:00:00,0.167,0.175,0.165,0.174,32242500,5453658,0,0
2013-9-9,00:00:00,0.180,0.188,0.178,0.181,145070000,26650120,0,0
2013-9-10,00:00:00,0.184,0.192,0.182,0.189,68665000,12846625,0,0
2013-9-11,00:00:00,0.190,0.201,0.185,0.198,94432000,18277860,0,0
2013-9-12,00:00:00,0.198,0.198,0.191,0.192,59260000,11462080,0,0
2013-9-13,00:00:00,0.189,0.193,0.185,0.188,29635000,5594398,0,0
2013-9-16,00:00:00,0.190,0.191,0.188,0.190,25760000,4870570,0,0
2013-9-17,00:00:00,0.191,0.205,0.187,0.191,150908000,29905706,0,0
2013-9-18,00:00:00,0.193,0.212,0.193,0.198,425481500,86571528,0,0
2013-9-19,00:00:00,0.201,0.203,0.196,0.199,90230000,17920740,0,0
2013-9-23,00:00:00,0.207,0.207,0.197,0.197,39570000,7886490,0,0
2013-9-24,00:00:00,0.197,0.199,0.181,0.182,77180000,14436420,0,0
2013-9-25,00:00:00,0.183,0.186,0.182,0.185,30450000,5600150,0,0
2013-9-26,00:00:00,0.185,0.186,0.181,0.185,22470000,4101450,0,0
2013-9-27,00:00:00,0.186,0.186,0.182,0.183,10240000,1876090,0,0
2013-9-30,00:00:00,0.188,0.196,0.186,0.190,85240000,16286590,0,0
2013-10-2,00:00:00,0.187,0.187,0.178,0.181,48720000,8833820,0,0
2013-10-3,00:00:00,0.182,0.182,0.175,0.177,35900000,6417100,0,0
2013-10-4,00:00:00,0.177,0.192,0.172,0.188,99280000,18401190,0,0
2013-10-7,00:00:00,0.191,0.198,0.185,0.197,91875000,17724456,0,0
2013-10-8,00:00:00,0.197,0.208,0.196,0.207,132273000,26790390,0,0
2013-10-9,00:00:00,0.205,0.207,0.198,0.201,123225000,24862180,0,0
2013-10-10,00:00:00,0.201,0.202,0.194,0.200,35833000,7075040,0,0
2013-10-11,00:00:00,0.200,0.203,0.198,0.201,48100000,9632690,0,0
2013-10-15,00:00:00,0.203,0.209,0.202,0.208,74155000,15239220,0,0
2013-10-16,00:00:00,0.205,0.206,0.201,0.203,35695000,7229110,0,0
2013-10-17,00:00:00,0.205,0.223,0.204,0.222,224330000,48579588,0,0
2013-10-18,00:00:00,0.237,0.290,0.237,0.260,971615008,253772960,0,0
2013-10-21,00:00:00,0.265,0.325,0.265,0.325,717016000,216138464,0,0
2013-10-22,00:00:00,0.335,0.335,0.285,0.310,424235000,131715104,0,0
2013-10-23,00:00:00,0.315,0.385,0.310,0.365,864943008,309354432,0,0
2013-10-24,00:00:00,0.365,0.400,0.360,0.370,519141500,196709744,0,0
2013-10-25,00:00:00,0.370,0.370,0.320,0.335,326543000,110560232,0,0
2013-10-28,00:00:00,0.340,0.360,0.310,0.330,300695000,101070224,0,0
2013-10-29,00:00:00,0.335,0.350,0.315,0.340,212581000,70881448,0,0
2013-10-30,00:00:00,0.345,0.350,0.325,0.330,94432000,31906616,0,0
2013-10-31,00:00:00,0.335,0.370,0.315,0.355,347545000,120906424,0,0
2013-11-1,00:00:00,0.360,0.370,0.340,0.345,129335000,45144352,0,0
2013-11-4,00:00:00,0.345,0.350,0.330,0.330,87550000,29492250,0,0
2013-11-5,00:00:00,0.330,0.330,0.315,0.320,90931000,29379210,0,0
2013-11-6,00:00:00,0.320,0.330,0.315,0.320,53775000,17340250,0,0
2013-11-7,00:00:00,0.325,0.340,0.315,0.320,159330000,51930552,0,0
2013-11-8,00:00:00,0.320,0.330,0.315,0.320,53490000,17145150,0,0
2013-11-11,00:00:00,0.325,0.335,0.300,0.310,146830000,45997200,0,0
2013-11-12,00:00:00,0.315,0.320,0.300,0.310,156914500,48548056,0,0
2013-11-13,00:00:00,0.305,0.305,0.275,0.285,173216500,50212372,0,0
2013-11-14,00:00:00,0.290,0.300,0.285,0.295,117690000,34335100,0,0
2013-11-15,00:00:00,0.295,0.305,0.285,0.290,168620000,50062900,0,0
2013-11-18,00:00:00,0.295,0.300,0.280,0.285,104820000,30574700,0,0
2013-11-19,00:00:00,0.290,0.295,0.280,0.285,49820000,14256900,0,0
2013-11-20,00:00:00,0.285,0.290,0.265,0.270,96954000,26417750,0,0
2013-11-21,00:00:00,0.275,0.305,0.275,0.295,242850000,70713448,0,0
2013-11-22,00:00:00,0.295,0.305,0.290,0.300,62675000,18654600,318,0
2013-11-25,00:00:00,0.305,0.315,0.295,0.305,114533200,35310404,416,0
2013-11-26,00:00:00,0.310,0.310,0.295,0.300,27030000,8165800,163,0
2013-11-27,00:00:00,0.305,0.310,0.295,0.300,78785000,23655225,239,0
2013-11-28,00:00:00,0.300,0.300,0.290,0.290,36570000,10663900,178,0
2013-11-29,00:00:00,0.290,0.295,0.285,0.290,26380000,7663200,170,0
2013-12-2,00:00:00,0.295,0.325,0.290,0.325,216610970,66524951,650,0
2013-12-3,00:00:00,0.320,0.345,0.315,0.340,383401401,129243190,1298,0
2013-12-4,00:00:00,0.335,0.345,0.325,0.330,204480000,68588650,594,0
2013-12-5,00:00:00,0.335,0.360,0.335,0.345,226815000,78309175,761,0
2013-12-6,00:00:00,0.345,0.390,0.340,0.345,495458000,180175790,1847,0
2013-12-9,00:00:00,0.350,0.355,0.330,0.335,98835000,33427150,477,0
2013-12-10,00:00:00,0.340,0.345,0.320,0.330,150134000,49467900,555,0
2013-12-11,00:00:00,0.330,0.330,0.305,0.315,153515000,47681175,466,0
2013-12-12,00:00:00,0.305,0.330,0.305,0.330,95130000,30141550,449,0
2013-12-13,00:00:00,0.325,0.330,0.315,0.325,71010000,23100500,308,0
2013-12-16,00:00:00,0.325,0.335,0.310,0.320,78551800,25370603,279,0
2013-12-17,00:00:00,0.325,0.325,0.305,0.310,55335000,17296400,221,0
2013-12-18,00:00:00,0.315,0.320,0.305,0.310,25910000,8125300,138,0
2013-12-19,00:00:00,0.315,0.320,0.295,0.295,57150500,17432745,248,0
2013-12-20,00:00:00,0.295,0.300,0.275,0.295,71427500,20523775,373,0
2013-12-23,00:00:00,0.295,0.310,0.295,0.300,34382000,10372210,185,0
2013-12-24,00:00:00,0.300,0.315,0.300,0.315,29330000,8996900,135,0
2013-12-27,00:00:00,0.315,0.330,0.305,0.325,83919000,26804760,301,0
2013-12-30,00:00:00,0.325,0.330,0.315,0.315,47093000,15054500,213,0
2013-12-31,00:00:00,0.330,0.355,0.325,0.340,355754500,120239940,1168,0
2014-1-2,00:00:00,0.345,0.355,0.330,0.335,144347000,49140625,587,0
2014-1-3,00:00:00,0.330,0.340,0.320,0.330,138890000,45860750,494,0
2014-1-6,00:00:00,0.335,0.340,0.325,0.340,104090000,34653150,326,0
2014-1-7,00:00:00,0.340,0.350,0.330,0.345,230902500,78970200,556,0
2014-1-8,00:00:00,0.350,0.360,0.345,0.345,199664000,70289610,897,0
2014-1-9,00:00:00,0.350,0.350,0.325,0.335,116440000,38774900,427,0
2014-1-10,00:00:00,0.335,0.335,0.325,0.330,39008500,12791780,236,0
2014-1-13,00:00:00,0.330,0.340,0.325,0.325,35570000,11668700,177,0
2014-1-14,00:00:00,0.325,0.335,0.320,0.330,53750000,17735000,255,0
2014-1-15,00:00:00,0.335,0.335,0.320,0.330,40770000,13262350,194,0
2014-1-16,00:00:00,0.330,0.330,0.310,0.315,89290000,28490250,360,0
2014-1-17,00:00:00,0.315,0.335,0.300,0.325,158369000,50427045,466,0
2014-1-20,00:00:00,0.325,0.340,0.325,0.340,151113500,50393027,393,0
2014-1-21,00:00:00,0.350,0.355,0.335,0.345,173588000,60015460,681,0
2014-1-22,00:00:00,0.345,0.345,0.320,0.325,84690000,27747450,353,0
2014-1-23,00:00:00,0.325,0.325,0.310,0.315,81070000,25655300,251,0
2014-1-24,00:00:00,0.315,0.320,0.310,0.310,54630000,17156450,236,0
2014-1-27,00:00:00,0.305,0.305,0.290,0.295,65449866,19398963,369,0
2014-1-28,00:00:00,0.300,0.310,0.300,0.305,40830000,12438100,197,0
2014-1-29,00:00:00,0.310,0.315,0.305,0.305,18660000,5739900,119,0
2014-1-30,00:00:00,0.305,0.305,0.295,0.305,19120000,5776300,129,0
2014-2-4,00:00:00,0.300,0.300,0.290,0.300,16990000,5023900,124,0
2014-2-5,00:00:00,0.300,0.305,0.285,0.290,65123460,19111568,257,0
2014-2-6,00:00:00,0.290,0.300,0.290,0.295,38830000,11447800,138,0
2014-2-7,00:00:00,0.300,0.300,0.290,0.295,29761581,8746584,184,0
2014-2-10,00:00:00,0.295,0.310,0.290,0.310,51800000,15645700,245,0
2014-2-11,00:00:00,0.310,0.320,0.305,0.310,65552081,20583173,421,0
2014-2-12,00:00:00,0.315,0.315,0.300,0.305,29330000,9006200,164,0
2014-2-13,00:00:00,0.305,0.305,0.295,0.300,17625643,5293036,138,0
2014-2-14,00:00:00,0.305,0.310,0.295,0.305,23970000,7222300,121,0
2014-2-17,00:00:00,0.305,0.305,0.295,0.295,47325000,14071125,123,0
2014-2-18,00:00:00,0.300,0.305,0.295,0.300,26917706,8081830,210,0
2014-2-19,00:00:00,0.300,0.300,0.290,0.295,33225000,9793075,126,0
2014-2-20,00:00:00,0.295,0.295,0.280,0.285,58440000,16812850,224,0
2014-2-21,00:00:00,0.285,0.290,0.285,0.290,20432136,5871502,121,0
2014-2-24,00:00:00,0.290,0.290,0.280,0.280,33651379,9480244,188,0
2014-2-25,00:00:00,0.285,0.295,0.280,0.285,36630000,10549900,247,0
2014-2-26,00:00:00,0.285,0.295,0.285,0.295,32480000,9385550,267,0
2014-2-27,00:00:00,0.295,0.295,0.290,0.295,32395500,9416485,133,0
2014-2-28,00:00:00,0.295,0.305,0.290,0.300,61510000,18337950,258,0
2014-3-3,00:00:00,0.295,0.300,0.285,0.295,42790000,12399700,274,0
2014-3-4,00:00:00,0.290,0.295,0.285,0.290,38085000,10917400,206,0
2014-3-5,00:00:00,0.290,0.295,0.275,0.280,68590000,19306100,192,0
2014-3-6,00:00:00,0.280,0.285,0.275,0.280,30920000,8592000,148,0
2014-3-7,00:00:00,0.280,0.295,0.275,0.295,109340000,31315100,320,0
2014-3-10,00:00:00,0.295,0.295,0.280,0.285,55980000,16097950,226,0
2014-3-11,00:00:00,0.285,0.290,0.280,0.285,19726992,5627052,189,0
2014-3-12,00:00:00,0.280,0.285,0.275,0.280,27233000,7572005,228,0
2014-3-13,00:00:00,0.275,0.280,0.270,0.275,26440000,7281600,156,0
2014-3-14,00:00:00,0.270,0.270,0.260,0.265,25700000,6785450,233,0
2014-3-17,00:00:00,0.265,0.265,0.240,0.249,44990000,11247670,267,0
2014-3-18,00:00:00,0.255,0.265,0.249,0.260,24534911,6284828,177,0
2014-3-19,00:00:00,0.260,0.260,0.248,0.249,37640000,9480050,124,0
2014-3-20,00:00:00,0.250,0.255,0.243,0.246,15049500,3716899,401,0
2014-3-21,00:00:00,0.255,0.255,0.236,0.238,45620000,11006050,294,0
2014-3-24,00:00:00,0.239,0.242,0.232,0.234,26168079,6163243,318,0
2014-3-25,00:00:00,0.234,0.243,0.228,0.230,41110160,9679043,334,0
2014-3-26,00:00:00,0.230,0.236,0.221,0.223,27310000,6123520,346,0
2014-3-27,00:00:00,0.220,0.222,0.194,0.201,69049413,14099462,492,0
2014-3-28,00:00:00,0.202,0.219,0.200,0.214,37080936,7781508,420,0
2014-3-31,00:00:00,0.210,0.215,0.198,0.203,55120000,11103980,258,0
2014-4-1,00:00:00,0.203,0.224,0.203,0.222,69140000,14921220,474,0
2014-4-2,00:00:00,0.229,0.260,0.228,0.255,154380000,38177520,888,0
2014-4-3,00:00:00,0.255,0.260,0.245,0.250,47931641,12020253,372,0
2014-4-4,00:00:00,0.260,0.260,0.250,0.250,32300000,8188000,235,0
2014-4-7,00:00:00,0.260,0.270,0.249,0.250,89046213,22783062,464,0
2014-4-8,00:00:00,0.250,0.255,0.235,0.240,36330000,8900610,259,0
2014-4-9,00:00:00,0.240,0.250,0.238,0.246,24700000,6031110,229,0
2014-4-10,00:00:00,0.246,0.246,0.228,0.240,58059945,13605376,416,0
2014-4-11,00:00:00,0.235,0.242,0.233,0.236,10560000,2502860,130,0
2014-4-14,00:00:00,0.235,0.236,0.230,0.230,8500000,1968680,137,0
2014-4-15,00:00:00,0.231,0.234,0.228,0.229,6180000,1426030,123,0
2014-4-16,00:00:00,0.227,0.234,0.227,0.231,7032000,1620864,140,0
2014-4-17,00:00:00,0.230,0.235,0.230,0.234,8390000,1954510,154,0
2014-4-22,00:00:00,0.235,0.235,0.228,0.229,7170000,1651540,109,0
2014-4-23,00:00:00,0.229,0.232,0.224,0.226,17599185,3996709,174,0
2014-4-24,00:00:00,0.223,0.234,0.223,0.230,13040188,2991192,205,0
2014-4-25,00:00:00,0.228,0.229,0.225,0.228,6000000,1359370,164,0
2014-4-28,00:00:00,0.225,0.225,0.200,0.212,11463000,2473971,171,0
2014-4-29,00:00:00,0.208,0.219,0.195,0.210,48727754,9987075,400,0
2014-4-30,00:00:00,0.219,0.219,0.206,0.209,10580000,2222890,93,0
2014-5-2,00:00:00,0.203,0.214,0.203,0.209,12740000,2694410,171,0
2014-5-5,00:00:00,0.209,0.211,0.204,0.208,5860000,1215760,53,0
2014-5-7,00:00:00,0.208,0.208,0.200,0.202,9480000,1923350,79,0
2014-5-8,00:00:00,0.198,0.203,0.194,0.196,22686429,4478960,202,0
2014-5-9,00:00:00,0.194,0.194,0.186,0.188,14920000,2824340,127,0
2014-5-12,00:00:00,0.188,0.188,0.176,0.183,27700000,5005030,175,0
2014-5-13,00:00:00,0.183,0.188,0.182,0.184,13245000,2452035,129,0
2014-5-14,00:00:00,0.184,0.185,0.180,0.184,11170000,2042750,130,0
2014-5-15,00:00:00,0.183,0.205,0.179,0.198,40732000,7962720,351,0
2014-5-16,00:00:00,0.200,0.201,0.189,0.189,15494023,2977108,232,0
2014-5-19,00:00:00,0.187,0.190,0.186,0.188,11470000,2160410,107,0
2014-5-20,00:00:00,0.188,0.193,0.186,0.190,10360000,1964850,126,0
2014-5-21,00:00:00,0.191,0.195,0.187,0.187,10754000,2036522,127,0
2014-5-22,00:00:00,0.187,0.192,0.187,0.188,15270000,2897650,139,0
2014-5-23,00:00:00,0.190,0.190,0.188,0.188,3250000,614160,72,0
2014-5-26,00:00:00,0.188,0.191,0.187,0.188,5630000,1061610,100,0
2014-5-27,00:00:00,0.188,0.190,0.186,0.187,5520000,1034960,62,0
2014-5-28,00:00:00,0.186,0.199,0.185,0.190,14920000,2871640,228,0
2014-5-29,00:00:00,0.193,0.193,0.186,0.186,10018500,1885827,110,0
2014-5-30,00:00:00,0.187,0.188,0.183,0.186,8130000,1505690,139,0
2014-6-3,00:00:00,0.186,0.188,0.183,0.186,3040000,565740,63,0
2014-6-4,00:00:00,0.186,0.198,0.185,0.188,47060000,9070150,332,0
2014-6-5,00:00:00,0.190,0.193,0.186,0.187,9720000,1827880,110,0
2014-6-6,00:00:00,0.188,0.191,0.186,0.186,10540000,1976170,109,0
2014-6-9,00:00:00,0.186,0.188,0.182,0.185,10700000,1978680,117,0
2014-6-10,00:00:00,0.185,0.185,0.181,0.183,11930000,2184730,119,0
2014-6-11,00:00:00,0.183,0.189,0.183,0.185,8810000,1632530,116,0
2014-6-12,00:00:00,0.185,0.189,0.185,0.186,12741000,2370424,116,0
2014-6-13,00:00:00,0.184,0.185,0.180,0.184,8835000,1617145,77,0
2014-6-16,00:00:00,0.184,0.184,0.180,0.181,8200000,1493370,70,0
2014-6-17,00:00:00,0.180,0.182,0.179,0.181,7410000,1338140,67,0
2014-6-18,00:00:00,0.181,0.183,0.180,0.182,4080000,739560,61,0
2014-6-19,00:00:00,0.182,0.183,0.180,0.181,7390000,1342090,74,0
2014-6-20,00:00:00,0.181,0.182,0.179,0.180,6270000,1130620,57,0
2014-6-23,00:00:00,0.183,0.183,0.175,0.177,8110000,1442090,74,0
2014-6-24,00:00:00,0.177,0.179,0.171,0.174,6140000,1075040,70,0
2014-6-25,00:00:00,0.174,0.174,0.167,0.168,12250000,2082830,93,0
2014-6-26,00:00:00,0.167,0.174,0.167,0.173,6950000,1187680,67,0
2014-6-27,00:00:00,0.173,0.173,0.170,0.171,4993000,851085,64,0
2014-6-30,00:00:00,0.172,0.173,0.171,0.171,4890000,838540,79,0
2014-7-2,00:00:00,0.171,0.176,0.170,0.174,8430000,1463670,84,0
2014-7-3,00:00:00,0.174,0.192,0.174,0.185,39310000,7244040,293,0
2014-7-4,00:00:00,0.185,0.189,0.181,0.185,12455000,2280335,113,0
2014-7-7,00:00:00,0.185,0.185,0.178,0.180,9240000,1666300,91,0
2014-7-8,00:00:00,0.180,0.180,0.177,0.179,8235000,1470275,64,0
2014-7-9,00:00:00,0.173,0.178,0.173,0.174,7445000,1301695,75,0
2014-7-10,00:00:00,0.175,0.178,0.174,0.176,4980000,878370,47,0
2014-7-11,00:00:00,0.176,0.176,0.170,0.176,10095000,1742445,75,0
2014-7-14,00:00:00,0.176,0.178,0.176,0.177,3402500,600805,37,0
2014-7-15,00:00:00,0.175,0.180,0.174,0.176,4040000,710490,46,0
2014-7-16,00:00:00,0.174,0.175,0.171,0.174,4700000,814710,46,0
2014-7-17,00:00:00,0.174,0.174,0.172,0.172,4780000,824010,38,0
2014-7-18,00:00:00,0.170,0.173,0.169,0.171,8230000,1399870,58,0
2014-7-21,00:00:00,0.173,0.175,0.171,0.173,7230000,1252930,35,0
2014-7-22,00:00:00,0.172,0.175,0.172,0.174,3490000,607060,26,0
2014-7-23,00:00:00,0.175,0.184,0.173,0.181,16850000,3007650,109,0
2014-7-24,00:00:00,0.181,0.183,0.176,0.178,7670000,1367930,55,0
2014-7-25,00:00:00,0.178,0.179,0.174,0.178,4170000,732380,48,0
2014-7-28,00:00:00,0.178,0.178,0.176,0.178,6094000,1079140,53,0
2014-7-29,00:00:00,0.177,0.178,0.175,0.176,4400000,777740,52,0
2014-7-30,00:00:00,0.174,0.175,0.172,0.173,7505000,1302355,50,0
2014-7-31,00:00:00,0.175,0.177,0.172,0.174,6820000,1181020,36,0
2014-8-1,00:00:00,0.173,0.174,0.170,0.173,7850000,1353490,52,0
2014-8-4,00:00:00,0.172,0.174,0.171,0.173,8960000,1541770,66,0
2014-8-6,00:00:00,0.172,0.174,0.171,0.172,3870000,665120,37,0
2014-8-7,00:00:00,0.172,0.174,0.171,0.171,7820000,1344700,50,0
2014-8-8,00:00:00,0.172,0.172,0.170,0.172,8590000,1463540,55,0
2014-8-11,00:00:00,0.172,0.172,0.168,0.170,9730000,1648440,75,0
2014-8-12,00:00:00,0.168,0.170,0.168,0.169,6691000,1129104,47,0
2014-8-13,00:00:00,0.169,0.170,0.168,0.169,7000000,1179540,58,0
2014-8-14,00:00:00,0.170,0.175,0.169,0.171,22840000,3913950,107,0
2014-8-15,00:00:00,0.170,0.171,0.168,0.169,10160000,1718860,101,0
2014-8-18,00:00:00,0.169,0.174,0.168,0.174,11970000,2060290,87,0
2014-8-19,00:00:00,0.175,0.175,0.171,0.171,9900000,1707750,108,0
2014-8-20,00:00:00,0.171,0.182,0.171,0.175,31600000,5588660,169,0
2014-8-21,00:00:00,0.176,0.178,0.175,0.177,19460000,3433030,113,0
2014-8-22,00:00:00,0.177,0.217,0.177,0.213,276650000,54878240,1233,0
2014-8-25,00:00:00,0.217,0.221,0.200,0.203,135110000,28380680,726,0
2014-8-26,00:00:00,0.202,0.224,0.198,0.211,203445000,43845055,977,0
2014-8-27,00:00:00,0.212,0.217,0.207,0.208,31850000,6683380,231,0
2014-8-28,00:00:00,0.209,0.218,0.204,0.207,47580000,10025900,257,0
2014-8-29,00:00:00,0.207,0.209,0.204,0.205,11270000,2319450,96,0
2014-9-1,00:00:00,0.210,0.212,0.203,0.207,21040000,4356760,103,0
2014-9-2,00:00:00,0.207,0.207,0.201,0.203,12935000,2631410,118,0
2014-9-3,00:00:00,0.202,0.210,0.202,0.209,19305000,3991625,138,0
2014-9-4,00:00:00,0.206,0.208,0.201,0.206,18210000,3722510,93,0
2014-9-5,00:00:00,0.204,0.206,0.202,0.205,8310000,1694150,61,0
2014-9-8,00:00:00,0.205,0.209,0.203,0.206,7090000,1460660,48,0
2014-9-10,00:00:00,0.206,0.214,0.204,0.211,30540000,6355920,144,0
2014-9-11,00:00:00,0.214,0.218,0.206,0.210,36648000,7741116,229,0
2014-9-12,00:00:00,0.210,0.210,0.206,0.209,9720000,2020350,91,0
2014-9-15,00:00:00,0.207,0.212,0.207,0.210,12050000,2521820,75,0
2014-9-16,00:00:00,0.208,0.210,0.205,0.206,6330000,1311450,38,0
2014-9-17,00:00:00,0.204,0.204,0.192,0.193,29135000,5702940,184,0
2014-9-18,00:00:00,0.193,0.197,0.184,0.186,20670000,3921240,110,0
2014-9-19,00:00:00,0.186,0.192,0.185,0.189,19312000,3615000,87,0
2014-9-22,00:00:00,0.187,0.189,0.183,0.188,13680000,2535600,70,0
2014-9-23,00:00:00,0.185,0.190,0.185,0.187,6060000,1134500,31,0
2014-9-24,00:00:00,0.187,0.190,0.186,0.188,5980000,1122910,54,0
2014-9-25,00:00:00,0.190,0.190,0.174,0.183,10910000,2004950,96,0
2014-9-26,00:00:00,0.186,0.190,0.179,0.189,16555000,3092148,119,0
2014-9-29,00:00:00,0.188,0.188,0.180,0.183,11650000,2133710,85,0
2014-9-30,00:00:00,0.183,0.188,0.180,0.183,8670000,1584520,61,0
2014-10-3,00:00:00,0.180,0.180,0.172,0.176,19880000,3486720,109,0
2014-10-6,00:00:00,0.176,0.181,0.176,0.181,9820000,1769590,67,0
2014-10-7,00:00:00,0.183,0.183,0.179,0.180,12370000,2228050,47,0
2014-10-8,00:00:00,0.178,0.193,0.177,0.191,27890000,5067630,75,0
2014-10-9,00:00:00,0.198,0.198,0.189,0.191,27690000,5345980,175,0
2014-10-10,00:00:00,0.186,0.190,0.182,0.185,12360000,2286240,77,0
2014-10-13,00:00:00,0.184,0.185,0.180,0.183,7290000,1328090,34,0
2014-10-14,00:00:00,0.182,0.185,0.175,0.179,9285000,1671825,42,0
2014-10-15,00:00:00,0.179,0.181,0.178,0.178,4784500,858020,37,0
2014-10-16,00:00:00,0.176,0.178,0.173,0.175,7990000,1402280,38,0
2014-10-17,00:00:00,0.178,0.179,0.175,0.176,4700000,833130,42,0
2014-10-20,00:00:00,0.175,0.176,0.174,0.175,6640000,1163790,23,0
2014-10-21,00:00:00,0.176,0.178,0.171,0.174,13370000,2319610,59,0
2014-10-22,00:00:00,0.174,0.177,0.173,0.174,3200000,558500,26,0
2014-10-23,00:00:00,0.173,0.176,0.173,0.173,4550000,792200,25,0
2014-10-24,00:00:00,0.172,0.177,0.172,0.174,3890000,678750,28,0
2014-10-27,00:00:00,0.173,0.175,0.172,0.173,5180000,895800,24,0
2014-10-28,00:00:00,0.172,0.175,0.171,0.174,7510000,1295750,36,0
2014-10-29,00:00:00,0.174,0.187,0.174,0.180,36470000,6625730,169,0
2014-10-30,00:00:00,0.180,0.180,0.176,0.176,1005000,178160,15,0
2014-10-31,00:00:00,0.176,0.178,0.175,0.176,8620000,1518130,41,0
2014-11-3,00:00:00,0.176,0.185,0.176,0.181,16750000,3013510,106,0
2014-11-4,00:00:00,0.181,0.181,0.176,0.177,4520000,804380,33,0
2014-11-5,00:00:00,0.175,0.177,0.173,0.174,6520000,1135730,41,0
2014-11-6,00:00:00,0.174,0.177,0.169,0.172,13700000,2353920,46,0
2014-11-7,00:00:00,0.170,0.172,0.170,0.171,10110000,1729080,46,0
2014-11-10,00:00:00,0.170,0.176,0.170,0.175,21630000,3732370,58,0
2014-11-11,00:00:00,0.177,0.178,0.172,0.174,3540000,613750,25,0
2014-11-12,00:00:00,0.172,0.174,0.172,0.173,5050000,871660,30,0
2014-11-13,00:00:00,0.172,0.175,0.172,0.172,4570000,791050,26,0
2014-11-14,00:00:00,0.173,0.175,0.172,0.174,4085000,704015,29,0
2014-11-17,00:00:00,0.174,0.174,0.170,0.171,16940000,2924230,45,0
2014-11-18,00:00:00,0.171,0.172,0.171,0.172,4430000,759540,24,0
2014-11-19,00:00:00,0.172,0.173,0.171,0.172,10000000,1713700,55,0
2014-11-20,00:00:00,0.173,0.176,0.173,0.173,4390000,764140,39,0
2014-11-21,00:00:00,0.174,0.177,0.174,0.174,6010000,1052780,41,0
2014-11-24,00:00:00,0.177,0.182,0.177,0.180,21565000,3870910,99,0
2014-11-25,00:00:00,0.179,0.184,0.175,0.183,61950000,11267690,171,0
2014-11-26,00:00:00,0.183,0.183,0.176,0.180,11685000,2095320,65,0
2014-11-27,00:00:00,0.180,0.180,0.173,0.174,6130000,1076090,43,0
2014-11-28,00:00:00,0.174,0.177,0.173,0.174,5470000,953920,38,0
2014-12-1,00:00:00,0.176,0.176,0.169,0.169,12720000,2170840,58,0
2014-12-2,00:00:00,0.173,0.173,0.168,0.171,6640000,1128740,36,0
2014-12-3,00:00:00,0.171,0.173,0.167,0.168,30155000,5083350,73,0
2014-12-4,00:00:00,0.168,0.169,0.167,0.167,6020000,1008590,43,0
2014-12-5,00:00:00,0.167,0.168,0.162,0.163,13690000,2266530,57,0
2014-12-8,00:00:00,0.165,0.165,0.150,0.151,16950000,2586990,115,0
2014-12-9,00:00:00,0.148,0.148,0.140,0.140,20720000,2929000,102,0
2014-12-10,00:00:00,0.140,0.148,0.139,0.148,9060000,1310100,67,0
2014-12-11,00:00:00,0.149,0.149,0.143,0.146,3920000,573270,36,0
2014-12-12,00:00:00,0.146,0.146,0.139,0.143,12280000,1744630,67,0
2014-12-15,00:00:00,0.141,0.142,0.139,0.141,14150000,1974790,35,0
2014-12-16,00:00:00,0.140,0.141,0.139,0.140,5075000,711100,33,0
2014-12-17,00:00:00,0.140,0.141,0.139,0.139,23090000,3225650,81,0
2014-12-18,00:00:00,0.139,0.143,0.139,0.140,5040000,708270,31,0
2014-12-19,00:00:00,0.140,0.142,0.139,0.140,3440000,482430,18,0
2014-12-22,00:00:00,0.140,0.145,0.140,0.140,4000000,562670,36,0
2014-12-23,00:00:00,0.140,0.143,0.139,0.141,5330000,754660,36,0
2014-12-24,00:00:00,0.143,0.143,0.139,0.140,2360000,332010,21,0
2014-12-29,00:00:00,0.140,0.142,0.140,0.140,5820000,816190,29,0
2014-12-30,00:00:00,0.141,0.141,0.135,0.135,9430000,1314210,60,0
2014-12-31,00:00:00,0.134,0.134,0.132,0.133,2510000,331810,0,0
2015-1-2,00:00:00,0.134,0.137,0.133,0.137,5360000,721610,42,0
2015-1-5,00:00:00,0.138,0.138,0.134,0.134,2990000,405610,24,0
2015-1-6,00:00:00,0.132,0.142,0.131,0.140,15520000,2086830,149,0
2015-1-7,00:00:00,0.137,0.139,0.135,0.138,4710000,646290,32,0
2015-1-8,00:00:00,0.135,0.138,0.135,0.136,2635000,357030,19,0
2015-1-9,00:00:00,0.134,0.138,0.133,0.133,3430000,460470,18,0
2015-1-12,00:00:00,0.132,0.135,0.131,0.131,3240000,427720,21,0
2015-1-13,00:00:00,0.131,0.135,0.131,0.134,2220000,294740,21,0
2015-1-14,00:00:00,0.135,0.137,0.133,0.135,1570000,209460,15,0
2015-1-15,00:00:00,0.133,0.137,0.133,0.135,2140000,288050,21,0
2015-1-16,00:00:00,0.132,0.135,0.131,0.134,2330000,312120,27,0
2015-1-19,00:00:00,0.133,0.133,0.131,0.131,5300000,698970,33,0
2015-1-20,00:00:00,0.130,0.130,0.120,0.121,17925000,2243930,94,0
2015-1-21,00:00:00,0.121,0.124,0.114,0.116,21370000,2477450,121,0
2015-1-22,00:00:00,0.118,0.119,0.113,0.115,7300000,841770,60,0
2015-1-23,00:00:00,0.115,0.118,0.114,0.116,4730000,545270,33,0
2015-1-26,00:00:00,0.116,0.118,0.113,0.116,2210000,254310,24,0
2015-1-27,00:00:00,0.114,0.150,0.114,0.146,122090000,16581380,604,0
2015-1-28,00:00:00,0.143,0.146,0.128,0.129,72270000,9714340,466,0
2015-1-29,00:00:00,0.128,0.132,0.123,0.123,11163000,1411220,94,0
2015-1-30,00:00:00,0.123,0.124,0.120,0.120,7282500,885117,51,0
2015-2-2,00:00:00,0.120,0.124,0.118,0.120,7730000,928920,48,0
2015-2-3,00:00:00,0.120,0.124,0.118,0.124,6140000,745380,39,0
2015-2-5,00:00:00,0.121,0.122,0.118,0.120,2320000,277670,22,0
2015-2-6,00:00:00,0.121,0.124,0.117,0.120,10290000,1240940,61,0
2015-2-9,00:00:00,0.120,0.122,0.118,0.119,3960000,472590,31,0
2015-2-10,00:00:00,0.118,0.120,0.117,0.118,2550000,302040,23,0
2015-2-11,00:00:00,0.118,0.120,0.116,0.120,3270000,383800,19,0
2015-2-12,00:00:00,0.117,0.120,0.117,0.118,2312500,273425,20,0
2015-2-13,00:00:00,0.118,0.118,0.117,0.117,1430000,168350,10,0
2015-2-16,00:00:00,0.117,0.122,0.117,0.118,4910000,586490,43,0
2015-2-17,00:00:00,0.122,0.122,0.118,0.122,2655000,318540,24,0
2015-2-18,00:00:00,0.123,0.123,0.123,0.121,70000,8610,1,0
2015-2-25,00:00:00,0.117,0.124,0.116,0.117,3143000,374119,46,0
2015-2-26,00:00:00,0.118,0.120,0.117,0.118,890000,105620,12,0
2015-2-27,00:00:00,0.120,0.120,0.114,0.117,2905000,339430,17,0
2015-3-2,00:00:00,0.116,0.120,0.116,0.118,4646000,542780,32,0
2015-3-3,00:00:00,0.120,0.120,0.114,0.117,4515000,520100,47,0
2015-3-5,00:00:00,0.114,0.118,0.114,0.114,4770000,547330,60,0
2015-3-6,00:00:00,0.114,0.117,0.114,0.114,9480000,1092650,74,0
2015-3-9,00:00:00,0.114,0.116,0.114,0.114,4070000,466250,35,0
2015-3-10,00:00:00,0.114,0.115,0.112,0.112,7754000,877386,59,0
2015-3-11,00:00:00,0.112,0.125,0.112,0.115,16430000,1942690,128,0
2015-3-12,00:00:00,0.115,0.116,0.113,0.113,4740000,542410,47,0
2015-3-13,00:00:00,0.113,0.116,0.113,0.114,4420000,502790,43,0
2015-3-16,00:00:00,0.112,0.116,0.111,0.112,6740000,759730,64,0
2015-3-17,00:00:00,0.111,0.123,0.111,0.115,42180000,4926610,253,0
2015-3-19,00:00:00,0.110,0.115,0.110,0.111,10090000,1134150,85,0
2015-3-20,00:00:00,0.114,0.114,0.110,0.111,5500000,612240,50,0
2015-3-23,00:00:00,0.111,0.111,0.105,0.106,21310000,2275850,143,0
2015-3-24,00:00:00,0.106,0.109,0.106,0.107,5140000,549380,40,0
2015-3-25,00:00:00,0.107,0.110,0.107,0.107,7613500,825150,59,0
2015-3-26,00:00:00,0.108,0.110,0.106,0.108,36210000,3891290,67,0
2015-3-27,00:00:00,0.108,0.108,0.106,0.108,11340000,1207640,28,0
2015-3-30,00:00:00,0.107,0.110,0.107,0.108,7710000,832590,48,0
2015-3-31,00:00:00,0.108,0.112,0.108,0.110,7900000,866870,43,0
2015-4-1,00:00:00,0.109,0.111,0.106,0.107,16430000,1772050,48,0
2015-4-2,00:00:00,0.109,0.117,0.109,0.111,31560000,3520740,134,0
2015-4-8,00:00:00,0.113,0.123,0.113,0.118,28776000,3404538,174,0
2015-4-9,00:00:00,0.118,0.122,0.117,0.119,25126500,3007268,120,0
2015-4-10,00:00:00,0.120,0.128,0.120,0.127,33045500,4125750,154,0
2015-4-13,00:00:00,0.129,0.154,0.127,0.151,86945000,12390020,431,0
2015-4-14,00:00:00,0.155,0.161,0.140,0.142,48010000,7172080,241,0
2015-4-15,00:00:00,0.142,0.143,0.132,0.137,28015000,3822440,169,0
2015-4-16,00:00:00,0.137,0.144,0.135,0.142,15060000,2092860,97,0
2015-4-17,00:00:00,0.142,0.142,0.135,0.137,19231000,2639310,87,0
2015-4-20,00:00:00,0.131,0.138,0.122,0.128,60000000,7685180,157,0
2015-4-21,00:00:00,0.128,0.137,0.128,0.134,15796500,2091768,79,0
2015-4-22,00:00:00,0.134,0.152,0.132,0.148,72940000,10438140,204,0
2015-4-23,00:00:00,0.147,0.154,0.144,0.144,37260000,5554560,153,0
2015-4-24,00:00:00,0.143,0.147,0.141,0.146,20260000,2919590,107,0
2015-4-27,00:00:00,0.146,0.158,0.140,0.152,31320500,4680840,160,0
2015-4-28,00:00:00,0.154,0.166,0.152,0.158,78350000,12529110,328,0
2015-4-29,00:00:00,0.158,0.164,0.154,0.155,45960008,7323251,191,0
2015-4-30,00:00:00,0.155,0.165,0.155,0.161,49770000,7939980,174,0
2015-5-4,00:00:00,0.162,0.180,0.161,0.179,71970000,12391120,305,0
2015-5-5,00:00:00,0.181,0.182,0.165,0.169,45222500,7817202,227,0
2015-5-6,00:00:00,0.169,0.169,0.157,0.162,19678000,3187440,116,0
2015-5-7,00:00:00,0.160,0.162,0.150,0.152,16474000,2561240,93,0
2015-5-8,00:00:00,0.153,0.158,0.150,0.155,7520000,1167420,60,0
2015-5-11,00:00:00,0.159,0.160,0.153,0.154,6573000,1025319,42,0
2015-5-12,00:00:00,0.154,0.154,0.145,0.150,19545000,2950415,58,0
2015-5-13,00:00:00,0.150,0.150,0.147,0.149,6010000,897170,40,0
2015-5-14,00:00:00,0.149,0.156,0.149,0.153,15800000,2418550,61,0
2015-5-15,00:00:00,0.153,0.157,0.149,0.150,15080008,2288776,64,0
2015-5-18,00:00:00,0.153,0.153,0.143,0.152,13850000,2070380,53,0
2015-5-19,00:00:00,0.152,0.152,0.145,0.148,23550000,3486510,80,0
2015-5-20,00:00:00,0.148,0.148,0.145,0.147,15860000,2329450,58,0
2015-5-21,00:00:00,0.147,0.149,0.143,0.147,16960000,2487000,87,0
2015-5-22,00:00:00,0.145,0.153,0.144,0.152,48838000,7327858,159,0
2015-5-26,00:00:00,0.155,0.164,0.150,0.162,53098000,8296180,223,0
2015-5-27,00:00:00,0.164,0.173,0.162,0.167,41730000,7008980,206,0
2015-5-28,00:00:00,0.170,0.170,0.155,0.159,27960000,4563330,147,0
2015-5-29,00:00:00,0.159,0.168,0.155,0.161,20093000,3265265,97,0
2015-6-1,00:00:00,0.161,0.168,0.161,0.164,31760000,5247070,127,0
2015-6-2,00:00:00,0.165,0.171,0.165,0.168,45800000,7681900,183,0
2015-6-3,00:00:00,0.170,0.170,0.165,0.165,25616500,4258525,100,0
2015-6-4,00:00:00,0.165,0.168,0.156,0.161,22812000,3678450,118,0
2015-6-5,00:00:00,0.165,0.167,0.158,0.162,21090000,3461420,121,0
2015-6-8,00:00:00,0.164,0.166,0.159,0.161,15040000,2434790,78,0
2015-6-9,00:00:00,0.161,0.161,0.146,0.147,44130000,6645420,149,0
2015-6-10,00:00:00,0.134,0.142,0.126,0.127,96980000,12772180,388,0
2015-6-11,00:00:00,0.128,0.133,0.126,0.130,17510000,2268660,105,0
2015-6-12,00:00:00,0.134,0.134,0.126,0.130,18255000,2377315,68,0
2015-6-15,00:00:00,0.130,0.130,0.114,0.121,47905000,5755430,185,0
2015-6-16,00:00:00,0.120,0.132,0.120,0.128,24690000,3127970,132,0
2015-6-17,00:00:00,0.129,0.139,0.124,0.134,23260000,3082590,123,0
2015-6-18,00:00:00,0.134,0.137,0.131,0.134,10180000,1369430,59,0
2015-6-19,00:00:00,0.133,0.137,0.129,0.129,7935389,1043828,65,0
2015-6-22,00:00:00,0.124,0.131,0.124,0.124,9280000,1164460,69,0
2015-6-23,00:00:00,0.124,0.132,0.124,0.128,12645000,1618900,59,0
2015-6-24,00:00:00,0.128,0.132,0.126,0.129,20160000,2562910,93,0
2015-6-25,00:00:00,0.128,0.130,0.124,0.127,26380000,3324420,57,0
2015-6-26,00:00:00,0.129,0.129,0.122,0.124,10640000,1317110,51,0
2015-6-29,00:00:00,0.123,0.124,0.114,0.118,23960000,2825640,119,0
2015-6-30,00:00:00,0.118,0.124,0.105,0.122,32980000,3807350,143,0
2015-7-2,00:00:00,0.127,0.130,0.123,0.128,36490000,4639050,147,0
2015-7-3,00:00:00,0.130,0.130,0.120,0.122,15650000,1918670,120,0
2015-7-6,00:00:00,0.125,0.125,0.106,0.113,28140000,3120290,137,0
2015-7-7,00:00:00,0.105,0.110,0.098,0.100,33920000,3520320,113,0
2015-7-8,00:00:00,0.098,0.098,0.071,0.083,17170000,1446840,111,0
2015-7-9,00:00:00,0.089,0.105,0.089,0.105,21350000,2086230,106,0
2015-7-10,00:00:00,0.110,0.114,0.100,0.108,18280000,1990210,136,0
2015-7-13,00:00:00,0.108,0.113,0.102,0.112,9460000,1026250,73,0
2015-7-14,00:00:00,0.112,0.113,0.106,0.111,3775000,417445,44,0
2015-7-15,00:00:00,0.110,0.113,0.107,0.108,10160000,1113220,63,0
2015-7-16,00:00:00,0.108,0.111,0.103,0.107,3620000,379440,21,0
2015-7-17,00:00:00,0.108,0.110,0.107,0.108,2285000,247210,21,0
2015-7-20,00:00:00,0.112,0.112,0.108,0.110,780000,85330,13,0
2015-7-21,00:00:00,0.110,0.111,0.108,0.109,1170000,127520,16,0
2015-7-22,00:00:00,0.105,0.109,0.105,0.106,720000,76500,10,0
2015-7-23,00:00:00,0.106,0.119,0.106,0.110,9990000,1129140,75,0
2015-7-24,00:00:00,0.107,0.114,0.107,0.110,4570000,500370,33,0
2015-7-27,00:00:00,0.110,0.110,0.101,0.103,5650000,589880,43,0
2015-7-28,00:00:00,0.105,0.105,0.101,0.102,4530000,463530,32,0
2015-7-29,00:00:00,0.106,0.106,0.102,0.103,870000,89360,9,0
2015-7-30,00:00:00,0.107,0.107,0.101,0.101,4600000,467550,12,0
2015-7-31,00:00:00,0.101,0.104,0.101,0.103,1950000,200610,16,0
2015-8-3,00:00:00,0.104,0.104,0.097,0.100,3000000,298160,30,0
2015-8-4,00:00:00,0.100,0.101,0.098,0.099,660000,65480,10,0
2015-8-5,00:00:00,0.099,0.104,0.099,0.100,1310000,132210,15,0
2015-8-6,00:00:00,0.100,0.100,0.097,0.099,1250000,124520,13,0
2015-8-7,00:00:00,0.099,0.100,0.099,0.100,1370000,136300,14,0
2015-8-10,00:00:00,0.100,0.100,0.099,0.099,1960000,194860,16,0
2015-8-11,00:00:00,0.101,0.102,0.099,0.099,5080000,511230,28,0
2015-8-12,00:00:00,0.098,0.099,0.095,0.095,4780000,465480,32,0
2015-8-13,00:00:00,0.099,0.099,0.095,0.096,1370000,132240,14,0
2015-8-14,00:00:00,0.098,0.098,0.094,0.095,1008000,96062,0,0
2015-8-17,00:00:00,0.096,0.099,0.094,0.094,910000,86750,17,0
2015-8-18,00:00:00,0.095,0.097,0.094,0.094,1760000,166220,16,0
2015-8-19,00:00:00,0.095,0.098,0.094,0.095,1220000,115570,15,0
2015-8-20,00:00:00,0.092,0.095,0.092,0.095,3460000,322610,23,0
2015-8-21,00:00:00,0.092,0.092,0.073,0.089,11480000,973960,95,0
2015-8-24,00:00:00,0.076,0.084,0.075,0.078,10850000,834030,66,0
2015-8-25,00:00:00,0.075,0.080,0.072,0.074,9224000,705556,47,0
2015-8-26,00:00:00,0.078,0.078,0.073,0.074,6200000,460730,29,0
2015-8-27,00:00:00,0.077,0.080,0.077,0.077,830000,65260,16,0
2015-8-28,00:00:00,0.079,0.085,0.078,0.079,7360000,593300,46,0
2015-8-31,00:00:00,0.079,0.082,0.072,0.073,3440000,258480,31,0
2015-9-1,00:00:00,0.073,0.073,0.070,0.072,6590000,466870,41,0
2015-9-2,00:00:00,0.071,0.074,0.070,0.072,5290000,373010,25,0
2015-9-4,00:00:00,0.076,0.076,0.070,0.070,2610000,183450,25,0
2015-9-7,00:00:00,0.069,0.070,0.068,0.070,3690000,256070,20,0
2015-9-8,00:00:00,0.069,0.071,0.068,0.070,2090000,144970,23,0
2015-9-9,00:00:00,0.073,0.076,0.070,0.076,7650000,552510,46,0
2015-9-10,00:00:00,0.075,0.075,0.072,0.073,820000,59720,11,0
2015-9-11,00:00:00,0.075,0.080,0.075,0.078,4700000,364830,29,0
2015-9-14,00:00:00,0.078,0.078,0.073,0.078,5640000,433380,33,0
2015-9-15,00:00:00,0.076,0.077,0.070,0.074,7405000,535285,42,0
2015-9-16,00:00:00,0.074,0.077,0.073,0.075,1270000,95140,13,0
2015-9-17,00:00:00,0.075,0.079,0.073,0.079,5570000,424920,30,0
2015-9-18,00:00:00,0.075,0.079,0.075,0.077,2610000,200570,16,0
2015-9-21,00:00:00,0.073,0.077,0.073,0.074,970000,73130,10,0
2015-9-22,00:00:00,0.074,0.080,0.074,0.076,1495000,112950,13,0
2015-9-23,00:00:00,0.075,0.075,0.073,0.074,3400000,252930,21,0
2015-9-24,00:00:00,0.073,0.075,0.072,0.075,1070000,78920,10,0
2015-9-25,00:00:00,0.073,0.075,0.073,0.075,810000,59310,11,0
2015-9-29,00:00:00,0.073,0.073,0.070,0.070,6100000,433760,25,0
2015-9-30,00:00:00,0.070,0.073,0.070,0.071,1940000,136800,18,0
2015-10-2,00:00:00,0.076,0.076,0.071,0.074,2910000,214410,26,0
2015-10-5,00:00:00,0.078,0.079,0.077,0.078,3900000,303810,19,0
2015-10-6,00:00:00,0.078,0.078,0.075,0.077,1460000,112230,9,0
2015-10-7,00:00:00,0.077,0.079,0.075,0.079,3810000,293590,48,0
2015-10-8,00:00:00,0.076,0.079,0.075,0.077,2280000,173710,28,0
2015-10-9,00:00:00,0.080,0.089,0.077,0.087,24300000,2061380,118,0
2015-10-12,00:00:00,0.085,0.091,0.083,0.088,9300000,794840,53,0
2015-10-13,00:00:00,0.086,0.098,0.086,0.094,12770000,1182060,78,0
2015-10-14,00:00:00,0.089,0.094,0.089,0.089,2890000,261650,19,0
2015-10-15,00:00:00,0.086,0.091,0.086,0.090,3340000,299550,17,0
2015-10-16,00:00:00,0.088,0.089,0.087,0.089,2900000,254310,20,0
2015-10-19,00:00:00,0.089,0.093,0.088,0.090,4090000,371950,19,0
2015-10-20,00:00:00,0.089,0.089,0.086,0.087,3920000,343840,16,0
2015-10-22,00:00:00,0.085,0.087,0.084,0.085,3200000,272340,14,0
2015-10-23,00:00:00,0.086,0.086,0.084,0.086,4700000,400720,18,0
2015-10-26,00:00:00,0.085,0.087,0.084,0.085,770000,65470,7,0
2015-10-27,00:00:00,0.085,0.085,0.083,0.084,980000,81810,10,0
2015-10-28,00:00:00,0.083,0.084,0.082,0.082,2940000,243780,18,0
2015-10-29,00:00:00,0.082,0.084,0.082,0.082,6590000,544810,23,0
2015-10-30,00:00:00,0.081,0.082,0.081,0.082,360000,29350,6,0
2015-11-2,00:00:00,0.081,0.081,0.081,0.081,1240000,100440,12,0
2015-11-3,00:00:00,0.081,0.082,0.081,0.082,7040000,577240,23,0
2015-11-4,00:00:00,0.085,0.086,0.082,0.083,2150000,181390,13,0
2015-11-5,00:00:00,0.082,0.092,0.082,0.085,6775000,583840,30,0
2015-11-6,00:00:00,0.084,0.084,0.084,0.085,650000,54600,8,0
2015-11-9,00:00:00,0.086,0.090,0.083,0.083,3700000,317020,27,0
2015-11-10,00:00:00,0.083,0.084,0.082,0.084,2910000,242480,16,0
2015-11-11,00:00:00,0.084,0.087,0.083,0.084,3010000,253350,14,0
2015-11-12,00:00:00,0.083,0.085,0.081,0.083,12395000,1037645,35,0
2015-11-13,00:00:00,0.082,0.083,0.081,0.082,1760000,143830,15,0
2015-11-16,00:00:00,0.081,0.083,0.080,0.080,3350000,269090,17,0
2015-11-17,00:00:00,0.080,0.080,0.072,0.075,23790000,1784210,57,0
2015-11-18,00:00:00,0.073,0.078,0.073,0.078,1400000,104210,10,0
2015-11-19,00:00:00,0.077,0.077,0.073,0.076,2540000,190310,16,0
2015-11-20,00:00:00,0.073,0.078,0.073,0.075,620000,47770,5,0
2015-11-23,00:00:00,0.073,0.076,0.073,0.076,3730000,278760,21,0
2015-11-24,00:00:00,0.075,0.076,0.075,0.076,1330000,99770,6,0
2015-11-25,00:00:00,0.075,0.078,0.074,0.077,6340000,470790,9,0
2015-11-26,00:00:00,0.075,0.075,0.073,0.074,1750000,131010,0,0
2015-11-27,00:00:00,0.074,0.074,0.073,0.074,550000,40370,9,0
2015-11-30,00:00:00,0.073,0.074,0.072,0.074,370000,27170,9,0
2015-12-1,00:00:00,0.072,0.073,0.072,0.073,1200000,86600,10,0
2015-12-2,00:00:00,0.073,0.073,0.072,0.072,2580000,186910,9,0
2015-12-3,00:00:00,0.072,0.078,0.072,0.075,1350000,100730,9,0
2015-12-4,00:00:00,0.074,0.075,0.074,0.075,340000,25450,4,0
2015-12-8,00:00:00,0.074,0.076,0.074,0.075,770000,57530,9,0
2015-12-9,00:00:00,0.074,0.078,0.073,0.076,1410000,108220,11,0
2015-12-10,00:00:00,0.073,0.077,0.072,0.076,1625000,120015,20,0
2015-12-11,00:00:00,0.073,0.073,0.071,0.073,3070000,221550,16,0
2015-12-14,00:00:00,0.071,0.071,0.070,0.070,2525000,177545,16,0
2015-12-15,00:00:00,0.072,0.074,0.071,0.072,2170000,155850,16,0
2015-12-16,00:00:00,0.072,0.072,0.070,0.070,1110000,78360,8,0
2015-12-17,00:00:00,0.072,0.074,0.070,0.072,3420000,245750,14,0
2015-12-18,00:00:00,0.074,0.076,0.072,0.072,1480000,108880,11,0
2015-12-21,00:00:00,0.072,0.072,0.070,0.070,5240000,371570,13,0
2015-12-22,00:00:00,0.070,0.070,0.069,0.070,2855000,199520,17,0
2015-12-23,00:00:00,0.072,0.079,0.072,0.076,8990000,671410,50,0
2015-12-24,00:00:00,0.072,0.078,0.072,0.078,410000,31010,5,0
2015-12-28,00:00:00,0.073,0.075,0.072,0.073,4560000,333270,10,0
2015-12-29,00:00:00,0.072,0.075,0.072,0.073,2350000,173160,8,0
2015-12-30,00:00:00,0.075,0.075,0.073,0.073,1940000,141920,5,0
2015-12-31,00:00:00,0.073,0.075,0.072,0.072,710000,51760,6,0
2016-1-4,00:00:00,0.072,0.072,0.070,0.070,6060000,425720,16,0
2016-1-5,00:00:00,0.071,0.072,0.070,0.072,830000,59000,9,0
2016-1-6,00:00:00,0.070,0.071,0.069,0.071,3440000,240630,7,0
2016-1-7,00:00:00,0.070,0.071,0.068,0.071,3370000,232720,13,0
2016-1-8,00:00:00,0.070,0.071,0.070,0.070,3710000,259800,10,0
2016-1-11,00:00:00,0.068,0.070,0.068,0.069,850000,58600,9,0
2016-1-12,00:00:00,0.068,0.068,0.068,0.068,4210000,286280,16,0
2016-1-13,00:00:00,0.068,0.069,0.068,0.068,1160000,78900,9,0
2016-1-14,00:00:00,0.067,0.070,0.067,0.073,3100000,211530,13,0
2016-1-15,00:00:00,0.068,0.075,0.068,0.071,1900000,133520,14,0
2016-1-18,00:00:00,0.068,0.068,0.067,0.068,2490000,169000,9,0
2016-1-19,00:00:00,0.068,0.070,0.067,0.070,4145000,282790,19,0
2016-1-20,00:00:00,0.068,0.069,0.067,0.069,930000,63290,11,0
2016-1-21,00:00:00,0.069,0.075,0.066,0.066,202000000,13415710,81,0
2016-1-22,00:00:00,0.068,0.072,0.066,0.068,2810000,190350,19,0
2016-1-25,00:00:00,0.068,0.069,0.067,0.068,2250000,152280,13,0
2016-1-26,00:00:00,0.068,0.070,0.066,0.066,4285000,294870,10,0
2016-1-27,00:00:00,0.067,0.077,0.066,0.066,8360000,565940,29,0
2016-1-28,00:00:00,0.066,0.066,0.065,0.065,1770000,115450,11,0
2016-1-29,00:00:00,0.067,0.068,0.065,0.066,5250000,344780,14,0
2016-2-1,00:00:00,0.066,0.066,0.066,0.066,920000,60720,6,0
2016-2-2,00:00:00,0.067,0.067,0.067,0.067,100000,6700,1,0
2016-2-3,00:00:00,0.066,0.067,0.064,0.066,4120500,267377,16,0
2016-2-4,00:00:00,0.066,0.066,0.065,0.065,100000,6580,2,0
2016-2-5,00:00:00,0.065,0.068,0.065,0.068,6550000,434530,22,0
2016-2-11,00:00:00,0.065,0.065,0.060,0.060,4089000,252041,21,0
2016-2-12,00:00:00,0.064,0.064,0.057,0.059,1050000,61470,9,0
2016-2-15,00:00:00,0.062,0.062,0.056,0.059,2400000,139480,9,0
2016-2-16,00:00:00,0.056,0.073,0.056,0.069,25760000,1703920,94,0
2016-2-17,00:00:00,0.066,0.068,0.063,0.067,6410000,418240,32,0
2016-2-18,00:00:00,0.068,0.070,0.064,0.067,6470000,426860,47,0
2016-2-19,00:00:00,0.064,0.067,0.064,0.065,5100000,330880,32,0
2016-2-22,00:00:00,0.061,0.073,0.061,0.065,5900000,387300,41,0
2016-2-23,00:00:00,0.063,0.071,0.063,0.066,3600000,236170,34,0
2016-2-24,00:00:00,0.063,0.067,0.063,0.067,1540000,98290,21,0
2016-2-25,00:00:00,0.061,0.070,0.061,0.063,2630000,165380,26,0
2016-2-26,00:00:00,0.061,0.069,0.061,0.065,2040000,128460,0,0
2016-2-29,00:00:00,0.065,0.069,0.063,0.065,2360000,153060,22,0
2016-3-1,00:00:00,0.064,0.068,0.061,0.064,3780000,237790,31,0
2016-3-2,00:00:00,0.061,0.067,0.061,0.064,3291470,207119,27,0
2016-3-3,00:00:00,0.066,0.068,0.061,0.061,4185000,261115,30,0
2016-3-4,00:00:00,0.060,0.064,0.060,0.062,3970000,247000,21,0
2016-3-7,00:00:00,0.060,0.063,0.058,0.061,2540000,152430,22,0
2016-3-8,00:00:00,0.059,0.061,0.059,0.060,3180000,190970,15,0
2016-3-9,00:00:00,0.063,0.064,0.060,0.062,800000,49070,9,0
2016-3-10,00:00:00,0.064,0.064,0.060,0.060,2030000,124820,9,0
2016-3-11,00:00:00,0.061,0.061,0.059,0.060,1420000,85720,11,0
2016-3-14,00:00:00,0.061,0.062,0.061,0.062,1760000,108890,11,0
2016-3-15,00:00:00,0.062,0.062,0.061,0.062,1710000,105750,7,0
2016-3-16,00:00:00,0.062,0.062,0.060,0.060,1730000,105530,11,0
2016-3-17,00:00:00,0.060,0.063,0.060,0.062,21520000,1293810,19,0
2016-3-18,00:00:00,0.062,0.065,0.059,0.064,20840000,1277660,29,0
2016-3-21,00:00:00,0.064,0.065,0.060,0.060,2400000,146120,12,0
2016-3-22,00:00:00,0.062,0.065,0.061,0.062,27790000,1709560,19,0
2016-3-23,00:00:00,0.061,0.062,0.060,0.061,21380000,1303790,26,0
2016-3-24,00:00:00,0.062,0.062,0.061,0.062,22840000,1406280,16,0
2016-3-29,00:00:00,0.062,0.063,0.060,0.062,7370000,455310,21,0
2016-3-30,00:00:00,0.063,0.064,0.062,0.063,13630000,849630,16,0
2016-3-31,00:00:00,0.064,0.066,0.063,0.063,18340000,1174930,24,0
2016-4-1,00:00:00,0.062,0.065,0.062,0.062,1750000,112270,7,0
2016-4-5,00:00:00,0.050,0.053,0.046,0.047,84110000,4007590,222,0
2016-4-6,00:00:00,0.047,0.047,0.042,0.043,88425040,3873261,136,0
2016-4-7,00:00:00,0.043,0.046,0.042,0.044,34130000,1517240,82,0
2016-4-8,00:00:00,0.044,0.045,0.043,0.045,20427000,901146,44,0
2016-4-11,00:00:00,0.045,0.045,0.043,0.043,2820600,122787,24,0
2016-4-12,00:00:00,0.043,0.044,0.042,0.043,24360000,1050100,37,0
2016-4-13,00:00:00,0.044,0.044,0.042,0.043,12720000,545230,35,0
2016-4-14,00:00:00,0.043,0.046,0.043,0.046,45065000,2027400,66,0
2016-4-15,00:00:00,0.045,0.049,0.045,0.046,15610000,729910,32,0
2016-4-18,00:00:00,0.045,0.052,0.044,0.048,22136000,1078450,61,0
2016-4-19,00:00:00,0.047,0.050,0.045,0.046,23630000,1098960,36,0
2016-4-20,00:00:00,0.046,0.048,0.045,0.046,3880000,179510,17,0
2016-4-21,00:00:00,0.046,0.047,0.045,0.046,12030000,545590,30,0
2016-4-22,00:00:00,0.047,0.049,0.045,0.046,9520000,450960,34,0
2016-4-25,00:00:00,0.046,0.046,0.045,0.045,4960000,226480,24,0
2016-4-26,00:00:00,0.046,0.047,0.046,0.047,5190000,239010,19,0
2016-4-27,00:00:00,0.047,0.047,0.045,0.045,3340000,153300,18,0
2016-4-28,00:00:00,0.045,0.046,0.045,0.046,7050000,322640,17,0
2016-4-29,00:00:00,0.046,0.046,0.045,0.045,720000,32590,11,0
2016-5-3,00:00:00,0.045,0.047,0.044,0.045,5890000,264610,22,0
2016-5-4,00:00:00,0.045,0.046,0.044,0.045,3790000,170910,15,0
2016-5-5,00:00:00,0.046,0.047,0.045,0.047,14840000,678820,40,0
2016-5-6,00:00:00,0.047,0.057,0.047,0.048,86890000,4402960,278,0
2016-5-9,00:00:00,0.048,0.048,0.046,0.046,7940000,371430,38,0
2016-5-10,00:00:00,0.046,0.047,0.045,0.045,13180000,602520,42,0
2016-5-11,00:00:00,0.045,0.046,0.045,0.046,5985000,274670,18,0
2016-5-12,00:00:00,0.045,0.046,0.045,0.045,6650000,299930,21,0
2016-5-13,00:00:00,0.045,0.045,0.044,0.045,5870000,261600,28,0
2016-5-16,00:00:00,0.044,0.045,0.044,0.045,3660000,161730,19,0
2016-5-17,00:00:00,0.044,0.044,0.043,0.044,7570000,332080,34,0
2016-5-18,00:00:00,0.044,0.044,0.043,0.043,4565400,198952,22,0
2016-5-19,00:00:00,0.043,0.044,0.043,0.043,7036000,304670,40,0
2016-5-20,00:00:00,0.043,0.045,0.043,0.045,19720000,856830,65,0
2016-6-6,00:00:00,0.430,0.435,0.425,0.430,1471000,628365,37,0
2016-6-7,00:00:00,0.425,0.435,0.425,0.430,578500,247230,27,0
2016-6-8,00:00:00,0.430,0.435,0.425,0.430,1744253,750308,49,0
2016-6-10,00:00:00,0.430,0.435,0.425,0.435,1236500,531798,31,0
2016-6-13,00:00:00,0.430,0.430,0.425,0.425,632700,270017,23,0
2016-6-14,00:00:00,0.425,0.430,0.420,0.425,1254000,530425,29,0
2016-6-15,00:00:00,0.425,0.425,0.420,0.425,875500,370935,40,0
2016-6-16,00:00:00,0.420,0.420,0.415,0.420,1298014,542502,19,0
2016-6-17,00:00:00,0.415,0.415,0.405,0.415,910000,371965,28,0
2016-6-20,00:00:00,0.410,0.410,0.385,0.400,1726000,690065,24,0
2016-6-21,00:00:00,0.390,0.395,0.390,0.395,670500,263120,22,0
2016-6-22,00:00:00,0.390,0.395,0.390,0.390,393500,154895,12,0
2016-6-23,00:00:00,0.390,0.405,0.390,0.395,281500,111700,16,0
2016-6-24,00:00:00,0.395,0.400,0.380,0.380,1172000,454000,26,0
2016-6-27,00:00:00,0.375,0.375,0.350,0.360,1958000,697680,37,0
2016-6-28,00:00:00,0.335,0.365,0.330,0.345,1859500,639447,47,0
2016-6-29,00:00:00,0.340,0.345,0.335,0.340,869500,295045,23,0
2016-6-30,00:00:00,0.330,0.340,0.330,0.340,2597500,869635,37,0
2016-7-4,00:00:00,0.345,0.350,0.340,0.350,1071000,372775,23,0
2016-7-5,00:00:00,0.345,0.345,0.340,0.345,216000,73612,10,0
2016-7-6,00:00:00,0.345,0.345,0.335,0.340,205000,69625,6,0
2016-7-7,00:00:00,0.335,0.340,0.330,0.335,458000,153020,10,0
2016-7-8,00:00:00,0.320,0.340,0.320,0.335,570000,184900,16,0
2016-7-12,00:00:00,0.320,0.340,0.320,0.335,588000,192520,26,0
2016-7-13,00:00:00,0.330,0.340,0.325,0.340,636000,210052,24,0
2016-7-14,00:00:00,0.340,0.360,0.335,0.360,1550000,534000,31,0
2016-7-15,00:00:00,0.345,0.360,0.340,0.360,1338100,467193,36,0
2016-7-18,00:00:00,0.345,0.360,0.345,0.360,672000,236620,17,0
2016-7-19,00:00:00,0.350,0.365,0.350,0.360,370000,132850,15,0
2016-7-20,00:00:00,0.360,0.390,0.355,0.390,924500,345572,29,0
2016-7-21,00:00:00,0.380,0.390,0.370,0.390,592000,223060,25,0
2016-7-22,00:00:00,0.380,0.390,0.375,0.390,405000,153425,17,0
2016-7-25,00:00:00,0.355,0.375,0.355,0.370,317000,115280,11,0
2016-7-26,00:00:00,0.355,0.365,0.350,0.365,493250,175705,16,0
2016-7-27,00:00:00,0.355,0.355,0.355,0.355,542000,192370,12,0
2016-7-28,00:00:00,0.350,0.365,0.345,0.360,737200,265141,17,0
2016-7-29,00:00:00,0.350,0.350,0.320,0.330,771000,255970,35,0
2016-8-1,00:00:00,0.360,0.360,0.360,0.355,10000,3600,1,0
2016-8-3,00:00:00,0.320,0.340,0.320,0.330,578000,189980,32,0
2016-8-4,00:00:00,0.335,0.340,0.335,0.340,65000,21850,5,0
2016-8-5,00:00:00,0.340,0.345,0.335,0.335,515350,176012,13,0
2016-8-8,00:00:00,0.310,0.365,0.310,0.355,1140000,403050,17,0
2016-8-9,00:00:00,0.330,0.345,0.330,0.335,449000,151310,23,0
2016-8-10,00:00:00,0.340,0.360,0.340,0.345,480300,166746,17,0
2016-8-11,00:00:00,0.360,0.360,0.340,0.345,69000,23520,8,0
2016-8-12,00:00:00,0.360,0.360,0.340,0.350,536500,185080,9,0
2016-8-15,00:00:00,0.340,0.345,0.335,0.345,261800,89530,9,0
2016-8-16,00:00:00,0.340,0.340,0.330,0.335,240000,80150,13,0
2016-8-17,00:00:00,0.335,0.350,0.330,0.345,241000,80865,14,0
2016-8-18,00:00:00,0.345,0.345,0.335,0.335,94500,31570,6,0
2016-8-19,00:00:00,0.325,0.335,0.325,0.335,149000,49340,9,0
2016-8-22,00:00:00,0.320,0.350,0.310,0.345,630100,206200,18,0
2016-8-23,00:00:00,0.330,0.350,0.320,0.325,534000,178890,13,0
2016-8-25,00:00:00,0.325,0.330,0.320,0.325,706000,226400,13,0
2016-8-26,00:00:00,0.310,0.330,0.310,0.330,4290000,1379850,36,0
2016-8-29,00:00:00,0.320,0.340,0.320,0.340,193000,64337,8,0
2016-8-30,00:00:00,0.340,0.340,0.340,0.335,95000,32150,2,0
2016-8-31,00:00:00,0.335,0.340,0.325,0.330,1017000,339610,19,0
2016-9-1,00:00:00,0.305,0.330,0.305,0.320,7161000,2250600,55,0
2016-9-2,00:00:00,0.330,0.330,0.330,0.330,468000,154280,12,0
2016-9-5,00:00:00,0.330,0.330,0.320,0.325,525500,170702,10,0
2016-9-6,00:00:00,0.325,0.330,0.325,0.325,156000,50720,9,0
2016-9-7,00:00:00,0.320,0.325,0.320,0.325,206000,66480,6,0
2016-9-8,00:00:00,0.325,0.330,0.320,0.330,264000,86360,15,0
2016-9-9,00:00:00,0.330,0.330,0.320,0.330,1274500,419245,48,0
2016-9-12,00:00:00,0.325,0.345,0.320,0.335,875000,287825,16,0
2016-9-13,00:00:00,0.335,0.340,0.330,0.340,124000,41500,11,0
2016-9-14,00:00:00,0.330,0.330,0.325,0.325,263000,85610,14,0
2016-9-15,00:00:00,0.325,0.330,0.325,0.330,614000,202120,13,0
2016-9-19,00:00:00,0.340,0.340,0.335,0.340,805000,271550,13,0
2016-9-20,00:00:00,0.335,0.345,0.335,0.345,194400,65748,10,0
2016-9-21,00:00:00,0.345,0.400,0.345,0.385,8036200,3089309,153,0
2016-9-22,00:00:00,0.385,0.385,0.365,0.375,1149249,427315,37,0
2016-9-23,00:00:00,0.375,0.400,0.375,0.385,2051500,791448,41,0
2016-9-26,00:00:00,0.375,0.380,0.360,0.370,959100,351193,26,0
2016-9-27,00:00:00,0.370,0.380,0.365,0.380,532500,196525,11,0
2016-9-28,00:00:00,0.380,0.390,0.380,0.380,165000,62650,7,0
2016-9-29,00:00:00,0.380,0.380,0.370,0.380,156000,58700,8,0
2016-9-30,00:00:00,0.380,0.380,0.360,0.360,176000,66500,6,0
2016-12-20,00:00:00,0.325,0.335,0.310,0.330,8326950,2716725,101,0
2016-12-21,00:00:00,0.330,0.335,0.330,0.335,417000,138430,22,0
2016-12-22,00:00:00,0.330,0.335,0.330,0.330,218000,72060,8,0
2016-12-23,00:00:00,0.330,0.350,0.330,0.340,224000,76340,9,0
2016-12-28,00:00:00,0.340,0.340,0.330,0.335,50000,16700,2,0
2016-12-29,00:00:00,0.330,0.330,0.330,0.330,16200,5242,3,0
2016-12-30,00:00:00,0.335,0.335,0.330,0.330,1463000,482580,13,0
2017-1-3,00:00:00,0.330,0.330,0.320,0.325,65000,21075,5,0
2017-1-4,00:00:00,0.305,0.330,0.305,0.330,241000,78955,9,0
2017-1-5,00:00:00,0.310,0.330,0.310,0.330,132000,43320,6,0
2017-1-6,00:00:00,0.310,0.350,0.310,0.340,557000,189970,35,0
2017-1-9,00:00:00,0.335,0.360,0.335,0.340,211000,72870,9,0
2017-1-10,00:00:00,0.370,0.370,0.355,0.360,875000,316250,19,0
2017-1-11,00:00:00,0.340,0.370,0.330,0.350,98000,34540,8,0
2017-1-12,00:00:00,0.350,0.355,0.350,0.355,102000,35540,6,0
2017-1-13,00:00:00,0.335,0.345,0.335,0.355,65000,22050,6,0
2017-1-16,00:00:00,0.350,0.350,0.300,0.330,330000,104700,12,0
2017-1-17,00:00:00,0.335,0.335,0.330,0.335,187000,61820,5,0
2017-1-18,00:00:00,0.335,0.335,0.335,0.335,64500,21540,5,0
2017-1-19,00:00:00,0.340,0.350,0.330,0.340,3167000,1061840,12,0
2017-1-20,00:00:00,0.335,0.355,0.335,0.355,190000,65650,6,0
2017-1-23,00:00:00,0.350,0.355,0.350,0.350,54500,18595,6,0
2017-1-24,00:00:00,0.350,0.350,0.325,0.325,385000,126825,11,0
2017-1-25,00:00:00,0.325,0.325,0.325,0.340,25500,8155,4,0
2017-1-26,00:00:00,0.340,0.340,0.325,0.335,49000,16097,5,0
2017-1-27,00:00:00,0.335,0.335,0.325,0.330,20000,6600,2,0
2017-2-1,00:00:00,0.335,0.335,0.330,0.335,945000,314637,15,0
2017-2-2,00:00:00,0.335,0.335,0.330,0.335,600000,200050,7,0
2017-2-3,00:00:00,0.330,0.335,0.330,0.335,40000,13300,2,0
2017-2-6,00:00:00,0.335,0.385,0.335,0.355,2621000,965320,62,0
2017-2-7,00:00:00,0.345,0.360,0.345,0.355,151000,53680,5,0
2017-2-8,00:00:00,0.350,0.355,0.350,0.355,82000,28910,4,0
2017-2-9,00:00:00,0.370,0.370,0.345,0.355,218000,76010,11,0
2017-2-10,00:00:00,0.370,0.370,0.345,0.360,772650,274131,14,0
2017-2-13,00:00:00,0.350,0.350,0.330,0.335,570000,191100,11,0
2017-2-14,00:00:00,0.330,0.350,0.330,0.335,124000,41790,6,0
2017-2-15,00:00:00,0.350,0.350,0.330,0.345,2038000,687905,30,0
2017-2-16,00:00:00,0.335,0.350,0.335,0.345,260000,88872,7,0
2017-2-17,00:00:00,0.340,0.340,0.330,0.330,550000,185800,11,0
2017-2-20,00:00:00,0.330,0.330,0.325,0.330,661000,217260,8,0
2017-2-21,00:00:00,0.330,0.340,0.330,0.340,151000,50610,4,0
2017-2-22,00:00:00,0.330,0.335,0.330,0.345,40000,13160,6,0
2017-2-23,00:00:00,0.335,0.340,0.335,0.335,31500,10626,4,0
2017-2-24,00:00:00,0.345,0.350,0.340,0.350,377600,130982,11,0
2017-2-27,00:00:00,0.350,0.365,0.345,0.360,2595000,925375,29,0
2017-2-28,00:00:00,0.365,0.365,0.350,0.355,145000,52000,9,0
2017-3-1,00:00:00,0.355,0.360,0.355,0.360,1250000,449297,22,0
2017-3-2,00:00:00,0.360,0.360,0.350,0.360,1393700,499174,18,0
2017-3-3,00:00:00,0.360,0.360,0.355,0.360,399000,143110,8,0
2017-3-6,00:00:00,0.355,0.355,0.355,0.355,26000,9105,4,0
2017-3-7,00:00:00,0.350,0.350,0.345,0.345,250000,87000,7,0
2017-3-8,00:00:00,0.345,0.350,0.345,0.350,101500,34837,8,0
2017-3-9,00:00:00,0.365,0.365,0.365,0.355,10000,3650,1,0
2017-3-10,00:00:00,0.340,0.350,0.340,0.340,99000,34155,7,0
2017-3-13,00:00:00,0.340,0.350,0.340,0.350,380000,132500,3,0
2017-3-14,00:00:00,0.350,0.350,0.350,0.350,300000,105000,6,0
2017-3-15,00:00:00,0.350,0.350,0.345,0.350,155000,53800,6,0
2017-3-16,00:00:00,0.350,0.350,0.340,0.340,150000,51310,9,0
2017-3-17,00:00:00,0.360,0.370,0.340,0.355,688000,246390,20,0
2017-3-20,00:00:00,0.355,0.355,0.355,0.355,30000,10650,2,0
2017-3-21,00:00:00,0.350,0.355,0.350,0.355,227000,79560,11,0
2017-3-22,00:00:00,0.355,0.360,0.350,0.355,776000,275630,13,0
2017-3-23,00:00:00,0.350,0.355,0.350,0.355,73000,25575,8,0
2017-3-24,00:00:00,0.340,0.350,0.340,0.340,400300,138800,10,0
2017-3-27,00:00:00,0.340,0.350,0.335,0.345,389500,131962,10,0
2017-3-28,00:00:00,0.345,0.350,0.345,0.350,130000,45350,4,0
2017-3-29,00:00:00,0.340,0.355,0.335,0.350,972000,338515,17,0
2017-3-30,00:00:00,0.350,0.385,0.350,0.385,4664800,1727710,74,0
2017-3-31,00:00:00,0.385,0.435,0.385,0.420,12116500,5039790,219,0
2017-4-3,00:00:00,0.430,0.520,0.425,0.520,28707500,13940177,382,0
2017-4-5,00:00:00,0.500,0.550,0.465,0.490,28108000,14310110,382,0
2017-4-6,00:00:00,0.490,0.500,0.460,0.465,6288850,3001593,104,0
2017-4-7,00:00:00,0.475,0.475,0.455,0.465,1974750,908297,34,0
2017-4-10,00:00:00,0.455,0.510,0.450,0.500,3706440,1807661,78,0
2017-4-11,00:00:00,0.495,0.510,0.475,0.485,1884000,923120,43,0
2017-4-12,00:00:00,0.475,0.495,0.470,0.495,1543000,737930,29,0
2017-4-13,00:00:00,0.495,0.495,0.480,0.485,700000,340300,15,0
2017-4-18,00:00:00,0.485,0.485,0.460,0.465,1671000,782650,30,0
2017-4-19,00:00:00,0.465,0.470,0.450,0.450,824000,374690,19,0
2017-4-20,00:00:00,0.450,0.450,0.420,0.435,1993000,873050,38,0
2017-4-21,00:00:00,0.435,0.440,0.420,0.435,1030000,440650,29,0
2017-4-24,00:00:00,0.440,0.440,0.420,0.420,460000,195300,13,0
2017-4-25,00:00:00,0.425,0.435,0.420,0.435,284600,122110,14,0
2017-4-26,00:00:00,0.435,0.435,0.405,0.430,526600,224289,24,0
2017-4-27,00:00:00,0.425,0.450,0.425,0.435,285000,124100,20,0
2017-4-28,00:00:00,0.430,0.435,0.425,0.430,370000,159400,10,0
2017-5-2,00:00:00,0.425,0.430,0.410,0.415,689700,288902,26,0
2017-5-4,00:00:00,0.445,0.445,0.400,0.405,1042000,422930,25,0
2017-5-5,00:00:00,0.405,0.405,0.405,0.405,92000,37210,5,0
2017-5-8,00:00:00,0.400,0.410,0.395,0.405,325000,129650,10,0
2017-5-9,00:00:00,0.400,0.405,0.400,0.400,720000,289950,17,0
2017-5-10,00:00:00,0.405,0.405,0.385,0.400,1674700,655468,34,0
2017-5-11,00:00:00,0.400,0.420,0.395,0.395,171000,68410,11,0
2017-5-12,00:00:00,0.390,0.400,0.385,0.385,950000,372450,13,0
2017-5-15,00:00:00,0.400,0.400,0.380,0.380,319000,122107,11,0
2017-5-16,00:00:00,0.380,0.385,0.375,0.385,310000,118800,9,0
2017-5-17,00:00:00,0.395,0.395,0.385,0.385,140000,54900,3,0
2017-5-18,00:00:00,0.390,0.390,0.370,0.380,534000,204260,17,0
2017-5-19,00:00:00,0.400,0.400,0.375,0.385,170000,66600,8,0
2017-5-22,00:00:00,0.375,0.390,0.375,0.385,329250,126451,9,0
2017-5-23,00:00:00,0.420,0.420,0.390,0.395,1586000,643290,43,0
2017-5-24,00:00:00,0.420,0.420,0.390,0.395,330000,132250,14,0
2017-5-25,00:00:00,0.415,0.415,0.385,0.385,250000,98250,7,0
2017-5-26,00:00:00,0.385,0.385,0.385,0.385,191000,73520,7,0
2017-5-29,00:00:00,0.385,0.405,0.385,0.405,460000,184950,14,0
2017-5-31,00:00:00,0.410,0.410,0.395,0.395,253000,101050,10,0
2017-6-2,00:00:00,0.405,0.405,0.340,0.375,2773500,1038242,59,0
2017-6-5,00:00:00,0.395,0.395,0.365,0.380,543000,200850,15,0
2017-6-6,00:00:00,0.375,0.375,0.365,0.370,170000,62500,12,0
2017-6-7,00:00:00,0.380,0.390,0.375,0.375,941000,357925,24,0
2017-6-8,00:00:00,0.385,0.390,0.375,0.390,630000,241700,20,0
2017-6-9,00:00:00,0.400,0.400,0.380,0.390,706000,273610,14,0
2017-6-12,00:00:00,0.405,0.405,0.390,0.390,122000,47695,6,0
2017-6-13,00:00:00,0.405,0.405,0.395,0.395,557000,221435,17,0
2017-6-14,00:00:00,0.405,0.405,0.390,0.390,330000,128950,9,0
2017-6-15,00:00:00,0.400,0.400,0.400,0.400,10000,4000,1,0
2017-6-19,00:00:00,0.385,0.390,0.385,0.390,30000,11600,2,0
2017-6-20,00:00:00,0.370,0.390,0.370,0.390,245000,92825,10,0
2017-6-21,00:00:00,0.375,0.380,0.375,0.380,51000,19305,3,0
2017-6-22,00:00:00,0.380,0.385,0.380,0.385,20500,7822,3,0
2017-6-23,00:00:00,0.370,0.385,0.365,0.385,340000,126750,12,0
2017-6-26,00:00:00,0.375,0.375,0.365,0.375,390000,144500,8,0
2017-6-27,00:00:00,0.400,0.400,0.350,0.365,934000,333395,22,0
2017-6-28,00:00:00,0.350,0.350,0.350,0.350,48000,16800,4,0
2017-6-29,00:00:00,0.345,0.350,0.335,0.335,426000,145057,14,0
2017-6-30,00:00:00,0.335,0.355,0.335,0.340,60000,20450,5,0
2017-7-3,00:00:00,0.330,0.350,0.320,0.340,224100,75247,13,0
2017-7-4,00:00:00,0.350,0.350,0.330,0.340,660750,219990,15,0
2017-7-5,00:00:00,0.340,0.340,0.340,0.335,40000,13600,2,0
2017-7-6,00:00:00,0.330,0.335,0.330,0.335,216000,71770,6,0
2017-7-7,00:00:00,0.345,0.345,0.340,0.340,240500,82107,7,0
2017-7-10,00:00:00,0.350,0.350,0.340,0.340,132000,45740,6,0
2017-7-11,00:00:00,0.375,0.375,0.350,0.355,209000,74540,10,0
2017-7-12,00:00:00,0.370,0.370,0.360,0.360,150000,53670,10,0
2017-7-13,00:00:00,0.350,0.355,0.340,0.355,280000,97400,11,0
2017-7-14,00:00:00,0.370,0.370,0.340,0.350,54500,18885,6,0
2017-7-17,00:00:00,0.340,0.340,0.335,0.340,57000,19190,6,0
2017-7-18,00:00:00,0.360,0.360,0.345,0.345,150000,52050,5,0
2017-7-19,00:00:00,0.355,0.355,0.335,0.355,482200,165625,15,0
2017-7-20,00:00:00,0.360,0.360,0.340,0.350,314000,107620,15,0
2017-7-21,00:00:00,0.335,0.350,0.335,0.340,512000,174270,16,0
2017-7-24,00:00:00,0.340,0.340,0.335,0.340,273000,92560,6,0
2017-7-25,00:00:00,0.345,0.345,0.340,0.345,270000,92365,9,0
2017-7-26,00:00:00,0.350,0.360,0.335,0.340,396500,135430,15,0
2017-7-27,00:00:00,0.350,0.355,0.340,0.340,223500,76637,10,0
2017-7-28,00:00:00,0.335,0.340,0.330,0.340,84000,28070,9,0
2017-7-31,00:00:00,0.340,0.340,0.320,0.335,661000,217970,23,0
2017-8-1,00:00:00,0.310,0.335,0.310,0.320,960850,311312,29,0
2017-8-2,00:00:00,0.320,0.330,0.315,0.330,802000,255040,11,0
2017-8-3,00:00:00,0.310,0.325,0.310,0.320,35000,11075,5,0
2017-8-4,00:00:00,0.340,0.345,0.310,0.330,448000,148820,15,0
2017-8-7,00:00:00,0.350,0.350,0.330,0.340,116000,38750,7,0
2017-8-8,00:00:00,0.345,0.345,0.330,0.330,114500,38270,8,0
2017-8-9,00:00:00,0.330,0.340,0.300,0.340,1200000,384600,19,0
2017-8-10,00:00:00,0.325,0.335,0.325,0.335,121000,39910,7,0
2017-8-11,00:00:00,0.315,0.325,0.315,0.320,1540500,497325,34,0
2017-8-14,00:00:00,0.315,0.325,0.305,0.315,343000,107987,20,0
2017-8-15,00:00:00,0.305,0.320,0.305,0.320,233500,74000,7,0
2017-8-16,00:00:00,0.315,0.335,0.315,0.320,586300,190861,16,0
2017-8-17,00:00:00,0.320,0.320,0.315,0.325,116000,36850,6,0
2017-8-18,00:00:00,0.315,0.330,0.310,0.315,467000,148150,13,0
2017-8-21,00:00:00,0.315,0.325,0.310,0.320,294000,93540,17,0
2017-8-22,00:00:00,0.325,0.325,0.315,0.320,350000,112650,7,0
2017-8-24,00:00:00,0.315,0.325,0.310,0.320,227000,72625,10,0
2017-8-25,00:00:00,0.315,0.335,0.310,0.330,585000,192075,16,0
2017-8-28,00:00:00,0.335,0.350,0.335,0.345,1050000,362172,32,0
2017-8-29,00:00:00,0.330,0.355,0.330,0.355,550500,194660,22,0
2017-8-30,00:00:00,0.345,0.380,0.345,0.370,580000,210095,25,0
2017-8-31,00:00:00,0.350,0.370,0.350,0.370,152000,55720,10,0
2017-9-1,00:00:00,0.370,0.410,0.370,0.400,3765250,1496391,54,0
2017-9-4,00:00:00,0.400,0.400,0.370,0.375,123000,46015,7,0
2017-9-5,00:00:00,0.370,0.370,0.345,0.350,300000,106900,9,0
2017-9-6,00:00:00,0.340,0.380,0.330,0.365,457000,164980,22,0
2017-9-7,00:00:00,0.350,0.385,0.350,0.365,211500,77775,15,0
2017-9-8,00:00:00,0.385,0.385,0.370,0.370,30000,11250,2,0
2017-9-11,00:00:00,0.370,0.385,0.370,0.380,52000,19450,4,0
2017-9-12,00:00:00,0.395,0.400,0.370,0.400,789000,310160,18,0
2017-9-13,00:00:00,0.415,0.415,0.375,0.375,651500,253460,21,0
2017-9-14,00:00:00,0.365,0.390,0.365,0.385,1151000,443150,19,0
2017-9-15,00:00:00,0.365,0.385,0.365,0.385,1055000,398950,13,0
2017-9-18,00:00:00,0.375,0.385,0.365,0.380,433000,162050,11,0
2017-9-19,00:00:00,0.380,0.380,0.370,0.375,140000,52550,8,0
2017-9-20,00:00:00,0.390,0.390,0.330,0.350,3868300,1352542,72,0
2017-9-21,00:00:00,0.350,0.350,0.340,0.350,255500,87575,11,0
2017-9-22,00:00:00,0.340,0.350,0.340,0.350,175200,61084,7,0
2017-9-25,00:00:00,0.340,0.370,0.335,0.370,760000,270750,13,0
2017-9-26,00:00:00,0.345,0.350,0.345,0.350,20000,6950,2,0
2017-9-27,00:00:00,0.350,0.375,0.350,0.355,413000,152280,10,0
2017-9-28,00:00:00,0.360,0.370,0.355,0.370,602000,220880,13,0
2017-9-29,00:00:00,0.355,0.360,0.355,0.360,31800,11353,3,0
2017-10-3,00:00:00,0.350,0.415,0.350,0.405,1851100,735093,48,0
2017-10-4,00:00:00,0.390,0.405,0.370,0.370,539000,210145,15,0
2017-10-6,00:00:00,0.370,0.405,0.370,0.405,1372500,530835,25,0
2017-10-9,00:00:00,0.380,0.390,0.380,0.390,296500,113590,9,0
2017-10-10,00:00:00,0.390,0.400,0.385,0.395,1120000,441760,11,0
2017-10-11,00:00:00,0.395,0.395,0.385,0.385,20000,7800,2,0
2017-10-12,00:00:00,0.380,0.395,0.380,0.395,880000,345500,10,0
2017-10-13,00:00:00,0.395,0.395,0.390,0.395,592000,233640,10,0
2017-10-17,00:00:00,0.380,0.385,0.370,0.390,146000,55105,7,0
2017-10-18,00:00:00,0.385,0.440,0.385,0.400,2151000,867725,33,0
2017-10-19,00:00:00,0.390,0.390,0.380,0.385,435000,167425,12,0
2017-10-20,00:00:00,0.385,0.400,0.385,0.400,435000,170500,7,0
2017-10-23,00:00:00,0.395,0.395,0.385,0.390,96250,37457,7,0
2017-10-24,00:00:00,0.385,0.390,0.385,0.385,539000,208250,9,0
2017-10-25,00:00:00,0.375,0.395,0.365,0.395,135000,51825,9,0
2017-10-26,00:00:00,0.395,0.395,0.385,0.385,2050000,793350,8,0
2017-10-27,00:00:00,0.380,0.380,0.380,0.380,245000,93025,6,0
2017-10-30,00:00:00,0.380,0.390,0.380,0.380,139000,53005,7,0
2017-10-31,00:00:00,0.380,0.380,0.370,0.375,215500,79725,7,0
2017-11-1,00:00:00,0.365,0.375,0.365,0.375,509691,190474,13,0
2017-11-2,00:00:00,0.360,0.365,0.355,0.365,54500,19484,4,0
2017-11-3,00:00:00,0.380,0.385,0.360,0.380,473000,176000,10,0
2017-11-6,00:00:00,0.370,0.385,0.365,0.385,409000,155050,21,0
2017-11-7,00:00:00,0.370,0.385,0.370,0.375,99100,37328,10,0
2017-11-8,00:00:00,0.375,0.385,0.370,0.375,384400,144210,15,0
2017-11-9,00:00:00,0.375,0.375,0.365,0.370,769500,288220,10,0
2017-11-10,00:00:00,0.385,0.395,0.385,0.385,249000,96875,12,0
2017-11-13,00:00:00,0.380,0.380,0.380,0.380,50750,19123,5,0
2017-11-14,00:00:00,0.380,0.380,0.375,0.375,61100,22914,7,0
2017-11-15,00:00:00,0.365,0.375,0.365,0.375,40000,14800,2,0
2017-11-16,00:00:00,0.375,0.375,0.365,0.370,474500,174875,18,0
2017-11-17,00:00:00,0.365,0.365,0.360,0.365,167500,60725,9,0
2017-11-20,00:00:00,0.360,0.375,0.360,0.360,204000,73540,8,0
2017-11-21,00:00:00,0.355,0.355,0.355,0.355,140500,49720,9,0
2017-11-22,00:00:00,0.355,0.355,0.340,0.350,242000,84770,13,0
2017-11-23,00:00:00,0.345,0.355,0.340,0.355,506000,174450,11,0
2017-11-24,00:00:00,0.355,0.355,0.355,0.355,187500,67150,4,0
2017-11-27,00:00:00,0.355,0.355,0.350,0.350,152050,53398,8,0
2017-11-28,00:00:00,0.345,0.350,0.345,0.350,197000,68830,3,0
2017-11-29,00:00:00,0.340,0.350,0.340,0.360,169000,58555,12,0
2017-11-30,00:00:00,0.350,0.350,0.350,0.350,46000,16010,4,0
2017-12-1,00:00:00,0.350,0.350,0.350,0.350,44000,15320,0,0
2017-12-4,00:00:00,0.340,0.350,0.340,0.350,247750,84600,11,0
2017-12-5,00:00:00,0.340,0.345,0.340,0.345,125000,42850,7,0
2017-12-6,00:00:00,0.350,0.350,0.345,0.350,30000,10450,2,0
2017-12-7,00:00:00,0.345,0.345,0.340,0.345,40000,13750,3,0
2017-12-8,00:00:00,0.340,0.350,0.340,0.345,63300,21826,6,0
2017-12-11,00:00:00,0.345,0.350,0.345,0.350,112800,39200,9,0
2017-12-12,00:00:00,0.345,0.345,0.340,0.340,120000,41300,4,0
2017-12-13,00:00:00,0.350,0.380,0.350,0.365,576000,208190,14,0
2017-12-15,00:00:00,0.365,0.395,0.365,0.395,230000,86300,7,0
2017-12-18,00:00:00,0.390,0.390,0.380,0.380,105000,40300,6,0
2017-12-19,00:00:00,0.380,0.380,0.375,0.380,160004,60251,6,0
2017-12-20,00:00:00,0.360,0.390,0.360,0.380,124000,45580,6,0
2017-12-21,00:00:00,0.370,0.385,0.365,0.385,505000,188025,19,0
2017-12-22,00:00:00,0.380,0.390,0.380,0.380,422000,162250,6,0
2017-12-27,00:00:00,0.390,0.390,0.365,0.390,390000,150000,7,0
2017-12-28,00:00:00,0.390,0.430,0.390,0.415,1666900,684499,35,0
2017-12-29,00:00:00,0.400,0.400,0.400,0.400,14000,5520,3,0
2018-1-2,00:00:00,0.400,0.410,0.400,0.410,96000,38320,5,0
2018-1-3,00:00:00,0.405,0.410,0.390,0.390,579000,231115,15,0
2018-1-4,00:00:00,0.400,0.400,0.395,0.395,485000,193850,11,0
2018-1-5,00:00:00,0.390,0.400,0.390,0.400,45000,17775,5,0
2018-1-8,00:00:00,0.400,0.400,0.380,0.385,722550,279119,17,0
2018-1-9,00:00:00,0.375,0.380,0.375,0.380,130000,49300,4,0
2018-1-10,00:00:00,0.380,0.400,0.380,0.385,195000,75400,14,0
2018-1-11,00:00:00,0.390,0.425,0.390,0.405,1210000,496600,24,0
2018-1-12,00:00:00,0.405,0.410,0.400,0.410,875000,354025,15,0
2018-1-15,00:00:00,0.410,0.410,0.390,0.400,318000,127800,11,0
2018-1-16,00:00:00,0.400,0.410,0.400,0.400,785000,316050,10,0
2018-1-17,00:00:00,0.390,0.400,0.380,0.400,1165000,456982,24,0
2018-1-18,00:00:00,0.400,0.400,0.395,0.395,716500,283287,9,0
2018-1-19,00:00:00,0.390,0.390,0.390,0.390,17500,6705,4,0
2018-1-22,00:00:00,0.400,0.410,0.390,0.400,365500,145640,18,0
2018-1-23,00:00:00,0.400,0.400,0.390,0.390,638800,254759,15,0
2018-1-24,00:00:00,0.390,0.420,0.390,0.410,1343000,551890,18,0
2018-1-25,00:00:00,0.400,0.410,0.400,0.405,707000,287030,8,0
2018-1-26,00:00:00,0.410,0.410,0.400,0.405,216550,86694,15,0
2018-1-29,00:00:00,0.410,0.410,0.400,0.405,290000,117200,10,0
2018-1-30,00:00:00,0.390,0.410,0.390,0.400,199000,79955,15,0
2018-1-31,00:00:00,0.400,0.400,0.400,0.400,920000,368000,2,0
2018-2-1,00:00:00,0.390,0.400,0.390,0.400,114000,45400,5,0
2018-2-2,00:00:00,0.395,0.400,0.395,0.400,440000,175850,4,0
2018-2-5,00:00:00,0.385,0.400,0.385,0.405,380000,151375,0,0
2018-2-6,00:00:00,0.395,0.395,0.380,0.380,290000,111450,8,0
2018-2-7,00:00:00,0.380,0.380,0.380,0.380,65000,24625,6,0
2018-2-8,00:00:00,0.380,0.380,0.380,0.380,20000,7600,1,0
2018-2-9,00:00:00,0.360,0.375,0.350,0.375,370000,133000,10,0
2018-2-12,00:00:00,0.360,0.360,0.355,0.355,124000,44495,6,0
2018-2-13,00:00:00,0.345,0.360,0.345,0.345,69000,24120,0,0
2018-2-14,00:00:00,0.345,0.345,0.345,0.350,12000,4110,2,0
2018-2-20,00:00:00,0.360,0.370,0.360,0.370,175500,63856,8,0
2018-2-21,00:00:00,0.365,0.365,0.365,0.365,210000,76650,2,0
2018-2-22,00:00:00,0.365,0.365,0.365,0.370,40000,14600,2,0
2018-2-23,00:00:00,0.370,0.370,0.370,0.370,92000,34000,2,0
2018-2-26,00:00:00,0.365,0.375,0.360,0.375,489000,179270,13,0
2018-2-27,00:00:00,0.375,0.375,0.360,0.365,162100,59163,6,0
2018-2-28,00:00:00,0.360,0.360,0.360,0.360,10000,3600,1,0
2018-3-1,00:00:00,0.365,0.375,0.355,0.355,272000,98480,8,0
2018-3-2,00:00:00,0.360,0.360,0.360,0.360,10000,3600,0,0
2018-3-5,00:00:00,0.350,0.355,0.350,0.355,20000,7050,2,0
2018-3-6,00:00:00,0.350,0.375,0.350,0.355,130000,46800,4,0
2018-3-7,00:00:00,0.370,0.375,0.355,0.355,295000,109750,6,0
2018-3-8,00:00:00,0.355,0.355,0.355,0.360,37000,12995,4,0
2018-3-9,00:00:00,0.360,0.370,0.360,0.370,183000,66790,6,0
2018-3-12,00:00:00,0.360,0.360,0.360,0.360,228000,82000,0,0
2018-3-13,00:00:00,0.355,0.360,0.355,0.360,154000,54910,7,0
2018-3-14,00:00:00,0.360,0.360,0.360,0.360,40000,14400,1,0
2018-3-15,00:00:00,0.350,0.355,0.350,0.350,262500,92125,8,0
2018-3-16,00:00:00,0.330,0.360,0.330,0.345,197000,69310,9,0
2018-3-19,00:00:00,0.365,0.365,0.350,0.350,34000,12140,3,0
2018-3-20,00:00:00,0.340,0.350,0.340,0.350,30000,10400,3,0
2018-3-21,00:00:00,0.355,0.355,0.355,0.355,110000,39050,2,0
2018-3-22,00:00:00,0.350,0.355,0.345,0.355,335000,116700,8,0
2018-3-23,00:00:00,0.340,0.340,0.340,0.340,54000,18300,5,0
2018-3-26,00:00:00,0.325,0.340,0.325,0.340,164000,54640,6,0
2018-3-27,00:00:00,0.340,0.340,0.340,0.340,60000,20400,3,0
2018-3-28,00:00:00,0.330,0.330,0.320,0.325,382500,125250,10,0
2018-3-29,00:00:00,0.330,0.330,0.320,0.320,50000,16100,3,0
2018-4-3,00:00:00,0.325,0.325,0.320,0.325,343000,111230,5,0
2018-4-4,00:00:00,0.325,0.330,0.325,0.325,190000,61850,5,0
2018-4-6,00:00:00,0.325,0.325,0.325,0.325,40000,12850,4,0
2018-4-9,00:00:00,0.325,0.325,0.305,0.305,997000,309380,21,0
2018-4-10,00:00:00,0.315,0.330,0.300,0.320,696000,218960,33,0
2018-4-11,00:00:00,0.340,0.340,0.330,0.330,40000,13300,2,0
2018-4-12,00:00:00,0.320,0.320,0.310,0.315,100000,31400,4,0
2018-4-13,00:00:00,0.310,0.310,0.305,0.310,396000,122295,12,0
2018-4-16,00:00:00,0.315,0.315,0.300,0.310,345000,106530,9,0
2018-4-17,00:00:00,0.315,0.320,0.310,0.320,189000,59460,11,0
2018-4-18,00:00:00,0.345,0.345,0.310,0.315,75000,23850,6,0
2018-4-19,00:00:00,0.325,0.325,0.265,0.320,561500,170835,12,0
2018-4-20,00:00:00,0.300,0.325,0.300,0.325,968000,295140,14,0
2018-4-24,00:00:00,0.310,0.310,0.310,0.310,110000,34100,2,0
2018-4-25,00:00:00,0.310,0.315,0.310,0.315,190000,59800,5,0
