日期,时间,开盘价,最高价,最低价,收盘价,成交量,成交额,涨家数,跌家数
2002-9-5,00:00:00,0.380,0.380,0.345,0.355,54640000,19723000,0,0
2002-9-6,00:00:00,0.355,0.365,0.350,0.365,13260000,4770000,0,0
2002-9-9,00:00:00,0.365,0.375,0.365,0.375,9140000,3375000,0,0
2002-9-10,00:00:00,0.380,0.410,0.380,0.405,23220000,9280000,0,0
2002-9-11,00:00:00,0.410,0.415,0.400,0.405,3240000,1318000,0,0
2002-9-12,00:00:00,0.400,0.440,0.400,0.430,18710000,7998000,0,0
2002-9-13,00:00:00,0.425,0.475,0.410,0.455,33980000,15185000,0,0
2002-9-16,00:00:00,0.465,0.500,0.465,0.480,20630000,10009000,0,0
2002-9-17,00:00:00,0.495,0.495,0.455,0.460,8970000,4246000,0,0
2002-9-18,00:00:00,0.450,0.450,0.435,0.440,4540000,1989000,0,0
2002-9-19,00:00:00,0.435,0.470,0.435,0.470,5270000,2459000,0,0
2002-9-20,00:00:00,0.460,0.475,0.440,0.470,3800000,1750000,0,0
2002-9-23,00:00:00,0.470,0.520,0.470,0.510,23260000,11709000,0,0
2002-9-24,00:00:00,0.500,0.520,0.480,0.510,13330000,6653000,0,0
2002-9-25,00:00:00,0.500,0.530,0.490,0.510,16860000,8636000,0,0
2002-9-26,00:00:00,0.520,0.550,0.520,0.530,14810000,7947000,0,0
2002-9-27,00:00:00,0.540,0.570,0.540,0.560,11120000,6192000,0,0
2002-9-30,00:00:00,0.540,0.560,0.520,0.550,9340000,5070000,0,0
2002-10-2,00:00:00,0.570,0.580,0.570,0.580,7000000,4027000,0,0
2002-10-3,00:00:00,0.580,0.580,0.540,0.550,5310000,2944000,0,0
2002-10-4,00:00:00,0.560,0.580,0.560,0.570,5850000,3347000,0,0
2002-10-7,00:00:00,0.550,0.560,0.550,0.550,2660000,1479000,0,0
2002-10-8,00:00:00,0.560,0.570,0.560,0.560,2520000,1411000,0,0
2002-10-9,00:00:00,0.550,0.550,0.500,0.530,4570000,2423000,0,0
2002-10-10,00:00:00,0.530,0.530,0.510,0.520,2180000,1116000,0,0
2002-10-11,00:00:00,0.530,0.540,0.520,0.540,2400000,1259000,0,0
2002-10-15,00:00:00,0.550,0.560,0.550,0.550,2890000,1605000,0,0
2002-10-16,00:00:00,0.540,0.560,0.540,0.550,3370000,1861000,0,0
2002-10-17,00:00:00,0.540,0.570,0.540,0.570,3130000,1747000,0,0
2002-10-18,00:00:00,0.570,0.580,0.550,0.550,1110000,625000,0,0
2002-10-21,00:00:00,0.540,0.540,0.530,0.540,1510000,808000,0,0
2002-10-22,00:00:00,0.540,0.540,0.520,0.530,1680000,886000,0,0
2002-10-23,00:00:00,0.550,0.550,0.530,0.540,1670000,908000,0,0
2002-10-24,00:00:00,0.530,0.530,0.510,0.520,3830000,1976000,0,0
2002-10-25,00:00:00,0.520,0.520,0.510,0.520,1300000,670000,0,0
2002-10-28,00:00:00,0.520,0.520,0.500,0.500,1770000,903000,0,0
2002-10-29,00:00:00,0.510,0.520,0.500,0.520,800000,408000,0,0
2002-10-30,00:00:00,0.520,0.520,0.510,0.520,870000,452000,0,0
2002-10-31,00:00:00,0.520,0.530,0.510,0.530,1160000,601000,0,0
2002-11-1,00:00:00,0.530,0.540,0.520,0.530,2530000,1340000,0,0
2002-11-4,00:00:00,0.540,0.540,0.530,0.540,1780000,960000,0,0
2002-11-5,00:00:00,0.540,0.540,0.530,0.540,910000,486000,0,0
2002-11-6,00:00:00,0.550,0.550,0.530,0.540,1060000,570000,0,0
2002-11-7,00:00:00,0.530,0.560,0.530,0.560,2640000,1443000,0,0
2002-11-8,00:00:00,0.550,0.550,0.550,0.550,440000,241000,0,0
2002-11-11,00:00:00,0.540,0.550,0.540,0.540,360000,195000,0,0
2002-11-12,00:00:00,0.540,0.540,0.530,0.530,330000,177000,0,0
2002-11-13,00:00:00,0.530,0.530,0.520,0.530,1620000,850000,0,0
2002-11-14,00:00:00,0.530,0.550,0.530,0.550,330000,177000,0,0
2002-11-15,00:00:00,0.540,0.550,0.540,0.540,380000,207000,0,0
2002-11-18,00:00:00,0.550,0.580,0.550,0.580,910000,514000,0,0
2002-11-19,00:00:00,0.580,0.620,0.580,0.620,7050000,4310000,0,0
2002-11-20,00:00:00,0.620,0.640,0.620,0.630,2390000,1506000,0,0
2002-11-21,00:00:00,0.640,0.660,0.630,0.660,2760000,1785000,0,0
2002-11-22,00:00:00,0.660,0.680,0.660,0.680,3890000,2626000,0,0
2002-11-25,00:00:00,0.680,0.680,0.600,0.640,4200000,2709000,0,0
2002-11-26,00:00:00,0.630,0.630,0.600,0.610,3280000,2012000,0,0
2002-11-27,00:00:00,0.600,0.620,0.600,0.610,620000,379000,0,0
2002-11-28,00:00:00,0.620,0.630,0.620,0.630,1040000,647000,0,0
2002-11-29,00:00:00,0.630,0.630,0.620,0.620,780000,486000,0,0
2002-12-2,00:00:00,0.620,0.620,0.580,0.590,1700000,1008000,0,0
2002-12-3,00:00:00,0.580,0.580,0.570,0.570,1130000,650000,0,0
2002-12-4,00:00:00,0.570,0.570,0.510,0.520,2840000,1514000,0,0
2002-12-5,00:00:00,0.530,0.530,0.510,0.520,2280000,1190000,0,0
2002-12-6,00:00:00,0.520,0.530,0.510,0.520,1210000,627000,0,0
2002-12-9,00:00:00,0.520,0.540,0.520,0.540,1010000,535000,0,0
2002-12-10,00:00:00,0.540,0.540,0.520,0.540,650000,345000,0,0
2002-12-11,00:00:00,0.540,0.540,0.520,0.540,700000,369000,0,0
2002-12-12,00:00:00,0.530,0.560,0.520,0.560,1850000,1009000,0,0
2002-12-13,00:00:00,0.560,0.560,0.540,0.550,690000,377000,0,0
2002-12-16,00:00:00,0.540,0.560,0.540,0.560,1000000,546000,0,0
2002-12-17,00:00:00,0.550,0.550,0.550,0.550,1010000,555000,0,0
2002-12-18,00:00:00,0.550,0.570,0.550,0.570,1830000,1019000,0,0
2002-12-19,00:00:00,0.570,0.570,0.560,0.560,1000000,562000,0,0
2002-12-20,00:00:00,0.550,0.550,0.540,0.550,780000,428000,0,0
2002-12-23,00:00:00,0.550,0.570,0.550,0.560,660000,368000,0,0
2002-12-24,00:00:00,0.560,0.560,0.560,0.560,200000,111000,0,0
2002-12-27,00:00:00,0.560,0.560,0.560,0.560,100000,55000,0,0
2002-12-31,00:00:00,0.550,0.560,0.550,0.560,490000,272000,0,0
2003-1-2,00:00:00,0.560,0.570,0.560,0.560,230000,129000,0,0
2003-1-3,00:00:00,0.560,0.560,0.560,0.560,370000,207000,0,0
2003-1-6,00:00:00,0.560,0.560,0.550,0.560,170000,94000,0,0
2003-1-7,00:00:00,0.560,0.560,0.560,0.560,220000,123000,0,0
2003-1-8,00:00:00,0.560,0.560,0.550,0.550,370000,204000,0,0
2003-1-9,00:00:00,0.540,0.540,0.540,0.540,150000,81000,0,0
2003-1-10,00:00:00,0.550,0.560,0.550,0.560,600000,333000,0,0
2003-1-13,00:00:00,0.560,0.560,0.550,0.550,280000,155000,0,0
2003-1-14,00:00:00,0.550,0.550,0.550,0.550,100000,54000,0,0
2003-1-15,00:00:00,0.550,0.550,0.550,0.550,370000,203000,0,0
2003-1-16,00:00:00,0.550,0.550,0.550,0.550,20000,10000,0,0
2003-1-17,00:00:00,0.550,0.550,0.540,0.540,110000,60000,0,0
2003-1-20,00:00:00,0.540,0.550,0.540,0.550,60000,32000,0,0
2003-1-21,00:00:00,0.540,0.540,0.530,0.530,320000,172000,0,0
2003-1-22,00:00:00,0.530,0.530,0.530,0.530,170000,90000,0,0
2003-1-23,00:00:00,0.530,0.530,0.530,0.530,210000,111000,0,0
2003-1-24,00:00:00,0.530,0.530,0.530,0.530,70000,37000,0,0
2003-1-27,00:00:00,0.540,0.540,0.540,0.540,50000,26000,0,0
2003-1-28,00:00:00,0.530,0.530,0.520,0.520,300000,158000,0,0
2003-1-29,00:00:00,0.530,0.530,0.530,0.530,50000,26000,0,0
2003-2-4,00:00:00,0.530,0.530,0.530,0.530,30000,15000,0,0
2003-2-5,00:00:00,0.530,0.530,0.530,0.530,200000,105000,0,0
2003-2-7,00:00:00,0.540,0.540,0.540,0.540,50000,26000,0,0
2003-2-11,00:00:00,0.550,0.550,0.550,0.550,100000,54000,0,0
2003-2-14,00:00:00,0.540,0.540,0.540,0.540,20000,10000,0,0
2003-2-18,00:00:00,0.540,0.540,0.540,0.540,20000,10000,0,0
2003-2-19,00:00:00,0.530,0.530,0.530,0.530,50000,26000,0,0
2003-2-20,00:00:00,0.540,0.540,0.540,0.540,20000,10000,0,0
2003-2-24,00:00:00,0.540,0.540,0.530,0.540,190000,101000,0,0
2003-2-25,00:00:00,0.530,0.530,0.530,0.530,10000,5000,0,0
2003-2-26,00:00:00,0.530,0.530,0.530,0.530,40000,21000,0,0
2003-2-28,00:00:00,0.530,0.530,0.530,0.530,20000,10000,0,0
2003-3-3,00:00:00,0.530,0.540,0.520,0.540,470000,246000,0,0
2003-3-4,00:00:00,0.530,0.530,0.530,0.530,50000,26000,0,0
2003-3-6,00:00:00,0.530,0.540,0.530,0.540,270000,145000,0,0
2003-3-7,00:00:00,0.530,0.530,0.530,0.530,100000,52000,0,0
2003-3-10,00:00:00,0.530,0.530,0.530,0.530,80000,42000,0,0
2003-3-11,00:00:00,0.520,0.520,0.520,0.520,140000,72000,0,0
2003-3-20,00:00:00,0.520,0.520,0.520,0.520,50000,25000,0,0
2003-3-21,00:00:00,0.520,0.520,0.520,0.520,200000,103000,0,0
2003-3-24,00:00:00,0.520,0.520,0.520,0.520,120000,62000,0,0
2003-3-25,00:00:00,0.520,0.520,0.520,0.520,50000,25000,0,0
2003-3-28,00:00:00,0.520,0.520,0.520,0.520,50000,25000,0,0
2003-3-31,00:00:00,0.510,0.510,0.500,0.500,150000,75000,0,0
2003-4-1,00:00:00,0.510,0.510,0.500,0.510,130000,65000,0,0
2003-4-3,00:00:00,0.500,0.510,0.500,0.510,320000,162000,0,0
2003-4-7,00:00:00,0.500,0.500,0.500,0.500,110000,54000,0,0
2003-4-8,00:00:00,0.500,0.500,0.500,0.500,50000,24000,0,0
2003-4-9,00:00:00,0.495,0.495,0.490,0.490,160000,78000,0,0
2003-4-11,00:00:00,0.510,0.520,0.510,0.520,30000,15000,0,0
2003-4-14,00:00:00,0.500,0.500,0.500,0.520,50000,24000,0,0
2003-4-17,00:00:00,0.500,0.500,0.500,0.500,50000,24000,0,0
2003-4-22,00:00:00,0.495,0.495,0.490,0.500,150000,74000,0,0
2003-4-24,00:00:00,0.490,0.500,0.490,0.500,40000,19000,0,0
2003-5-6,00:00:00,0.495,0.495,0.490,0.490,50000,24000,0,0
2003-5-9,00:00:00,0.495,0.495,0.495,0.495,40000,19000,0,0
2003-5-12,00:00:00,0.495,0.495,0.495,0.495,20000,9000,0,0
2003-5-14,00:00:00,0.510,0.520,0.510,0.510,370000,189000,0,0
2003-5-20,00:00:00,0.500,0.500,0.500,0.500,140000,70000,0,0
2003-5-27,00:00:00,0.500,0.500,0.490,0.495,150000,73000,0,0
2003-5-28,00:00:00,0.500,0.500,0.500,0.500,50000,24000,0,0
2003-6-2,00:00:00,0.530,0.530,0.530,0.530,20000,10000,0,0
2003-6-3,00:00:00,0.530,0.550,0.530,0.550,110000,59000,0,0
2003-6-5,00:00:00,0.560,0.570,0.540,0.540,270000,149000,0,0
2003-6-9,00:00:00,0.540,0.550,0.540,0.550,80000,43000,0,0
2003-6-10,00:00:00,0.550,0.560,0.550,0.560,60000,33000,0,0
2003-6-11,00:00:00,0.560,0.580,0.560,0.580,150000,85000,0,0
2003-6-12,00:00:00,0.580,0.580,0.580,0.580,70000,40000,0,0
2003-6-13,00:00:00,0.580,0.590,0.580,0.580,80000,46000,0,0
2003-6-16,00:00:00,0.580,0.580,0.580,0.580,10000,5000,0,0
2003-6-17,00:00:00,0.580,0.600,0.580,0.600,90000,53000,0,0
2003-6-18,00:00:00,0.620,0.620,0.620,0.620,50000,30000,0,0
2003-6-19,00:00:00,0.610,0.610,0.610,0.610,10000,6000,0,0
2003-6-20,00:00:00,0.600,0.600,0.570,0.570,50000,28000,0,0
2003-6-23,00:00:00,0.570,0.570,0.570,0.570,100000,56000,0,0
2003-6-24,00:00:00,0.570,0.570,0.570,0.570,50000,28000,0,0
2003-6-25,00:00:00,0.580,0.580,0.580,0.580,100000,57000,0,0
2003-6-26,00:00:00,0.560,0.560,0.550,0.550,50000,27000,0,0
2003-6-27,00:00:00,0.560,0.560,0.560,0.560,50000,27000,0,0
2003-7-2,00:00:00,0.540,0.540,0.530,0.530,50000,26000,0,0
2003-7-3,00:00:00,0.530,0.530,0.530,0.530,300000,159000,0,0
2003-7-4,00:00:00,0.530,0.530,0.520,0.520,160000,83000,0,0
2003-7-8,00:00:00,0.520,0.520,0.520,0.520,30000,15000,0,0
2003-7-10,00:00:00,0.550,0.560,0.550,0.550,650000,358000,0,0
2003-7-14,00:00:00,0.550,0.550,0.500,0.500,210000,111000,0,0
2003-7-15,00:00:00,0.530,0.530,0.530,0.530,190000,100000,0,0
2003-7-16,00:00:00,0.530,0.570,0.530,0.530,510000,278000,0,0
2003-7-17,00:00:00,0.530,0.530,0.530,0.530,230000,121000,0,0
2003-7-23,00:00:00,0.510,0.510,0.500,0.500,150000,75000,0,0
2003-7-28,00:00:00,0.495,0.510,0.490,0.510,770000,379000,0,0
2003-8-4,00:00:00,0.530,0.530,0.510,0.520,570000,296000,0,0
2003-8-6,00:00:00,0.540,0.540,0.520,0.540,350000,187000,0,0
2003-8-11,00:00:00,0.520,0.520,0.520,0.520,50000,25000,0,0
2003-8-12,00:00:00,0.510,0.510,0.510,0.510,20000,10000,0,0
2003-8-13,00:00:00,0.520,0.520,0.520,0.520,40000,20000,0,0
2003-8-14,00:00:00,0.540,0.540,0.540,0.530,40000,21000,0,0
2003-8-27,00:00:00,0.520,0.520,0.520,0.520,20000,10000,0,0
2003-8-29,00:00:00,0.510,0.510,0.510,0.510,30000,15000,0,0
2003-9-2,00:00:00,0.520,0.520,0.520,0.520,100000,51000,0,0
2003-9-3,00:00:00,0.550,0.550,0.550,0.550,50000,27000,0,0
2003-9-4,00:00:00,0.540,0.540,0.540,0.540,170000,91000,0,0
2003-9-8,00:00:00,0.510,0.540,0.510,0.540,110000,56000,0,0
2003-9-10,00:00:00,0.540,0.540,0.540,0.540,10000,5000,0,0
2003-9-15,00:00:00,0.510,0.510,0.510,0.510,70000,35000,0,0
2003-9-16,00:00:00,0.520,0.520,0.520,0.520,20000,10000,0,0
2003-9-19,00:00:00,0.520,0.530,0.520,0.520,40000,20000,0,0
2003-9-22,00:00:00,0.510,0.510,0.510,0.520,230000,117000,0,0
2003-9-23,00:00:00,0.510,0.510,0.510,0.510,20000,10000,0,0
2003-9-24,00:00:00,0.500,0.500,0.500,0.500,40000,20000,0,0
2003-9-25,00:00:00,0.500,0.500,0.500,0.500,20000,10000,0,0
2003-9-29,00:00:00,0.495,0.495,0.495,0.495,30000,14000,0,0
2003-9-30,00:00:00,0.485,0.485,0.480,0.480,50000,24000,0,0
2003-10-2,00:00:00,0.480,0.480,0.470,0.470,110000,52000,0,0
2003-10-3,00:00:00,0.500,0.500,0.500,0.500,20000,10000,0,0
2003-10-6,00:00:00,0.490,0.490,0.485,0.485,60000,29000,0,0
2003-10-7,00:00:00,0.485,0.485,0.485,0.485,100000,48000,0,0
2003-10-8,00:00:00,0.480,0.480,0.480,0.480,50000,23000,0,0
2003-10-9,00:00:00,0.520,0.520,0.490,0.490,110000,56000,0,0
2003-10-14,00:00:00,0.480,0.480,0.480,0.480,200000,95000,0,0
2003-10-17,00:00:00,0.440,0.480,0.400,0.480,310000,144000,0,0
2003-10-20,00:00:00,0.470,0.470,0.470,0.470,20000,9000,0,0
2003-10-22,00:00:00,0.470,0.470,0.470,0.470,50000,23000,0,0
2003-10-23,00:00:00,0.470,0.470,0.470,0.470,20000,9000,0,0
2003-10-24,00:00:00,0.475,0.475,0.470,0.470,80000,37000,0,0
2003-10-31,00:00:00,0.470,0.475,0.470,0.475,400000,188000,0,0
2003-11-4,00:00:00,0.475,0.475,0.475,0.475,200000,94000,0,0
2003-11-5,00:00:00,0.480,0.520,0.480,0.520,570000,286000,0,0
2003-11-6,00:00:00,0.520,0.530,0.510,0.520,540000,284000,0,0
2003-11-7,00:00:00,0.520,0.560,0.510,0.550,1780000,960000,0,0
2003-11-10,00:00:00,0.550,0.550,0.540,0.540,630000,342000,0,0
2003-11-11,00:00:00,0.550,0.550,0.520,0.520,1110000,596000,0,0
2003-11-12,00:00:00,0.520,0.530,0.480,0.510,450000,232000,0,0
2003-11-13,00:00:00,0.530,0.530,0.530,0.530,230000,121000,0,0
2003-11-14,00:00:00,0.520,0.540,0.520,0.540,150000,79000,0,0
2003-11-17,00:00:00,0.520,0.520,0.520,0.520,100000,51000,0,0
2003-11-18,00:00:00,0.520,0.520,0.520,0.520,110000,57000,0,0
2003-11-19,00:00:00,0.500,0.500,0.500,0.500,50000,24000,0,0
2003-11-25,00:00:00,0.510,0.540,0.510,0.530,680000,356000,0,0
2003-11-26,00:00:00,0.540,0.550,0.540,0.550,570000,310000,0,0
2003-12-2,00:00:00,0.560,0.560,0.530,0.530,200000,108000,0,0
2003-12-11,00:00:00,0.500,0.500,0.500,0.500,100000,49000,0,0
2003-12-18,00:00:00,0.490,0.530,0.490,0.530,80000,40000,0,0
2004-1-7,00:00:00,0.530,0.530,0.530,0.530,60000,31000,0,0
2004-1-9,00:00:00,0.470,0.530,0.470,0.530,80000,40000,0,0
2004-1-26,00:00:00,0.500,0.500,0.500,0.500,10000,5000,0,0
2004-2-2,00:00:00,0.460,0.500,0.460,0.500,20000,9000,0,0
2004-2-12,00:00:00,0.520,0.520,0.520,0.520,10000,5000,0,0
2004-2-19,00:00:00,0.520,0.630,0.520,0.590,220000,124000,0,0
2004-2-20,00:00:00,0.570,0.570,0.550,0.520,110000,62000,0,0
2004-2-23,00:00:00,0.500,0.500,0.500,0.500,50000,24000,0,0
2004-2-24,00:00:00,0.500,0.540,0.450,0.530,2580000,1255000,0,0
2004-2-25,00:00:00,0.500,0.540,0.500,0.540,390000,206000,0,0
2004-2-26,00:00:00,0.570,0.570,0.570,0.540,250000,142000,0,0
2004-3-2,00:00:00,0.540,0.540,0.540,0.540,200000,107000,0,0
2004-3-3,00:00:00,0.550,0.550,0.500,0.550,220000,118000,0,0
2004-4-2,00:00:00,0.580,0.580,0.580,0.570,140000,79000,0,0
2004-4-22,00:00:00,0.550,0.550,0.550,0.550,140000,75000,0,0
2004-4-28,00:00:00,0.550,0.550,0.550,0.550,15000,8000,0,0
2004-5-24,00:00:00,0.530,0.530,0.530,0.530,5000,2000,0,0
2004-6-18,00:00:00,0.500,0.500,0.500,0.500,40000,20000,0,0
2004-8-20,00:00:00,0.430,0.430,0.430,0.430,30000,12000,0,0
2004-8-27,00:00:00,0.400,0.400,0.400,0.400,10000,3000,0,0
2004-11-19,00:00:00,0.350,0.350,0.350,0.350,100000,35000,0,0
2004-11-24,00:00:00,0.375,0.375,0.375,0.375,10000,3000,0,0
2005-2-21,00:00:00,0.350,0.350,0.320,0.330,100000,33000,0,0
2005-2-22,00:00:00,0.330,0.380,0.330,0.380,90000,30000,0,0
2005-2-23,00:00:00,0.380,0.380,0.380,0.380,100000,38000,0,0
2005-4-28,00:00:00,0.370,0.375,0.370,0.370,300000,111000,0,0
2005-4-29,00:00:00,0.370,0.385,0.370,0.385,370000,139000,0,0
2005-5-3,00:00:00,0.400,0.400,0.400,0.400,350000,140000,0,0
2005-5-5,00:00:00,0.390,0.420,0.390,0.420,280000,115000,0,0
2005-7-27,00:00:00,0.380,0.380,0.380,0.400,100000,38000,0,0
2005-8-3,00:00:00,0.430,0.430,0.430,0.430,250000,107000,0,0
2005-8-4,00:00:00,0.415,0.415,0.415,0.415,100000,41000,0,0
2005-8-12,00:00:00,0.450,0.450,0.450,0.450,60000,26000,0,0
2005-9-13,00:00:00,0.420,0.420,0.420,0.420,300000,125000,0,0
2005-9-14,00:00:00,0.390,0.420,0.390,0.420,110000,44000,0,0
2005-9-28,00:00:00,0.420,0.450,0.420,0.450,110000,47000,0,0
2005-9-29,00:00:00,0.450,0.470,0.450,0.470,300000,136000,0,0
2005-9-30,00:00:00,0.470,0.500,0.470,0.500,170000,81000,0,0
2005-10-4,00:00:00,0.480,0.480,0.480,0.480,80000,38000,0,0
2005-10-10,00:00:00,0.500,0.500,0.500,0.500,100000,49000,0,0
2005-11-18,00:00:00,0.500,0.500,0.500,0.500,70000,35000,0,0
2005-11-21,00:00:00,0.500,0.530,0.500,0.520,1050000,535000,0,0
2005-11-22,00:00:00,0.510,0.520,0.510,0.510,450000,229000,0,0
2005-11-23,00:00:00,0.480,0.500,0.460,0.500,370000,177000,0,0
2005-11-24,00:00:00,0.450,0.450,0.450,0.450,120000,53000,0,0
2005-11-25,00:00:00,0.400,0.500,0.400,0.500,400000,172000,0,0
2005-11-30,00:00:00,0.480,0.480,0.480,0.480,110000,52000,0,0
2005-12-1,00:00:00,0.450,0.500,0.450,0.500,220000,103000,0,0
2005-12-2,00:00:00,0.450,0.500,0.450,0.500,150000,72000,0,0
2005-12-5,00:00:00,0.450,0.465,0.450,0.465,370000,167000,0,0
2005-12-8,00:00:00,0.450,0.460,0.450,0.460,700000,315000,0,0
2005-12-9,00:00:00,0.450,0.450,0.450,0.450,20000,9000,0,0
2005-12-12,00:00:00,0.450,0.450,0.450,0.450,100000,44000,0,0
2005-12-14,00:00:00,0.450,0.460,0.450,0.460,350000,158000,0,0
2005-12-15,00:00:00,0.460,0.460,0.460,0.460,320000,147000,0,0
2005-12-16,00:00:00,0.460,0.470,0.460,0.470,750000,350000,0,0
2005-12-19,00:00:00,0.450,0.470,0.450,0.470,500000,228000,0,0
2005-12-20,00:00:00,0.450,0.460,0.450,0.460,350000,158000,0,0
2005-12-21,00:00:00,0.440,0.460,0.410,0.460,600000,265000,0,0
2005-12-22,00:00:00,0.470,0.470,0.465,0.470,350000,164000,0,0
2005-12-23,00:00:00,0.450,0.450,0.450,0.450,730000,328000,0,0
2005-12-29,00:00:00,0.450,0.450,0.450,0.450,270000,121000,0,0
2005-12-30,00:00:00,0.450,0.450,0.450,0.450,200000,89000,0,0
2006-1-5,00:00:00,0.460,0.460,0.460,0.460,50000,22000,0,0
2006-1-6,00:00:00,0.480,0.480,0.480,0.480,200000,95000,0,0
2006-1-9,00:00:00,0.470,0.480,0.450,0.480,520000,240000,0,0
2006-1-19,00:00:00,0.500,0.500,0.500,0.500,30000,14000,0,0
2006-1-20,00:00:00,0.450,0.450,0.450,0.470,300000,135000,0,0
2006-2-7,00:00:00,0.460,0.460,0.460,0.460,380000,174000,0,0
2006-2-8,00:00:00,0.460,0.460,0.460,0.460,200000,91000,0,0
2006-2-9,00:00:00,0.480,0.480,0.480,0.480,250000,119000,0,0
2006-2-13,00:00:00,0.460,0.460,0.460,0.460,40000,18000,0,0
2006-2-14,00:00:00,0.480,0.490,0.480,0.490,330000,159000,0,0
2006-2-15,00:00:00,0.470,0.470,0.470,0.470,50000,23000,0,0
2006-2-22,00:00:00,0.470,0.470,0.470,0.470,300000,141000,0,0
2006-3-3,00:00:00,0.500,0.500,0.500,0.500,100000,49000,0,0
2006-3-7,00:00:00,0.470,0.470,0.470,0.470,20000,9000,0,0
2006-3-13,00:00:00,0.480,0.480,0.480,0.490,200000,95000,0,0
2006-3-14,00:00:00,0.490,0.490,0.490,0.490,19700000,9456000,0,0
2006-3-27,00:00:00,0.480,0.480,0.470,0.470,900000,428000,0,0
2006-3-28,00:00:00,0.480,0.480,0.480,0.480,400000,191000,0,0
2006-3-29,00:00:00,0.480,0.480,0.480,0.480,680000,326000,0,0
2006-4-18,00:00:00,0.470,0.470,0.470,0.470,50000,23000,0,0
2006-4-20,00:00:00,0.480,0.480,0.480,0.480,500000,239000,0,0
2006-4-21,00:00:00,0.480,0.480,0.470,0.480,1110000,531000,0,0
2006-4-24,00:00:00,0.480,0.480,0.480,0.480,850000,407000,0,0
2006-4-25,00:00:00,0.480,0.480,0.480,0.480,80000,38000,0,0
2006-4-26,00:00:00,0.480,0.480,0.480,0.480,750000,359000,0,0
2006-4-27,00:00:00,0.480,0.480,0.480,0.485,910000,436000,0,0
2006-5-8,00:00:00,0.480,0.480,0.480,0.480,500000,239000,0,0
2006-5-10,00:00:00,0.485,0.485,0.480,0.480,110000,52000,0,0
2006-5-11,00:00:00,0.485,0.485,0.480,0.480,260000,124000,0,0
2006-5-12,00:00:00,0.480,0.480,0.480,0.480,180000,86000,0,0
2006-5-22,00:00:00,0.480,0.480,0.480,0.480,200000,95000,0,0
2006-5-23,00:00:00,0.480,0.480,0.480,0.480,1370000,657000,0,0
2006-5-24,00:00:00,0.480,0.480,0.480,0.480,840000,403000,0,0
2006-5-26,00:00:00,0.480,0.480,0.480,0.480,400000,191000,0,0
2006-5-29,00:00:00,0.480,0.480,0.480,0.480,30000,14000,0,0
2006-6-5,00:00:00,0.480,0.480,0.480,0.480,200000,95000,0,0
2006-6-23,00:00:00,0.480,0.480,0.480,0.480,1010000,484000,0,0
2006-6-26,00:00:00,0.480,0.480,0.480,0.480,1600000,767000,0,0
2006-6-27,00:00:00,0.480,0.480,0.480,0.480,11300000,5423000,0,0
2006-6-28,00:00:00,0.480,0.480,0.480,0.480,2000000,959000,0,0
2006-7-5,00:00:00,0.480,0.480,0.480,0.480,940000,451000,0,0
2006-7-28,00:00:00,0.490,0.490,0.490,0.490,10000,4000,0,0
2006-7-31,00:00:00,0.445,0.445,0.440,0.440,150000,66000,0,0
2006-10-16,00:00:00,0.430,0.430,0.430,0.430,10000,4000,0,0
2006-11-9,00:00:00,0.380,0.380,0.380,0.380,10000,3000,0,0
2006-11-10,00:00:00,0.400,0.400,0.400,0.400,90000,36000,0,0
2006-11-13,00:00:00,0.440,0.440,0.440,0.440,90000,39000,0,0
2006-11-14,00:00:00,0.440,0.440,0.440,0.440,180000,79000,0,0
2006-11-15,00:00:00,0.470,0.470,0.470,0.465,110000,51000,0,0
2006-11-17,00:00:00,0.510,0.510,0.510,0.510,50000,25000,0,0
2007-5-15,00:00:00,0.500,0.500,0.500,0.500,150000,75000,0,0
2007-5-23,00:00:00,0.410,0.500,0.410,0.480,60000,26000,0,0
2007-5-28,00:00:00,0.500,0.520,0.500,0.520,120000,61000,0,0
2007-5-29,00:00:00,0.520,0.540,0.520,0.540,480000,250000,0,0
2007-5-30,00:00:00,0.580,0.650,0.570,0.630,1610000,958000,0,0
2007-5-31,00:00:00,0.700,0.760,0.700,0.760,1200000,860000,0,0
2007-6-1,00:00:00,0.760,0.780,0.760,0.780,510000,394000,0,0
2007-6-4,00:00:00,0.810,0.890,0.810,0.830,1430000,1203000,0,0
2007-6-5,00:00:00,0.840,0.850,0.780,0.780,160000,128000,0,0
2007-6-8,00:00:00,0.680,0.700,0.680,0.700,60000,41000,0,0
2007-6-11,00:00:00,0.700,0.700,0.670,0.690,260000,180000,0,0
2007-6-12,00:00:00,0.700,0.700,0.700,0.700,470000,329000,0,0
2007-6-13,00:00:00,0.750,0.750,0.750,0.750,50000,37000,0,0
2007-6-14,00:00:00,0.760,0.760,0.760,0.760,160000,121000,0,0
2007-6-15,00:00:00,0.760,0.760,0.650,0.760,370000,273000,0,0
2007-6-18,00:00:00,0.760,0.800,0.760,0.800,150000,115000,0,0
2007-6-20,00:00:00,0.800,0.850,0.800,0.850,230000,189000,0,0
2007-6-21,00:00:00,0.880,1.780,0.880,1.210,1480000,1758000,0,0
2007-6-22,00:00:00,1.230,1.240,1.040,1.190,2800000,3076000,0,0
2007-6-25,00:00:00,1.190,1.500,1.190,1.500,1120000,1616000,0,0
2007-6-26,00:00:00,1.510,1.620,1.330,1.340,470000,687000,0,0
2007-6-27,00:00:00,1.340,1.340,1.300,1.300,40000,52000,0,0
2007-6-28,00:00:00,1.300,1.530,1.300,1.530,330000,488000,0,0
2007-6-29,00:00:00,1.400,1.400,1.300,1.300,270000,367000,0,0
2007-7-3,00:00:00,1.480,1.500,1.480,1.480,270000,401000,0,0
2007-7-4,00:00:00,1.480,1.570,1.480,1.500,310000,476000,0,0
2007-7-5,00:00:00,1.500,1.710,1.500,1.710,520000,822000,0,0
2007-7-6,00:00:00,1.710,1.800,1.710,1.770,980000,1723000,0,0
2007-7-9,00:00:00,1.600,1.610,1.500,1.610,120000,189000,0,0
2007-7-10,00:00:00,1.680,1.690,1.540,1.600,980000,1632000,0,0
2007-7-11,00:00:00,1.660,1.660,1.660,1.660,150000,242000,0,0
2007-7-12,00:00:00,1.660,1.660,1.660,1.660,40000,67000,0,0
2007-7-13,00:00:00,1.670,1.680,1.670,1.680,40000,67000,0,0
2007-7-16,00:00:00,1.530,1.600,1.520,1.600,110000,171000,0,0
2007-7-17,00:00:00,1.500,1.600,1.500,1.600,870000,1311000,0,0
2007-7-19,00:00:00,1.600,1.650,1.590,1.600,550000,879000,0,0
2007-7-20,00:00:00,1.600,1.600,1.600,1.600,100000,160000,0,0
2007-7-23,00:00:00,1.600,1.600,1.600,1.580,280000,447000,0,0
2007-7-24,00:00:00,1.560,1.580,1.560,1.560,100000,156000,0,0
2007-7-25,00:00:00,1.600,1.600,1.600,1.600,450000,719000,0,0
2007-7-27,00:00:00,1.500,1.500,1.500,1.500,70000,104000,0,0
2007-7-30,00:00:00,1.300,1.400,1.200,1.290,1310000,1648000,0,0
2007-7-31,00:00:00,1.290,1.350,1.220,1.300,1280000,1611000,0,0
2007-8-1,00:00:00,1.300,1.350,1.280,1.350,820000,1069000,0,0
2007-8-2,00:00:00,1.350,1.350,1.210,1.250,1280000,1570000,0,0
2007-8-3,00:00:00,1.350,1.410,1.300,1.340,1170000,1587000,0,0
2007-8-6,00:00:00,1.250,1.250,1.250,1.250,30000,37000,0,0
2007-8-7,00:00:00,1.280,1.280,1.230,1.230,460000,577000,0,0
2007-8-8,00:00:00,1.230,1.240,1.230,1.240,90000,111000,0,0
2007-8-9,00:00:00,1.280,1.280,1.250,1.260,210000,265000,0,0
2007-8-10,00:00:00,1.230,1.230,1.200,1.200,70000,84000,0,0
2007-8-13,00:00:00,1.200,1.200,1.200,1.200,10000,11000,0,0
2007-8-14,00:00:00,1.150,1.150,1.150,1.150,110000,129000,0,0
2007-8-16,00:00:00,1.070,1.070,1.070,1.070,20000,21000,0,0
2007-8-22,00:00:00,1.030,1.030,0.900,0.950,40000,39000,0,0
2007-8-23,00:00:00,1.000,1.030,1.000,1.030,210000,215000,0,0
2007-8-27,00:00:00,1.030,1.200,0.920,1.200,150000,173000,0,0
2007-8-28,00:00:00,1.180,1.200,1.180,1.200,200000,237000,0,0
2007-8-29,00:00:00,1.180,1.180,1.180,1.180,60000,70000,0,0
2007-8-30,00:00:00,1.180,1.200,1.020,1.200,90000,103000,0,0
2007-8-31,00:00:00,1.200,1.200,1.200,1.200,220000,264000,0,0
2007-9-3,00:00:00,1.200,1.200,1.200,1.200,50000,59000,0,0
2007-9-4,00:00:00,1.150,1.200,1.150,1.200,650000,764000,0,0
2007-9-6,00:00:00,1.200,1.200,1.180,1.180,190000,227000,0,0
2007-9-7,00:00:00,1.200,1.200,1.200,1.200,410000,491000,0,0
2007-9-10,00:00:00,1.200,1.250,1.200,1.250,910000,1095000,0,0
2007-9-11,00:00:00,1.200,1.200,1.200,1.200,430000,516000,0,0
2007-9-12,00:00:00,1.200,1.250,1.200,1.250,1900000,2325000,0,0
2007-9-13,00:00:00,1.250,1.250,1.200,1.220,500000,603000,0,0
2007-9-14,00:00:00,1.220,1.220,1.150,1.190,1370000,1653000,0,0
2007-9-17,00:00:00,1.190,1.220,1.190,1.220,1490000,1792000,0,0
2007-9-18,00:00:00,1.220,1.220,1.200,1.220,1610000,1947000,0,0
2007-9-19,00:00:00,1.180,1.220,1.180,1.220,930000,1129000,0,0
2007-9-20,00:00:00,1.120,1.220,1.120,1.200,380000,448000,0,0
2007-9-21,00:00:00,1.200,1.220,1.180,1.210,1270000,1533000,0,0
2007-9-24,00:00:00,1.210,1.220,1.200,1.220,1900000,2298000,0,0
2007-9-25,00:00:00,1.230,1.280,1.230,1.280,670000,825000,0,0
2007-9-27,00:00:00,1.530,1.880,1.350,1.380,5930000,9013000,0,0
2007-9-28,00:00:00,1.300,1.380,1.280,1.370,1640000,2210000,0,0
2007-10-2,00:00:00,1.490,1.490,1.370,1.440,140000,198000,0,0
2007-10-3,00:00:00,1.470,1.470,1.330,1.330,130000,179000,0,0
2007-10-4,00:00:00,1.280,1.280,1.200,1.200,320000,390000,0,0
2007-10-5,00:00:00,1.180,1.220,1.110,1.250,110000,128000,0,0
2007-10-8,00:00:00,1.300,1.360,1.300,1.300,720000,943000,0,0
2007-10-9,00:00:00,1.400,1.500,1.230,1.300,8350000,11703000,0,0
2007-10-10,00:00:00,1.390,1.470,1.320,1.430,1800000,2558000,0,0
2007-10-11,00:00:00,1.450,1.540,1.370,1.390,3420000,4992000,0,0
2007-10-12,00:00:00,1.390,1.400,1.390,1.400,2220000,3098000,0,0
2007-10-15,00:00:00,1.400,1.540,1.380,1.430,600000,888000,0,0
2007-10-16,00:00:00,1.540,1.600,1.480,1.510,1180000,1829000,0,0
2007-10-17,00:00:00,1.510,1.580,1.500,1.530,880000,1346000,0,0
2007-10-18,00:00:00,1.600,1.660,1.500,1.550,710000,1119000,0,0
2007-10-22,00:00:00,1.550,1.690,1.530,1.660,6750000,10695000,0,0
2007-10-23,00:00:00,1.690,1.810,1.620,1.800,11230000,18987000,0,0
2007-10-24,00:00:00,1.810,1.850,1.600,1.650,4150000,7136000,0,0
2007-10-25,00:00:00,1.730,1.750,1.630,1.730,3850000,6613000,0,0
2007-10-26,00:00:00,1.750,1.770,1.650,1.710,3110000,5307000,0,0
2007-10-29,00:00:00,1.750,1.750,1.680,1.700,1100000,1875000,0,0
2007-10-30,00:00:00,1.760,1.760,1.470,1.640,6710000,11211000,0,0
2007-10-31,00:00:00,1.730,1.730,1.600,1.680,6320000,10623000,0,0
2007-11-1,00:00:00,1.710,1.710,1.620,1.640,4630000,7632000,0,0
2007-11-2,00:00:00,1.690,1.700,1.600,1.690,5140000,8543000,0,0
2007-11-5,00:00:00,1.690,1.720,1.600,1.630,2570000,4235000,0,0
2007-11-6,00:00:00,1.680,1.690,1.630,1.640,5120000,8488000,0,0
2007-11-7,00:00:00,1.700,1.760,1.660,1.730,2870000,4839000,0,0
2007-11-8,00:00:00,1.730,2.600,1.730,2.560,14790000,31230000,0,0
2007-11-9,00:00:00,2.600,3.100,2.500,2.690,10398000,28684000,0,0
2007-11-12,00:00:00,2.600,2.600,2.050,2.150,6420000,14016000,0,0
2007-11-13,00:00:00,2.240,2.350,1.960,2.300,3400000,7336000,0,0
2007-11-14,00:00:00,2.400,2.480,1.990,2.100,2370000,5374000,0,0
2007-11-15,00:00:00,2.200,2.290,2.100,2.210,1860000,4020000,0,0
2007-11-16,00:00:00,2.210,2.210,2.050,2.060,720000,1536000,0,0
2007-11-19,00:00:00,2.160,2.160,1.750,1.770,2500000,4695000,0,0
2007-11-20,00:00:00,1.720,1.900,1.720,1.840,340000,618000,0,0
2007-11-21,00:00:00,1.860,1.900,1.830,1.880,540000,1008000,0,0
2007-11-22,00:00:00,1.860,1.950,1.860,1.950,790000,1507000,0,0
2007-11-23,00:00:00,2.000,2.350,2.000,2.140,2400000,5222000,0,0
2007-11-26,00:00:00,2.250,2.280,2.000,2.040,980000,2124000,0,0
2007-11-27,00:00:00,2.100,2.130,2.010,2.050,470000,959000,0,0
2007-11-28,00:00:00,2.150,2.200,2.090,2.100,760000,1620000,0,0
2007-11-29,00:00:00,2.230,2.280,2.180,2.250,2520000,5627000,0,0
2007-11-30,00:00:00,2.180,2.270,2.180,2.230,1160000,2589000,0,0
2007-12-3,00:00:00,2.200,2.290,2.170,2.240,1260000,2834000,0,0
2007-12-4,00:00:00,2.170,2.170,2.000,2.020,1080000,2236000,0,0
2007-12-5,00:00:00,1.990,1.990,1.750,1.750,4470000,8246000,0,0
2007-12-6,00:00:00,1.880,1.880,1.740,1.790,5370000,9452000,0,0
2007-12-7,00:00:00,1.820,1.900,1.750,1.810,1760000,3182000,0,0
2007-12-10,00:00:00,1.820,1.970,1.820,1.930,1350000,2579000,0,0
2007-12-11,00:00:00,1.990,2.020,1.950,1.970,2270000,4510000,0,0
2007-12-12,00:00:00,1.970,2.000,1.960,2.000,650000,1280000,0,0
2007-12-13,00:00:00,2.000,2.180,1.950,1.960,1330000,2700000,0,0
2007-12-14,00:00:00,1.990,2.050,1.970,2.000,720000,1442000,0,0
2007-12-17,00:00:00,2.000,2.030,1.980,1.980,600000,1196000,0,0
2007-12-18,00:00:00,1.850,2.030,1.850,1.990,730000,1442000,0,0
2007-12-19,00:00:00,1.900,2.000,1.900,2.000,410000,816000,0,0
2007-12-20,00:00:00,1.950,2.000,1.890,1.920,1640000,3206000,0,0
2007-12-21,00:00:00,1.980,2.020,1.980,1.990,820000,1636000,0,0
2007-12-24,00:00:00,2.050,2.250,2.050,2.250,1440000,3118000,0,0
2007-12-27,00:00:00,2.270,2.650,2.270,2.450,3160000,7888000,0,0
2007-12-28,00:00:00,2.300,2.590,2.300,2.430,4380000,11090000,0,0
2007-12-31,00:00:00,2.570,2.570,2.420,2.430,300000,748000,0,0
2008-1-2,00:00:00,2.550,2.550,2.360,2.370,720000,1752000,0,0
2008-1-3,00:00:00,2.350,2.420,2.150,2.420,1000000,2332000,0,0
2008-1-4,00:00:00,2.300,2.410,2.300,2.320,1150000,2718000,0,0
2008-1-7,00:00:00,2.330,2.400,2.240,2.260,1830000,4208000,0,0
2008-1-8,00:00:00,2.270,2.280,2.200,2.200,960000,2158000,0,0
2008-1-9,00:00:00,2.160,2.230,2.000,2.110,2550000,5283000,0,0
2008-1-10,00:00:00,2.230,2.400,2.170,2.400,1650000,3831000,0,0
2008-1-11,00:00:00,2.400,2.550,2.400,2.470,2480000,6126000,0,0
2008-1-14,00:00:00,2.510,2.510,2.320,2.390,110000,262000,0,0
2008-1-15,00:00:00,2.430,2.430,2.310,2.350,600000,1428000,0,0
2008-1-16,00:00:00,2.220,2.330,2.220,2.300,300000,676000,0,0
2008-1-17,00:00:00,2.300,2.400,2.300,2.300,470000,1108000,0,0
2008-1-18,00:00:00,2.300,2.400,2.300,2.400,450000,1075000,0,0
2008-1-21,00:00:00,2.320,2.390,2.290,2.290,300000,696000,0,0
2008-1-22,00:00:00,2.300,2.310,1.940,2.100,1390000,2912000,0,0
2008-1-23,00:00:00,2.100,2.260,2.100,2.260,120000,262000,0,0
2008-1-24,00:00:00,2.150,2.300,2.060,2.070,310000,665000,0,0
2008-1-25,00:00:00,2.230,2.300,2.160,2.290,200000,456000,0,0
2008-1-28,00:00:00,2.270,2.270,2.110,2.260,100000,224000,0,0
2008-1-29,00:00:00,2.180,2.320,2.130,2.320,150000,324000,0,0
2008-1-30,00:00:00,2.180,2.180,2.110,2.170,90000,191000,0,0
2008-1-31,00:00:00,2.110,2.140,2.110,2.140,20000,42000,0,0
2008-2-1,00:00:00,2.050,2.050,2.050,2.050,150000,307000,0,0
2008-2-4,00:00:00,2.070,2.110,2.050,2.110,980000,2009000,0,0
2008-2-5,00:00:00,2.120,2.140,2.120,2.130,90000,191000,0,0
2008-2-6,00:00:00,2.080,2.250,2.070,2.250,120000,250000,0,0
2008-2-11,00:00:00,2.060,2.060,2.060,2.060,10000,20000,0,0
2008-2-12,00:00:00,2.060,2.060,1.990,1.990,150000,302000,0,0
2008-2-13,00:00:00,2.000,2.030,2.000,2.030,40000,80000,0,0
2008-2-14,00:00:00,2.060,2.060,1.890,1.930,430000,855000,0,0
2008-2-15,00:00:00,1.990,2.000,1.900,1.900,650000,1256000,0,0
2008-2-18,00:00:00,1.900,1.910,1.880,1.900,120000,228000,0,0
2008-2-19,00:00:00,2.000,2.000,1.880,1.970,140000,273000,0,0
2008-2-20,00:00:00,1.900,1.900,1.900,1.900,80000,152000,0,0
2008-2-21,00:00:00,1.890,1.950,1.860,1.860,200000,379000,0,0
2008-2-22,00:00:00,1.810,1.890,1.760,1.760,240000,433000,0,0
2008-2-25,00:00:00,1.760,1.900,1.700,1.700,170000,301000,0,0
2008-2-26,00:00:00,1.840,1.840,1.700,1.700,130000,224000,0,0
2008-2-27,00:00:00,1.830,1.830,1.720,1.730,500000,875000,0,0
2008-2-28,00:00:00,1.730,1.740,1.730,1.740,60000,104000,0,0
2008-2-29,00:00:00,1.740,1.760,1.740,1.770,60000,105000,0,0
2008-3-3,00:00:00,1.800,1.880,1.780,1.800,430000,783000,0,0
2008-3-4,00:00:00,1.800,1.800,1.800,1.800,20000,36000,0,0
2008-3-5,00:00:00,1.760,1.850,1.760,1.820,180000,326000,0,0
2008-3-6,00:00:00,1.780,1.800,1.780,1.800,70000,125000,0,0
2008-3-7,00:00:00,1.750,1.800,1.740,1.770,300000,515000,0,0
2008-3-10,00:00:00,1.650,2.100,1.650,2.000,650000,1172000,0,0
2008-3-11,00:00:00,1.950,1.950,1.900,1.900,20000,38000,0,0
2008-3-12,00:00:00,1.950,1.950,1.800,1.800,60000,110000,0,0
2008-3-13,00:00:00,1.890,1.900,1.710,1.750,110000,206000,0,0
2008-3-14,00:00:00,1.780,1.780,1.780,1.780,20000,35000,0,0
2008-3-17,00:00:00,1.780,1.780,1.750,1.750,20000,35000,0,0
2008-3-18,00:00:00,1.650,1.800,1.630,1.800,370000,643000,0,0
2008-3-19,00:00:00,1.800,1.800,1.800,1.800,0,0,0,0
2008-3-20,00:00:00,1.750,2.000,1.680,1.990,370000,690000,0,0
2008-3-25,00:00:00,1.900,2.000,1.900,2.000,80000,153000,0,0
2008-3-26,00:00:00,1.950,1.950,1.950,1.950,20000,39000,0,0
2008-3-27,00:00:00,1.810,1.810,1.700,1.700,220000,387000,0,0
2008-3-28,00:00:00,1.840,1.930,1.800,1.800,60000,110000,0,0
2008-3-31,00:00:00,1.900,1.900,1.750,1.840,410000,740000,0,0
2008-4-1,00:00:00,1.800,1.820,1.790,1.800,110000,198000,0,0
2008-4-2,00:00:00,1.800,1.800,1.790,1.780,30000,53000,0,0
2008-4-3,00:00:00,1.800,1.800,1.750,1.780,200000,356000,0,0
2008-4-7,00:00:00,1.780,1.800,1.780,1.800,170000,303000,0,0
2008-4-8,00:00:00,1.790,1.790,1.730,1.790,760000,1320000,0,0
2008-4-9,00:00:00,1.800,1.800,1.750,1.800,220000,390000,0,0
2008-4-10,00:00:00,1.800,1.800,1.800,1.800,20000,36000,0,0
2008-4-11,00:00:00,1.750,1.750,1.750,1.750,30000,52000,0,0
2008-4-14,00:00:00,1.750,1.750,1.690,1.750,220000,381000,0,0
2008-4-15,00:00:00,1.800,1.800,1.750,1.750,40000,71000,0,0
2008-4-16,00:00:00,1.790,1.800,1.710,1.750,560000,978000,0,0
2008-4-17,00:00:00,1.750,1.750,1.750,1.760,160000,280000,0,0
2008-4-18,00:00:00,1.750,1.750,1.680,1.700,640000,1114000,0,0
2008-4-21,00:00:00,1.730,1.780,1.690,1.780,320000,553000,0,0
2008-4-22,00:00:00,1.780,1.780,1.780,1.780,0,0,0,0
2008-4-23,00:00:00,1.700,1.750,1.700,1.730,410000,704000,0,0
2008-4-24,00:00:00,1.680,1.700,1.600,1.700,750000,1228000,0,0
2008-4-25,00:00:00,1.700,1.700,1.600,1.600,320000,518000,0,0
2008-4-28,00:00:00,1.680,1.680,1.600,1.600,50000,83000,0,0
2008-4-29,00:00:00,1.740,1.750,1.600,1.700,280000,461000,0,0
2008-4-30,00:00:00,1.700,1.700,1.680,1.680,0,0,0,0
2008-5-2,00:00:00,1.600,1.600,1.580,1.600,70000,111000,0,0
2008-5-5,00:00:00,1.590,1.590,1.500,1.530,810000,1236000,0,0
2008-5-6,00:00:00,1.580,1.590,1.400,1.500,1190000,1761000,0,0
2008-5-7,00:00:00,1.500,1.550,1.460,1.470,170000,257000,0,0
2008-5-8,00:00:00,1.500,1.540,1.500,1.510,70000,106000,0,0
2008-5-9,00:00:00,1.540,1.540,1.540,1.540,200000,308000,0,0
2008-5-13,00:00:00,1.530,1.530,1.470,1.470,220000,333000,0,0
2008-5-14,00:00:00,1.500,1.500,1.470,1.480,240000,357000,0,0
2008-5-15,00:00:00,1.500,1.500,1.500,1.500,40000,60000,0,0
2008-5-16,00:00:00,1.670,1.670,1.500,1.500,60000,91000,0,0
2008-5-19,00:00:00,1.500,1.500,1.500,1.500,80000,120000,0,0
2008-5-20,00:00:00,1.590,1.590,1.540,1.540,150000,234000,0,0
2008-5-21,00:00:00,1.500,1.500,1.480,1.480,150000,224000,0,0
2008-5-22,00:00:00,1.450,1.550,1.450,1.550,240000,369000,0,0
2008-5-23,00:00:00,1.550,1.560,1.500,1.530,130000,200000,0,0
2008-5-26,00:00:00,1.500,1.500,1.200,1.200,2000000,2667000,0,0
2008-5-27,00:00:00,1.200,1.290,1.140,1.180,1190000,1423000,0,0
2008-5-28,00:00:00,1.180,1.180,1.150,1.150,1180000,1357000,0,0
2008-5-29,00:00:00,1.160,1.240,1.100,1.100,1420000,1647000,0,0
2008-5-30,00:00:00,1.100,1.100,1.100,1.100,1210000,1366000,0,0
2008-6-2,00:00:00,1.160,1.160,0.940,0.990,1920000,2061000,0,0
2008-6-3,00:00:00,0.830,1.400,0.800,0.880,11880000,11804000,0,0
2008-6-4,00:00:00,0.930,1.040,0.900,1.030,8760000,7955000,0,0
2008-6-5,00:00:00,1.000,1.080,1.000,1.000,1820000,1906000,0,0
2008-6-6,00:00:00,1.010,1.040,1.010,1.030,640000,655000,0,0
2008-6-10,00:00:00,1.030,1.030,1.000,1.000,1220000,1223000,0,0
2008-6-11,00:00:00,0.980,1.050,0.980,1.000,280000,282000,0,0
2008-6-12,00:00:00,0.990,0.990,0.900,0.980,2490000,2272000,0,0
2008-6-13,00:00:00,0.960,0.970,0.960,0.960,120000,115000,0,0
2008-6-16,00:00:00,0.950,0.980,0.920,0.980,400000,387000,0,0
2008-6-17,00:00:00,0.980,0.990,0.980,0.980,370000,362000,0,0
2008-6-18,00:00:00,0.980,1.000,0.980,1.000,150000,147000,0,0
2008-6-19,00:00:00,0.980,1.030,0.980,0.990,160000,159000,0,0
2008-6-20,00:00:00,1.000,1.000,0.980,0.980,70000,69000,0,0
2008-6-23,00:00:00,0.990,0.990,0.980,0.980,340000,333000,0,0
2008-6-24,00:00:00,0.960,0.960,0.960,0.960,10000,9000,0,0
2008-6-25,00:00:00,0.960,0.960,0.960,0.970,50000,48000,0,0
2008-6-26,00:00:00,0.990,0.990,0.990,0.990,10000,9000,0,0
2008-6-27,00:00:00,0.960,1.000,0.960,1.000,390000,387000,0,0
2008-6-30,00:00:00,1.060,1.060,0.990,0.990,300000,309000,0,0
2008-7-2,00:00:00,0.990,1.060,0.990,1.040,150000,151000,0,0
2008-7-3,00:00:00,1.000,1.000,0.930,0.980,140000,137000,0,0
2008-7-4,00:00:00,0.980,0.980,0.980,0.980,0,0,0,0
2008-7-7,00:00:00,1.000,1.060,1.000,1.060,300000,315000,0,0
2008-7-8,00:00:00,0.990,1.100,0.990,1.100,120000,130000,0,0
2008-7-9,00:00:00,1.060,1.080,1.050,1.080,130000,137000,0,0
2008-7-10,00:00:00,1.150,1.150,1.020,1.020,190000,204000,0,0
2008-7-11,00:00:00,1.000,1.010,1.000,1.000,210000,210000,0,0
2008-7-14,00:00:00,0.980,1.000,0.980,1.000,30000,29000,0,0
2008-7-15,00:00:00,0.960,0.960,0.960,0.960,50000,48000,0,0
2008-7-16,00:00:00,0.960,0.960,0.960,0.960,10000,9000,0,0
2008-7-17,00:00:00,0.940,0.950,0.920,0.950,110000,102000,0,0
2008-7-18,00:00:00,0.970,0.970,0.960,0.960,50000,48000,0,0
2008-7-21,00:00:00,0.960,0.960,0.950,0.960,0,0,0,0
2008-7-22,00:00:00,0.960,0.960,0.950,0.950,90000,86000,0,0
2008-7-23,00:00:00,0.950,0.950,0.950,0.950,20000,19000,0,0
2008-7-24,00:00:00,0.950,0.950,0.950,0.950,10000,9000,0,0
2008-7-25,00:00:00,0.930,0.930,0.920,0.920,60000,55000,0,0
2008-7-28,00:00:00,0.920,0.920,0.920,0.920,10000,9000,0,0
2008-7-29,00:00:00,0.920,0.920,0.920,0.920,10000,9000,0,0
2008-7-30,00:00:00,0.910,0.910,0.900,0.900,20000,18000,0,0
2008-7-31,00:00:00,0.880,0.880,0.880,0.880,80000,70000,0,0
2008-8-1,00:00:00,0.760,0.770,0.750,0.770,150000,114000,0,0
2008-8-4,00:00:00,0.770,0.770,0.770,0.770,10000,7000,0,0
2008-8-5,00:00:00,0.770,0.770,0.770,0.770,10000,7000,0,0
2008-8-7,00:00:00,0.750,0.750,0.750,0.750,10000,7500,0,0
2008-8-8,00:00:00,0.760,0.760,0.760,0.760,20000,15200,0,0
2008-8-11,00:00:00,0.760,0.850,0.760,0.850,100000,77800,0,0
2008-8-12,00:00:00,0.850,0.910,0.850,0.900,50000,44200,0,0
2008-8-13,00:00:00,0.910,0.910,0.910,0.850,70000,63700,0,0
2008-8-14,00:00:00,0.800,0.800,0.790,0.790,20000,15900,0,0
2008-8-18,00:00:00,0.760,0.760,0.760,0.760,10000,7600,0,0
2008-8-19,00:00:00,0.720,0.720,0.700,0.700,160000,113100,0,0
2008-8-20,00:00:00,0.650,0.650,0.550,0.610,420000,238000,0,0
2008-8-26,00:00:00,0.610,0.610,0.610,0.610,20000,12200,0,0
2008-8-27,00:00:00,0.600,0.600,0.580,0.580,100000,58200,0,0
2008-8-29,00:00:00,0.590,0.590,0.590,0.590,10000,5900,0,0
2008-9-8,00:00:00,0.700,0.700,0.600,0.610,30000,19000,0,0
2008-9-9,00:00:00,0.680,0.680,0.680,0.680,40000,27200,0,0
2008-9-11,00:00:00,0.550,0.570,0.550,0.680,500000,277000,0,0
2008-9-16,00:00:00,0.520,0.520,0.520,0.520,90000,46800,0,0
2008-9-17,00:00:00,0.480,0.500,0.440,0.480,460000,215700,0,0
2008-9-19,00:00:00,0.490,0.495,0.490,0.475,60000,29650,0,0
2008-9-22,00:00:00,0.470,0.500,0.470,0.500,130000,63250,0,0
2008-9-29,00:00:00,0.450,0.450,0.450,0.455,10000,4500,0,0
2008-9-30,00:00:00,0.450,0.450,0.410,0.435,170000,74900,0,0
2008-10-2,00:00:00,0.435,0.435,0.435,0.435,40000,17400,0,0
2008-10-3,00:00:00,0.495,0.500,0.480,0.480,160000,78550,0,0
2008-10-6,00:00:00,0.450,0.450,0.450,0.450,10000,4500,0,0
2008-10-8,00:00:00,0.380,0.380,0.350,0.350,120000,44100,0,0
2008-10-9,00:00:00,0.330,0.350,0.330,0.350,20000,6800,0,0
2008-10-10,00:00:00,0.340,0.340,0.255,0.255,120000,33250,0,0
2008-10-13,00:00:00,0.250,0.450,0.250,0.450,550000,170900,0,0
2008-10-14,00:00:00,0.500,0.700,0.490,0.600,760000,453600,0,0
2008-10-15,00:00:00,0.600,0.600,0.600,0.600,10000,6000,0,0
2008-10-22,00:00:00,0.660,0.660,0.660,0.640,10000,6600,0,0
2008-10-23,00:00:00,0.500,0.500,0.480,0.500,110000,54000,0,0
2008-10-24,00:00:00,0.430,0.430,0.430,0.430,20000,8600,0,0
2008-10-27,00:00:00,0.480,0.480,0.410,0.410,50000,22300,0,0
2008-10-28,00:00:00,0.420,0.480,0.400,0.460,220000,96800,0,0
2008-10-29,00:00:00,0.500,0.500,0.500,0.490,10000,5000,0,0
2008-10-30,00:00:00,0.430,0.490,0.430,0.450,270000,122350,0,0
2008-10-31,00:00:00,0.475,0.500,0.450,0.450,160000,76000,0,0
2008-11-3,00:00:00,0.430,0.430,0.410,0.410,220000,92200,0,0
2008-11-5,00:00:00,0.445,0.450,0.445,0.440,210000,93500,0,0
2008-11-6,00:00:00,0.440,0.440,0.350,0.350,80000,28900,0,0
2008-11-7,00:00:00,0.400,0.450,0.400,0.410,90000,36600,0,0
2008-11-10,00:00:00,0.350,0.460,0.350,0.460,50000,19300,0,0
2008-11-13,00:00:00,0.450,0.450,0.450,0.450,100000,45000,0,0
2008-11-20,00:00:00,0.450,0.480,0.390,0.390,440000,174850,0,0
2008-11-21,00:00:00,0.370,0.370,0.370,0.370,10000,3700,0,0
2008-11-26,00:00:00,0.440,0.440,0.440,0.440,10000,4400,0,0
2008-12-1,00:00:00,0.370,0.375,0.370,0.375,70000,26200,0,0
2008-12-3,00:00:00,0.375,0.375,0.375,0.375,10000,3750,0,0
2008-12-4,00:00:00,0.370,0.380,0.250,0.380,490000,162950,0,0
2008-12-9,00:00:00,0.380,0.380,0.380,0.380,30000,11400,0,0
2008-12-11,00:00:00,0.460,0.460,0.460,0.460,10000,4600,0,0
2008-12-29,00:00:00,0.440,0.440,0.440,0.440,10000,4400,0,0
2009-1-5,00:00:00,0.425,0.430,0.425,0.430,100000,42750,0,0
2009-1-6,00:00:00,0.430,0.430,0.430,0.430,100000,43000,0,0
2009-1-7,00:00:00,0.390,0.430,0.390,0.430,460000,197000,0,0
2009-1-14,00:00:00,0.430,0.430,0.430,0.430,30000,12900,0,0
2009-1-23,00:00:00,0.400,0.400,0.280,0.300,2640000,806350,0,0
2009-1-29,00:00:00,0.310,0.310,0.300,0.300,450000,135800,0,0
2009-1-30,00:00:00,0.280,0.290,0.270,0.285,180000,50050,0,0
2009-2-2,00:00:00,0.300,0.305,0.275,0.280,220000,64400,0,0
2009-2-3,00:00:00,0.275,0.300,0.275,0.300,120000,35250,0,0
2009-2-4,00:00:00,0.280,0.300,0.280,0.300,280000,83250,0,0
2009-2-5,00:00:00,0.300,0.300,0.285,0.295,270000,77850,0,0
2009-2-6,00:00:00,0.295,0.300,0.295,0.300,240000,71900,0,0
2009-2-9,00:00:00,0.280,0.300,0.280,0.290,300000,87200,0,0
2009-2-10,00:00:00,0.300,0.300,0.290,0.300,170000,50700,0,0
2009-2-11,00:00:00,0.290,0.300,0.290,0.300,300000,89500,0,0
2009-2-12,00:00:00,0.290,0.310,0.290,0.310,370000,113700,0,0
2009-2-13,00:00:00,0.310,0.310,0.310,0.310,60000,18600,0,0
2009-2-17,00:00:00,0.300,0.350,0.290,0.350,570000,178100,0,0
2009-2-18,00:00:00,0.315,0.360,0.315,0.330,520000,176350,0,0
2009-2-19,00:00:00,0.330,0.330,0.310,0.315,250000,80450,0,0
2009-2-20,00:00:00,0.305,0.305,0.300,0.305,670000,203750,0,0
2009-2-23,00:00:00,0.300,0.315,0.300,0.315,120000,36150,0,0
2009-2-25,00:00:00,0.290,0.310,0.290,0.290,1170000,346200,0,0
2009-2-26,00:00:00,0.310,0.310,0.310,0.300,20000,6200,0,0
2009-2-27,00:00:00,0.300,0.300,0.300,0.300,230000,69000,0,0
2009-3-3,00:00:00,0.270,0.285,0.265,0.275,640000,175600,0,0
2009-3-4,00:00:00,0.280,0.280,0.280,0.280,130000,36400,0,0
2009-3-9,00:00:00,0.270,0.270,0.250,0.250,70000,18000,0,0
2009-3-10,00:00:00,0.250,0.250,0.220,0.240,580000,133030,0,0
2009-3-12,00:00:00,0.230,0.230,0.230,0.231,100000,23000,0,0
2009-3-13,00:00:00,0.215,0.220,0.212,0.220,360000,77150,0,0
2009-3-17,00:00:00,0.275,0.290,0.275,0.280,720000,199400,0,0
2009-3-18,00:00:00,0.280,0.305,0.280,0.305,50000,14250,0,0
2009-3-19,00:00:00,0.310,0.350,0.300,0.345,1840000,601900,0,0
2009-3-20,00:00:00,0.380,0.420,0.350,0.360,990000,386750,0,0
2009-3-23,00:00:00,0.360,0.420,0.360,0.380,190000,74100,0,0
2009-3-24,00:00:00,0.360,0.420,0.360,0.410,400000,154700,0,0
2009-3-25,00:00:00,0.365,0.400,0.365,0.400,680000,253750,0,0
2009-3-26,00:00:00,0.400,0.420,0.400,0.420,700000,283500,0,0
2009-3-27,00:00:00,0.420,0.420,0.405,0.405,110000,46050,0,0
2009-3-30,00:00:00,0.405,0.420,0.390,0.390,440000,178850,0,0
2009-3-31,00:00:00,0.420,0.435,0.380,0.400,680000,280700,0,0
2009-4-1,00:00:00,0.390,0.430,0.390,0.395,580000,238750,0,0
2009-4-2,00:00:00,0.390,0.420,0.390,0.400,130000,53250,0,0
2009-4-3,00:00:00,0.425,0.430,0.400,0.400,90000,38350,0,0
2009-4-6,00:00:00,0.405,0.405,0.405,0.405,10000,4050,0,0
2009-4-7,00:00:00,0.410,0.440,0.400,0.400,140000,59100,0,0
2009-4-8,00:00:00,0.440,0.440,0.405,0.455,90000,39250,0,0
2009-4-9,00:00:00,0.450,0.500,0.425,0.430,190000,84500,0,0
2009-4-14,00:00:00,0.430,0.430,0.430,0.440,370000,159100,0,0
2009-4-16,00:00:00,0.490,0.490,0.440,0.440,100000,47350,0,0
2009-4-17,00:00:00,0.500,0.500,0.380,0.390,730000,313800,0,0
2009-4-20,00:00:00,0.320,0.490,0.320,0.420,140000,62550,0,0
2009-4-21,00:00:00,0.425,0.490,0.425,0.425,130000,58600,0,0
2009-4-22,00:00:00,0.450,0.495,0.450,0.450,230000,109000,0,0
2009-4-24,00:00:00,0.450,0.500,0.385,0.455,430000,201950,0,0
2009-4-27,00:00:00,0.490,0.520,0.440,0.520,6680000,3363950,0,0
2009-4-28,00:00:00,0.580,0.720,0.500,0.620,9320000,6219000,0,0
2009-4-29,00:00:00,0.670,0.700,0.620,0.630,2180000,1469100,0,0
2009-4-30,00:00:00,0.680,0.680,0.600,0.600,1590000,1027900,0,0
2009-5-4,00:00:00,0.560,0.580,0.510,0.540,890000,488500,0,0
2009-5-5,00:00:00,0.530,0.540,0.480,0.490,980000,507900,0,0
2009-5-6,00:00:00,0.480,0.520,0.465,0.465,1310000,638950,0,0
2009-5-7,00:00:00,0.465,0.500,0.465,0.480,790000,370250,0,0
2009-5-8,00:00:00,0.510,0.520,0.475,0.475,740000,372800,0,0
2009-5-11,00:00:00,0.460,0.490,0.380,0.395,2960000,1290800,0,0
2009-5-12,00:00:00,0.415,0.520,0.405,0.450,3320000,1551700,0,0
2009-5-13,00:00:00,0.490,0.530,0.460,0.465,3400000,1669050,0,0
2009-5-14,00:00:00,0.485,0.530,0.480,0.500,3640000,1813350,0,0
2009-5-15,00:00:00,0.530,0.560,0.450,0.470,5860000,2967400,0,0
2009-5-26,00:00:00,0.750,0.870,0.660,0.790,11380000,8899100,0,0
2009-5-27,00:00:00,0.870,0.870,0.740,0.800,5270000,4141300,0,0
2009-5-29,00:00:00,0.850,0.850,0.800,0.810,1670000,1351900,0,0
2009-6-1,00:00:00,0.830,0.950,0.820,0.910,5000000,4484300,0,0
2009-6-2,00:00:00,0.910,0.910,0.840,0.880,1910000,1665200,0,0
2009-6-3,00:00:00,0.880,0.920,0.870,0.880,1690000,1500400,0,0
2009-6-4,00:00:00,0.880,0.880,0.820,0.820,2100000,1754500,0,0
2009-6-5,00:00:00,0.900,0.920,0.800,0.830,2680000,2206400,0,0
2009-6-8,00:00:00,0.840,0.840,0.800,0.820,1680000,1363300,0,0
2009-6-9,00:00:00,0.830,0.840,0.810,0.820,310000,253200,0,0
2009-6-10,00:00:00,0.840,0.840,0.810,0.830,470000,385700,0,0
2009-6-11,00:00:00,0.830,0.840,0.800,0.830,1010000,830600,0,0
2009-6-12,00:00:00,0.830,0.860,0.800,0.840,1860000,1543100,0,0
2009-6-15,00:00:00,0.860,1.260,0.820,1.200,18250000,19717900,0,0
2009-6-16,00:00:00,1.080,1.220,1.080,1.190,3760000,4446300,0,0
2009-6-17,00:00:00,1.190,1.430,1.170,1.350,9920000,12669600,0,0
2009-6-18,00:00:00,1.350,1.400,1.220,1.270,10650000,13462100,0,0
2009-6-19,00:00:00,1.300,1.300,1.200,1.230,2980000,3670100,0,0
2009-6-22,00:00:00,1.200,1.340,1.200,1.290,3790000,4867400,0,0
2009-6-23,00:00:00,1.220,1.290,1.220,1.240,1830000,2294200,0,0
2009-6-24,00:00:00,1.250,1.360,1.240,1.300,2660000,3426400,0,0
2009-6-25,00:00:00,1.360,1.470,1.350,1.400,3030000,4240300,0,0
2009-6-26,00:00:00,1.410,1.580,1.400,1.520,3290000,4938300,0,0
2009-6-29,00:00:00,1.600,1.600,1.490,1.540,6390000,9714700,0,0
2009-6-30,00:00:00,1.550,1.550,1.450,1.470,2350000,3510700,0,0
2009-7-2,00:00:00,1.550,1.630,1.450,1.500,6870000,10921800,0,0
2009-7-3,00:00:00,1.450,1.480,1.420,1.440,1250000,1805600,0,0
2009-7-6,00:00:00,1.400,1.470,1.360,1.420,3250000,4652100,0,0
2009-7-7,00:00:00,1.420,1.440,1.350,1.370,1830000,2548100,0,0
2009-7-8,00:00:00,1.350,1.380,1.290,1.330,1314000,1745040,0,0
2009-7-9,00:00:00,1.330,1.360,1.260,1.310,1210000,1596100,0,0
2009-7-10,00:00:00,1.350,1.360,1.310,1.360,2190000,2956500,0,0
2009-7-13,00:00:00,1.350,1.380,1.330,1.380,450000,608400,0,0
2009-7-14,00:00:00,1.380,1.450,1.340,1.440,2460000,3385700,0,0
2009-7-15,00:00:00,1.380,1.460,1.380,1.420,3200000,4563700,0,0
2009-7-16,00:00:00,1.400,1.490,1.400,1.440,4900000,7065500,0,0
2009-7-17,00:00:00,1.450,1.460,1.400,1.410,3810000,5450700,0,0
2009-7-20,00:00:00,1.330,1.410,1.330,1.330,2170000,2961100,0,0
2009-7-21,00:00:00,1.350,1.430,1.350,1.400,1660000,2313400,0,0
2009-7-22,00:00:00,1.420,1.430,1.350,1.370,1700000,2353500,0,0
2009-7-23,00:00:00,1.380,1.390,1.330,1.330,2893000,3948360,0,0
2009-7-24,00:00:00,1.360,1.400,1.350,1.400,1910000,2609200,0,0
2009-7-27,00:00:00,1.370,1.380,1.330,1.360,2180000,2945400,0,0
2009-7-28,00:00:00,1.360,1.370,1.320,1.340,2020000,2704700,0,0
2009-7-29,00:00:00,1.330,1.340,1.280,1.340,1980000,2610700,0,0
2009-7-30,00:00:00,1.360,1.360,1.290,1.300,2100000,2771000,0,0
2009-7-31,00:00:00,1.330,1.330,1.270,1.300,2720000,3537200,0,0
2009-8-3,00:00:00,1.280,1.400,1.280,1.380,2740000,3675600,0,0
2009-8-4,00:00:00,1.400,1.420,1.280,1.290,4310000,5686900,0,0
2009-8-5,00:00:00,1.320,1.410,1.280,1.340,2790000,3676400,0,0
2009-8-6,00:00:00,1.320,1.410,1.290,1.340,13480000,18665900,0,0
2009-8-7,00:00:00,1.340,1.360,1.260,1.320,1777000,2293340,0,0
2009-8-10,00:00:00,1.300,1.320,1.290,1.310,1200000,1566700,0,0
2009-8-11,00:00:00,1.290,1.290,1.240,1.280,2930000,3723500,0,0
2009-8-12,00:00:00,1.280,1.310,1.240,1.300,900000,1131700,0,0
2009-8-13,00:00:00,1.300,1.310,1.260,1.310,2320000,2969100,0,0
2009-8-14,00:00:00,1.330,1.330,1.250,1.250,1810000,2282500,0,0
2009-8-17,00:00:00,1.250,1.250,1.130,1.190,1930000,2285200,0,0
2009-8-18,00:00:00,1.250,1.250,1.140,1.170,1410000,1633500,0,0
2009-8-19,00:00:00,1.220,1.220,1.140,1.160,590000,689200,0,0
2009-8-20,00:00:00,1.160,1.160,1.000,1.080,2840000,2985500,0,0
2009-8-21,00:00:00,1.210,1.210,1.020,1.160,4040000,4340600,0,0
2009-8-24,00:00:00,1.270,1.270,1.130,1.160,5400000,6219400,0,0
2009-8-25,00:00:00,1.170,1.180,1.100,1.170,3050000,3494300,0,0
2009-8-26,00:00:00,1.160,1.170,1.120,1.140,1500000,1699500,0,0
2009-8-27,00:00:00,1.130,1.150,1.070,1.080,1294000,1422920,0,0
2009-8-28,00:00:00,1.130,1.130,1.070,1.100,640000,695600,0,0
2009-8-31,00:00:00,1.120,1.120,1.070,1.090,660000,720800,0,0
2009-9-1,00:00:00,1.120,1.120,1.030,1.060,2300000,2401700,0,0
2009-9-2,00:00:00,1.090,1.090,1.030,1.050,2470000,2566900,0,0
2009-9-3,00:00:00,1.080,1.080,1.030,1.060,650000,677800,0,0
2009-9-4,00:00:00,1.070,1.070,1.010,1.070,1170000,1206100,0,0
2009-9-7,00:00:00,1.100,1.100,1.040,1.050,1312000,1365600,0,0
2009-9-8,00:00:00,1.050,1.050,1.030,1.030,1100000,1147600,0,0
2009-9-9,00:00:00,1.030,1.030,1.010,1.030,2340000,2384000,0,0
2009-9-10,00:00:00,1.060,1.060,1.020,1.050,750000,775000,0,0
2009-9-11,00:00:00,1.020,1.040,1.010,1.020,1010000,1029900,0,0
2009-9-14,00:00:00,1.020,1.020,1.000,1.010,1970000,1988100,0,0
2009-9-15,00:00:00,1.000,1.020,0.990,1.020,610000,608800,0,0
2009-9-16,00:00:00,1.010,1.010,0.980,1.000,1370000,1365600,0,0
2009-9-17,00:00:00,0.970,1.000,0.880,0.920,3390000,3191900,0,0
2009-9-18,00:00:00,0.960,1.050,0.940,1.010,5560000,5598400,0,0
2009-9-21,00:00:00,1.000,1.130,1.000,1.050,3300000,3461500,0,0
2009-9-22,00:00:00,1.040,1.060,1.010,1.020,1334000,1358730,0,0
2009-9-23,00:00:00,1.060,1.060,0.980,1.000,1580000,1585100,0,0
2009-9-24,00:00:00,1.000,1.000,0.970,0.970,1600000,1574000,0,0
2009-9-25,00:00:00,0.980,1.000,0.960,1.000,480000,470800,0,0
2009-9-28,00:00:00,0.950,1.020,0.950,0.990,790000,765800,0,0
2009-9-29,00:00:00,0.960,0.980,0.960,0.980,480000,462500,0,0
2009-9-30,00:00:00,1.000,1.000,0.890,0.960,1650000,1529400,0,0
2009-10-2,00:00:00,0.900,0.980,0.840,0.980,2860000,2565400,0,0
2009-10-5,00:00:00,1.020,1.050,0.950,0.970,2050000,1998800,0,0
2009-10-6,00:00:00,1.010,1.010,0.930,0.940,970000,917900,0,0
2009-10-7,00:00:00,0.960,0.960,0.920,0.930,970000,909000,0,0
2009-10-8,00:00:00,0.910,0.950,0.870,0.880,2750000,2434700,0,0
2009-10-9,00:00:00,0.940,0.990,0.860,0.980,3840000,3626900,0,0
2009-10-12,00:00:00,1.010,1.010,0.910,0.970,1930000,1844700,0,0
2009-10-13,00:00:00,0.930,0.980,0.910,0.940,1940000,1803200,0,0
2009-10-14,00:00:00,0.950,0.950,0.910,0.910,840000,777100,0,0
2009-10-15,00:00:00,0.950,0.950,0.870,0.920,1670000,1515100,0,0
2009-10-16,00:00:00,0.890,0.950,0.890,0.950,1000000,909100,0,0
2009-10-19,00:00:00,0.970,0.970,0.880,0.900,1990000,1783700,0,0
2009-10-20,00:00:00,0.930,0.930,0.860,0.900,2820000,2474000,0,0
2009-10-21,00:00:00,0.880,0.900,0.870,0.900,580000,514600,0,0
2009-10-22,00:00:00,0.910,0.910,0.870,0.900,580000,508800,0,0
2009-10-23,00:00:00,0.900,0.900,0.870,0.870,1170000,1026400,0,0
2009-10-27,00:00:00,0.890,0.890,0.850,0.880,950000,817200,0,0
2009-10-28,00:00:00,0.880,0.880,0.850,0.880,370000,315600,0,0
2009-10-29,00:00:00,0.890,0.890,0.830,0.870,310000,263600,0,0
2009-10-30,00:00:00,0.900,0.900,0.840,0.840,430000,363200,0,0
2009-11-2,00:00:00,0.860,0.860,0.830,0.850,240000,202000,0,0
2009-11-3,00:00:00,0.890,0.890,0.830,0.850,470000,395000,0,0
2009-11-4,00:00:00,0.870,0.870,0.820,0.860,1300000,1090500,0,0
2009-11-5,00:00:00,0.830,0.860,0.830,0.860,330000,278400,0,0
2009-11-6,00:00:00,0.880,0.880,0.840,0.870,680000,584500,0,0
2009-11-9,00:00:00,0.890,0.890,0.840,0.880,630000,538200,0,0
2009-11-10,00:00:00,0.920,0.920,0.860,0.880,150000,130300,0,0
2009-11-11,00:00:00,0.890,0.890,0.830,0.830,850000,713800,0,0
2009-11-12,00:00:00,0.910,0.910,0.830,0.850,670000,569700,0,0
2009-11-13,00:00:00,0.890,0.890,0.840,0.860,230000,196500,0,0
2009-11-16,00:00:00,0.830,0.850,0.830,0.850,890000,746000,0,0
2009-11-17,00:00:00,0.850,0.910,0.830,0.890,6900000,5821300,0,0
2009-11-18,00:00:00,0.880,0.880,0.860,0.870,1140000,994000,0,0
2009-11-19,00:00:00,0.870,0.880,0.850,0.870,940000,801400,0,0
2009-11-20,00:00:00,0.860,0.860,0.860,0.860,10000,8600,0,0
2009-11-23,00:00:00,0.830,0.860,0.830,0.850,710000,595900,0,0
2009-11-24,00:00:00,0.860,0.880,0.850,0.860,910000,781600,0,0
2009-11-25,00:00:00,0.880,0.890,0.850,0.870,970000,843100,0,0
2009-11-26,00:00:00,0.870,0.890,0.860,0.890,880000,772100,0,0
2009-11-27,00:00:00,0.850,0.880,0.850,0.870,520000,448800,0,0
2009-11-30,00:00:00,0.880,0.880,0.840,0.870,360000,306800,0,0
2009-12-1,00:00:00,0.880,0.880,0.850,0.880,290000,248500,0,0
2009-12-2,00:00:00,0.870,0.890,0.850,0.850,1060000,909900,0,0
2009-12-3,00:00:00,0.860,0.860,0.830,0.850,1490000,1248200,0,0
2009-12-4,00:00:00,0.880,0.880,0.850,0.860,760000,655000,0,0
2009-12-7,00:00:00,0.870,0.870,0.830,0.850,3040000,2482000,0,0
2009-12-8,00:00:00,0.880,0.880,0.830,0.870,10970000,9128500,0,0
2009-12-9,00:00:00,0.850,0.860,0.830,0.860,1240000,1038000,0,0
2009-12-10,00:00:00,0.850,0.850,0.830,0.850,580000,484300,0,0
2009-12-11,00:00:00,0.870,0.870,0.840,0.860,600000,508600,0,0
2009-12-14,00:00:00,0.850,0.860,0.850,0.850,140000,119200,0,0
2009-12-15,00:00:00,0.850,0.850,0.820,0.840,450000,375300,0,0
2009-12-16,00:00:00,0.830,0.830,0.800,0.810,290000,237800,0,0
2009-12-17,00:00:00,0.760,0.820,0.760,0.810,550000,433300,0,0
2009-12-18,00:00:00,0.810,0.840,0.800,0.830,280000,227100,0,0
2009-12-21,00:00:00,0.820,0.820,0.790,0.810,240000,192600,0,0
2009-12-22,00:00:00,0.800,0.800,0.770,0.800,280000,219900,0,0
2009-12-23,00:00:00,0.870,0.890,0.800,0.850,1740000,1492600,0,0
2009-12-24,00:00:00,0.880,0.880,0.850,0.850,190000,162500,0,0
2009-12-28,00:00:00,0.850,0.850,0.820,0.850,150000,124600,0,0
2009-12-29,00:00:00,0.850,0.870,0.850,0.860,130000,112100,0,0
2009-12-30,00:00:00,0.870,0.870,0.820,0.870,290000,246000,0,0
2009-12-31,00:00:00,0.820,0.850,0.820,0.850,3280000,2701400,0,0
2010-1-4,00:00:00,0.850,0.850,0.830,0.850,350000,294700,0,0
2010-1-5,00:00:00,0.870,0.870,0.830,0.840,310000,258800,0,0
2010-1-6,00:00:00,0.850,0.870,0.850,0.870,800000,690500,0,0
2010-1-7,00:00:00,0.860,0.880,0.860,0.870,1020000,887400,0,0
2010-1-8,00:00:00,0.880,0.880,0.830,0.860,340000,288900,0,0
2010-1-11,00:00:00,0.850,0.850,0.840,0.850,1200000,1018700,0,0
2010-1-12,00:00:00,0.840,0.850,0.820,0.840,650000,540800,0,0
2010-1-13,00:00:00,0.830,0.840,0.820,0.820,960000,801400,0,0
2010-1-14,00:00:00,0.810,0.840,0.780,0.820,2390000,1916400,0,0
2010-1-15,00:00:00,0.820,0.820,0.780,0.800,1850000,1446600,0,0
2010-1-18,00:00:00,0.770,0.800,0.760,0.800,810000,622100,0,0
2010-1-19,00:00:00,0.780,0.820,0.780,0.820,1790000,1429400,0,0
2010-1-20,00:00:00,0.810,0.810,0.800,0.800,130000,105000,0,0
2010-1-21,00:00:00,0.800,0.800,0.780,0.780,570000,448000,0,0
2010-1-22,00:00:00,0.780,0.800,0.770,0.800,290000,225900,0,0
2010-1-25,00:00:00,0.800,0.800,0.800,0.800,240000,192000,0,0
2010-1-26,00:00:00,0.810,0.810,0.760,0.760,320000,245000,0,0
2010-1-27,00:00:00,0.800,0.800,0.800,0.780,10000,8000,0,0
2010-1-28,00:00:00,0.700,0.770,0.700,0.770,20000,14700,0,0
2010-1-29,00:00:00,0.780,0.800,0.740,0.740,200000,151800,0,0
2010-2-1,00:00:00,0.710,0.740,0.710,0.740,110000,81100,0,0
2010-2-2,00:00:00,0.790,0.790,0.730,0.740,400000,298200,0,0
2010-2-3,00:00:00,0.780,0.780,0.740,0.740,120000,89300,0,0
2010-2-4,00:00:00,0.760,0.760,0.760,0.760,10000,7600,0,0
2010-2-5,00:00:00,0.730,0.780,0.710,0.780,290000,214000,0,0
2010-2-8,00:00:00,0.780,0.780,0.780,0.780,100000,78000,0,0
2010-2-10,00:00:00,0.800,0.800,0.750,0.780,60000,45800,0,0
2010-2-11,00:00:00,0.870,0.870,0.770,0.770,250000,195800,0,0
2010-2-12,00:00:00,0.850,0.850,0.750,0.790,242000,186620,0,0
2010-2-17,00:00:00,0.850,0.850,0.780,0.800,50000,39900,0,0
2010-2-18,00:00:00,0.760,0.840,0.760,0.830,520000,419600,0,0
2010-2-19,00:00:00,0.780,0.800,0.760,0.800,90000,69300,0,0
2010-2-22,00:00:00,0.820,0.820,0.770,0.810,110000,86500,0,0
2010-2-23,00:00:00,0.810,0.810,0.790,0.790,150000,120100,0,0
2010-2-24,00:00:00,0.800,0.800,0.800,0.800,150000,120000,0,0
2010-2-25,00:00:00,0.820,0.830,0.800,0.800,40000,32600,0,0
2010-2-26,00:00:00,0.800,0.810,0.780,0.810,290000,229200,0,0
2010-3-1,00:00:00,0.780,0.800,0.780,0.800,130000,101600,0,0
2010-3-2,00:00:00,0.830,0.830,0.800,0.810,30000,24400,0,0
2010-3-3,00:00:00,0.810,0.820,0.810,0.820,30000,24400,0,0
2010-3-5,00:00:00,0.820,0.820,0.740,0.770,870000,663800,0,0
2010-3-8,00:00:00,0.820,0.820,0.740,0.790,1430000,1068100,0,0
2010-3-9,00:00:00,0.760,0.780,0.740,0.780,2410000,1804700,0,0
2010-3-10,00:00:00,0.740,0.760,0.740,0.760,50000,37800,0,0
2010-3-11,00:00:00,0.830,0.830,0.770,0.790,290000,229100,0,0
2010-3-12,00:00:00,0.790,0.810,0.760,0.770,1050000,825500,0,0
2010-3-15,00:00:00,0.760,0.780,0.760,0.780,100000,76600,0,0
2010-3-16,00:00:00,0.740,0.780,0.730,0.780,2810000,2095900,0,0
2010-3-17,00:00:00,0.750,0.770,0.740,0.770,280000,208200,0,0
2010-3-18,00:00:00,0.770,0.770,0.760,0.760,110000,84600,0,0
2010-3-19,00:00:00,0.760,0.760,0.760,0.760,330000,250800,0,0
2010-3-22,00:00:00,0.770,0.830,0.720,0.770,2290000,1769400,0,0
2010-3-23,00:00:00,0.780,0.780,0.740,0.750,630000,469400,0,0
2010-3-24,00:00:00,0.750,0.770,0.750,0.760,270000,205000,0,0
2010-3-25,00:00:00,0.800,0.800,0.740,0.750,660000,506700,0,0
2010-3-26,00:00:00,0.780,0.790,0.770,0.780,1250000,978900,0,0
2010-3-29,00:00:00,0.780,0.800,0.760,0.800,830000,641200,0,0
2010-3-30,00:00:00,0.760,0.780,0.730,0.770,1060000,798200,0,0
2010-3-31,00:00:00,0.770,0.770,0.730,0.760,180000,134600,0,0
2010-4-1,00:00:00,0.780,0.790,0.780,0.790,420000,326700,0,0
2010-4-7,00:00:00,0.740,0.750,0.620,0.700,15700000,10781900,0,0
2010-4-8,00:00:00,0.700,0.750,0.690,0.740,2530000,1835500,0,0
2010-4-9,00:00:00,0.720,0.740,0.710,0.720,2290000,1681000,0,0
2010-4-12,00:00:00,0.720,0.760,0.710,0.740,2460000,1844600,0,0
2010-4-13,00:00:00,0.740,0.750,0.730,0.750,730000,540800,0,0
2010-4-14,00:00:00,0.750,0.760,0.740,0.750,930000,697000,0,0
2010-4-15,00:00:00,0.760,0.760,0.740,0.750,1680000,1263100,0,0
2010-4-16,00:00:00,0.770,0.770,0.730,0.740,300000,221900,0,0
2010-4-19,00:00:00,0.730,0.730,0.720,0.730,1490000,1087400,0,0
2010-4-20,00:00:00,0.720,0.740,0.710,0.740,600000,432000,0,0
2010-4-21,00:00:00,0.740,0.740,0.740,0.740,10000,7400,0,0
2010-4-22,00:00:00,0.710,0.740,0.700,0.730,10110000,7378800,0,0
2010-4-23,00:00:00,0.730,0.750,0.730,0.730,60000,44000,0,0
2010-4-26,00:00:00,0.710,0.740,0.710,0.740,1170000,856200,0,0
2010-4-27,00:00:00,0.740,0.750,0.740,0.750,140000,104200,0,0
2010-4-28,00:00:00,0.740,0.740,0.720,0.720,580000,420100,0,0
2010-4-29,00:00:00,0.710,0.720,0.700,0.710,820000,582300,0,0
2010-4-30,00:00:00,0.720,0.720,0.680,0.710,2230000,1577000,0,0
2010-5-3,00:00:00,0.720,0.720,0.700,0.700,270000,189400,0,0
2010-5-4,00:00:00,0.740,0.740,0.700,0.700,600000,427200,0,0
2010-5-5,00:00:00,0.700,0.730,0.700,0.720,1270000,923400,0,0
2010-5-6,00:00:00,0.700,0.700,0.700,0.700,10000,7000,0,0
2010-5-7,00:00:00,0.710,0.730,0.710,0.730,220000,159200,0,0
2010-5-10,00:00:00,0.700,0.710,0.680,0.710,1380000,954800,0,0
2010-5-11,00:00:00,0.690,0.700,0.680,0.700,240000,163900,0,0
2010-5-13,00:00:00,0.720,0.720,0.680,0.680,80000,55400,0,0
2010-5-17,00:00:00,0.670,0.670,0.650,0.660,920000,607500,0,0
2010-5-18,00:00:00,0.660,0.660,0.660,0.660,50000,33000,0,0
2010-5-19,00:00:00,0.700,0.700,0.600,0.640,890000,553500,0,0
2010-5-20,00:00:00,0.600,0.640,0.570,0.630,270000,161300,0,0
2010-5-24,00:00:00,0.570,0.630,0.570,0.630,170000,103500,0,0
2010-5-25,00:00:00,0.650,0.650,0.620,0.620,40000,25100,0,0
2010-5-26,00:00:00,0.630,0.630,0.600,0.620,190000,116500,0,0
2010-5-27,00:00:00,0.620,0.650,0.600,0.650,100000,62300,0,0
2010-5-28,00:00:00,0.660,0.660,0.650,0.660,180000,118400,0,0
2010-6-1,00:00:00,0.700,0.700,0.670,0.670,40000,27100,0,0
2010-6-2,00:00:00,0.670,0.670,0.670,0.670,2310000,1547700,0,0
2010-6-3,00:00:00,0.670,0.670,0.670,0.670,50000,33500,0,0
2010-6-4,00:00:00,0.670,0.670,0.670,0.670,50000,33500,0,0
2010-6-7,00:00:00,0.630,0.660,0.630,0.660,190000,121600,0,0
2010-6-8,00:00:00,0.620,0.650,0.620,0.650,130000,83000,0,0
2010-6-9,00:00:00,0.620,0.630,0.620,0.630,340000,212500,0,0
2010-6-10,00:00:00,0.700,0.700,0.680,0.670,40000,27400,0,0
2010-6-11,00:00:00,0.650,0.650,0.630,0.650,70000,45000,0,0
2010-6-14,00:00:00,0.660,0.660,0.660,0.660,80000,52800,0,0
2010-6-15,00:00:00,0.660,0.660,0.660,0.660,80000,52800,0,0
2010-6-18,00:00:00,0.640,0.670,0.630,0.670,540000,345600,0,0
2010-6-21,00:00:00,0.600,0.630,0.600,0.620,220000,136000,0,0
2010-6-22,00:00:00,0.630,0.650,0.630,0.650,50000,31800,0,0
2010-6-24,00:00:00,0.600,0.650,0.600,0.650,80000,50200,0,0
2010-6-25,00:00:00,0.620,0.640,0.620,0.640,40000,25000,0,0
2010-6-28,00:00:00,0.640,0.640,0.640,0.640,50000,32000,0,0
2010-6-29,00:00:00,0.650,0.650,0.630,0.630,280000,181400,0,0
2010-6-30,00:00:00,0.650,0.680,0.650,0.680,110000,72800,0,0
2010-7-2,00:00:00,0.630,0.660,0.630,0.660,20000,12900,0,0
2010-7-8,00:00:00,0.640,0.650,0.630,0.650,90000,57300,0,0
2010-7-9,00:00:00,0.630,0.650,0.630,0.650,200000,126400,0,0
2010-7-12,00:00:00,0.610,0.620,0.580,0.620,500000,298700,0,0
2010-7-13,00:00:00,0.600,0.620,0.600,0.620,190000,114200,0,0
2010-7-14,00:00:00,0.600,0.620,0.600,0.620,310000,187500,0,0
2010-7-15,00:00:00,0.600,0.610,0.590,0.610,90000,54000,0,0
2010-7-16,00:00:00,0.580,0.600,0.580,0.580,230000,133700,0,0
2010-7-20,00:00:00,0.600,0.610,0.600,0.610,210000,126100,0,0
2010-7-23,00:00:00,0.620,0.620,0.560,0.590,540000,321800,0,0
2010-7-26,00:00:00,0.570,0.570,0.560,0.560,50000,28200,0,0
2010-7-27,00:00:00,0.530,0.610,0.530,0.600,90000,50000,0,0
2010-7-28,00:00:00,0.550,0.590,0.540,0.590,190000,107000,0,0
2010-8-2,00:00:00,0.590,0.590,0.590,0.590,20000,11800,0,0
2010-8-3,00:00:00,0.570,0.570,0.570,0.570,40000,22800,0,0
2010-8-4,00:00:00,0.570,0.570,0.570,0.570,60000,34200,0,0
2010-8-5,00:00:00,0.560,0.600,0.550,0.580,440000,246400,0,0
2010-8-6,00:00:00,0.580,0.600,0.580,0.600,178000,106000,0,0
2010-8-9,00:00:00,0.550,0.560,0.485,0.530,1580000,817700,0,0
2010-8-10,00:00:00,0.520,0.530,0.480,0.495,1170000,580900,0,0
2010-8-11,00:00:00,0.530,0.530,0.495,0.520,930000,475300,0,0
2010-8-12,00:00:00,0.495,0.510,0.475,0.500,320000,157700,0,0
2010-8-13,00:00:00,0.500,0.510,0.470,0.500,170000,83300,0,0
2010-8-17,00:00:00,0.490,0.500,0.490,0.500,70000,34400,0,0
2010-8-18,00:00:00,0.490,0.510,0.490,0.500,120000,59000,0,0
2010-8-19,00:00:00,0.475,0.485,0.475,0.485,530000,252650,0,0
2010-8-20,00:00:00,0.520,0.520,0.470,0.490,640000,301850,0,0
2010-8-23,00:00:00,0.480,0.485,0.460,0.470,210000,98000,0,0
2010-8-24,00:00:00,0.470,0.470,0.450,0.470,110000,50000,0,0
2010-8-25,00:00:00,0.470,0.480,0.460,0.480,450000,213100,0,0
2010-8-27,00:00:00,0.450,0.470,0.450,0.470,340000,154050,0,0
2010-8-30,00:00:00,0.450,0.465,0.445,0.465,120000,54950,0,0
2010-8-31,00:00:00,0.460,0.475,0.460,0.475,280000,129350,0,0
2010-9-1,00:00:00,0.465,0.465,0.465,0.465,40000,18600,0,0
2010-9-2,00:00:00,0.460,0.490,0.460,0.490,300000,139400,0,0
2010-9-3,00:00:00,0.460,0.460,0.460,0.460,330000,151800,0,0
2010-9-6,00:00:00,0.495,0.495,0.465,0.465,130000,60750,0,0
2010-9-7,00:00:00,0.495,0.580,0.495,0.570,2452000,1332230,0,0
2010-9-8,00:00:00,0.580,0.580,0.520,0.570,780000,422900,0,0
2010-9-9,00:00:00,0.570,0.570,0.510,0.540,550000,288200,0,0
2010-9-10,00:00:00,0.540,0.540,0.510,0.530,350000,179300,0,0
2010-9-13,00:00:00,0.520,0.520,0.480,0.510,640000,318950,0,0
2010-9-14,00:00:00,0.470,0.500,0.470,0.495,1040000,500600,0,0
2010-9-15,00:00:00,0.500,0.510,0.495,0.495,340000,171100,0,0
2010-9-16,00:00:00,0.550,0.550,0.495,0.540,812000,419060,0,0
2010-9-17,00:00:00,0.540,0.540,0.530,0.540,640000,344900,0,0
2010-9-20,00:00:00,0.530,0.540,0.520,0.540,250000,131500,0,0
2010-9-21,00:00:00,0.550,0.550,0.500,0.540,1470000,755200,0,0
2010-9-22,00:00:00,0.540,0.540,0.530,0.540,510000,272500,0,0
2010-9-24,00:00:00,0.530,0.530,0.520,0.520,60000,31600,0,0
2010-9-27,00:00:00,0.530,0.550,0.530,0.540,870000,472200,0,0
2010-9-28,00:00:00,0.540,0.570,0.510,0.570,2310000,1240900,0,0
2010-9-29,00:00:00,0.570,0.590,0.570,0.580,650000,375800,0,0
2010-9-30,00:00:00,0.580,0.650,0.580,0.620,1920000,1192000,0,0
2010-10-4,00:00:00,0.650,0.670,0.640,0.660,700000,455200,0,0
2010-10-5,00:00:00,0.640,0.670,0.640,0.650,1460000,955100,0,0
2010-10-6,00:00:00,0.660,0.690,0.660,0.670,690000,466200,0,0
2010-10-7,00:00:00,0.690,0.710,0.680,0.700,3700000,2596900,0,0
2010-10-8,00:00:00,0.720,0.820,0.720,0.800,5730000,4473000,0,0
2010-10-11,00:00:00,0.810,0.920,0.810,0.890,10660000,9442400,0,0
2010-10-12,00:00:00,0.900,0.910,0.870,0.900,3310000,2940600,0,0
2010-10-13,00:00:00,0.900,0.900,0.810,0.890,2960000,2532400,0,0
2010-10-14,00:00:00,0.880,0.880,0.820,0.860,3700000,3132900,0,0
2010-10-15,00:00:00,0.850,0.880,0.840,0.870,960000,816300,0,0
2010-10-18,00:00:00,0.860,0.860,0.820,0.840,3070000,2541700,0,0
2010-10-19,00:00:00,0.830,0.850,0.800,0.840,1810000,1475100,0,0
2010-10-20,00:00:00,0.840,0.840,0.800,0.830,1402000,1134840,0,0
2010-10-21,00:00:00,0.830,0.840,0.790,0.820,800000,642900,0,0
2010-10-22,00:00:00,0.810,0.810,0.770,0.790,840000,659100,0,0
2010-10-25,00:00:00,0.800,0.830,0.800,0.830,990000,807900,0,0
2010-10-26,00:00:00,0.800,0.860,0.800,0.820,2210000,1791100,0,0
2010-10-27,00:00:00,0.810,0.820,0.750,0.800,860000,673400,0,0
2010-10-28,00:00:00,0.780,0.810,0.780,0.810,270000,211600,0,0
2010-10-29,00:00:00,0.780,0.810,0.780,0.800,110000,86800,0,0
2010-11-1,00:00:00,0.780,0.810,0.780,0.810,270000,214300,0,0
2010-11-2,00:00:00,0.810,0.810,0.790,0.800,130000,104100,0,0
2010-11-3,00:00:00,0.780,0.780,0.760,0.770,330000,255700,0,0
2010-11-4,00:00:00,0.750,0.800,0.750,0.770,140000,106900,0,0
2010-11-5,00:00:00,0.770,0.780,0.770,0.780,20000,15500,0,0
2010-11-8,00:00:00,0.770,0.790,0.770,0.790,90000,70700,0,0
2010-11-9,00:00:00,0.790,0.790,0.750,0.760,300000,228400,0,0
2010-11-10,00:00:00,0.750,0.770,0.740,0.770,270000,202400,0,0
2010-11-11,00:00:00,0.780,0.830,0.780,0.800,582000,472740,0,0
2010-11-12,00:00:00,0.830,0.830,0.780,0.830,1180000,953800,0,0
2010-11-15,00:00:00,1.000,1.450,0.850,0.870,64180000,62981200,0,0
2010-11-16,00:00:00,0.900,0.930,0.810,0.830,5640000,4804700,0,0
2010-11-17,00:00:00,0.790,0.800,0.730,0.780,3370000,2558100,0,0
2010-11-18,00:00:00,0.800,0.800,0.760,0.790,1460000,1135300,0,0
2010-11-19,00:00:00,0.850,0.850,0.780,0.790,1850000,1490600,0,0
2010-11-22,00:00:00,0.790,0.800,0.750,0.800,1081500,849995,0,0
2010-11-23,00:00:00,0.800,0.850,0.790,0.800,4090000,3302600,0,0
2010-11-24,00:00:00,0.800,0.810,0.780,0.810,1600000,1258100,0,0
2010-11-25,00:00:00,0.820,0.820,0.780,0.780,2090000,1650200,0,0
2010-11-26,00:00:00,0.790,0.800,0.750,0.790,1890000,1463600,0,0
2010-11-29,00:00:00,0.830,0.830,0.770,0.800,2330000,1864400,0,0
2010-11-30,00:00:00,0.850,0.850,0.780,0.790,5990000,4870100,0,0
2010-12-1,00:00:00,0.780,0.780,0.700,0.720,7520000,5512000,0,0
2010-12-2,00:00:00,0.750,0.750,0.720,0.730,3560000,2614700,0,0
2010-12-3,00:00:00,0.720,0.730,0.700,0.710,1260000,894600,0,0
2010-12-6,00:00:00,0.710,0.720,0.700,0.700,1170000,832900,0,0
2010-12-7,00:00:00,0.700,0.700,0.680,0.690,1460000,1011300,0,0
2010-12-8,00:00:00,0.680,0.680,0.650,0.660,4740000,3136100,0,0
2010-12-9,00:00:00,0.680,0.730,0.660,0.690,7240000,4966600,0,0
2010-12-10,00:00:00,0.680,0.680,0.670,0.680,850000,575800,0,0
2010-12-13,00:00:00,0.670,0.670,0.660,0.660,650000,432300,0,0
2010-12-14,00:00:00,0.650,0.660,0.630,0.660,1000000,647200,0,0
2010-12-15,00:00:00,0.650,0.650,0.620,0.620,310000,196700,0,0
2010-12-16,00:00:00,0.640,0.640,0.620,0.630,1210000,757100,0,0
2010-12-17,00:00:00,0.620,0.650,0.610,0.630,2010000,1283500,0,0
2010-12-20,00:00:00,0.620,0.620,0.600,0.610,380000,232200,0,0
2010-12-21,00:00:00,0.620,0.620,0.590,0.590,600000,362800,0,0
2010-12-22,00:00:00,0.620,0.620,0.600,0.600,700000,425300,0,0
2010-12-23,00:00:00,0.590,0.610,0.590,0.590,490000,292100,0,0
2010-12-24,00:00:00,0.580,0.580,0.530,0.560,3750000,2062600,0,0
2010-12-28,00:00:00,0.550,0.560,0.550,0.560,620000,345100,0,0
2010-12-29,00:00:00,0.570,0.570,0.560,0.560,630000,352900,0,0
2010-12-30,00:00:00,0.550,0.570,0.550,0.570,980000,544600,0,0
2010-12-31,00:00:00,0.560,0.580,0.560,0.580,790000,448400,0,0
2011-1-3,00:00:00,0.580,0.580,0.580,0.580,70000,40600,0,0
2011-1-4,00:00:00,0.600,0.730,0.600,0.690,8252000,5561300,0,0
2011-1-5,00:00:00,0.690,0.690,0.650,0.670,920000,616400,0,0
2011-1-6,00:00:00,0.690,0.690,0.670,0.670,241500,162830,0,0
2011-1-7,00:00:00,0.660,0.670,0.660,0.660,370000,244700,0,0
2011-1-10,00:00:00,0.670,0.670,0.660,0.660,260000,171800,0,0
2011-1-11,00:00:00,0.650,0.650,0.640,0.640,1120000,722500,0,0
2011-1-12,00:00:00,0.630,0.670,0.630,0.630,810000,532300,0,0
2011-1-13,00:00:00,0.640,0.650,0.630,0.640,1400000,900300,0,0
2011-1-14,00:00:00,0.640,0.660,0.630,0.660,480000,311200,0,0
2011-1-17,00:00:00,0.650,0.660,0.640,0.640,430000,278100,0,0
2011-1-18,00:00:00,0.640,0.640,0.640,0.640,310000,198400,0,0
2011-1-19,00:00:00,0.660,0.660,0.650,0.650,490000,320300,0,0
2011-1-20,00:00:00,0.690,0.690,0.650,0.650,460000,305100,0,0
2011-1-21,00:00:00,0.660,0.660,0.630,0.650,1010000,646700,0,0
2011-1-24,00:00:00,0.640,0.640,0.640,0.640,190000,121600,0,0
2011-1-25,00:00:00,0.640,0.640,0.630,0.630,1020000,647100,0,0
2011-1-26,00:00:00,0.630,0.640,0.630,0.630,250000,157600,0,0
2011-1-27,00:00:00,0.630,0.630,0.620,0.620,140000,87800,0,0
2011-1-28,00:00:00,0.620,0.630,0.620,0.630,40000,25100,0,0
2011-1-31,00:00:00,0.630,0.670,0.630,0.660,240000,155200,0,0
2011-2-1,00:00:00,0.640,0.640,0.640,0.640,70000,44800,0,0
2011-2-2,00:00:00,0.630,0.630,0.630,0.630,90000,56700,0,0
2011-2-7,00:00:00,0.630,0.630,0.630,0.630,110000,69300,0,0
2011-2-8,00:00:00,0.630,0.630,0.630,0.630,110000,69300,0,0
2011-2-9,00:00:00,0.630,0.630,0.610,0.610,820000,505000,0,0
2011-2-10,00:00:00,0.620,0.630,0.580,0.580,3750000,2240000,0,0
2011-2-11,00:00:00,0.570,0.580,0.570,0.580,8510000,4851400,0,0
2011-2-14,00:00:00,0.620,0.620,0.570,0.570,1110000,643700,0,0
2011-2-15,00:00:00,0.550,0.590,0.550,0.580,90000,50500,0,0
2011-2-16,00:00:00,0.580,0.590,0.580,0.590,150000,88300,0,0
2011-2-17,00:00:00,0.610,0.610,0.590,0.590,390000,234600,0,0
2011-2-18,00:00:00,0.590,0.610,0.580,0.590,490000,290300,0,0
2011-2-21,00:00:00,0.590,0.590,0.580,0.580,80000,46600,0,0
2011-2-22,00:00:00,0.570,0.590,0.570,0.570,620000,354800,0,0
2011-2-23,00:00:00,0.570,0.580,0.570,0.580,80000,45700,0,0
2011-2-24,00:00:00,0.560,0.570,0.540,0.560,750000,416500,0,0
2011-2-25,00:00:00,0.570,0.570,0.570,0.570,90000,51300,0,0
2011-2-28,00:00:00,0.600,0.600,0.580,0.600,490000,291600,0,0
2011-3-1,00:00:00,0.600,0.600,0.600,0.600,190000,113900,0,0
2011-3-2,00:00:00,0.610,0.610,0.590,0.610,120000,72600,0,0
2011-3-3,00:00:00,0.580,0.620,0.580,0.580,730000,440200,0,0
2011-3-4,00:00:00,0.610,0.660,0.600,0.600,570000,358700,0,0
2011-3-7,00:00:00,0.600,0.600,0.600,0.600,40000,24000,0,0
2011-3-8,00:00:00,0.580,0.580,0.570,0.570,260000,150500,0,0
2011-3-9,00:00:00,0.570,0.580,0.570,0.580,150000,86000,0,0
2011-3-10,00:00:00,0.580,0.580,0.560,0.570,510000,292600,0,0
2011-3-11,00:00:00,0.560,0.570,0.560,0.570,122500,69050,0,0
2011-3-14,00:00:00,0.570,0.570,0.560,0.570,440000,248800,0,0
2011-3-15,00:00:00,0.540,0.560,0.540,0.550,400000,222900,0,0
2011-3-16,00:00:00,0.540,0.550,0.540,0.540,450000,247000,0,0
2011-3-17,00:00:00,0.550,0.550,0.540,0.540,890000,482400,0,0
2011-3-18,00:00:00,0.560,0.650,0.550,0.620,1170000,691700,0,0
2011-3-21,00:00:00,0.620,0.620,0.620,0.590,20000,12400,0,0
2011-3-22,00:00:00,0.620,0.620,0.600,0.600,4780000,2870400,0,0
2011-3-23,00:00:00,0.630,0.630,0.610,0.630,332000,207180,0,0
2011-3-24,00:00:00,0.630,0.640,0.600,0.600,210000,129100,0,0
2011-3-25,00:00:00,0.600,0.640,0.600,0.640,250000,157800,0,0
2011-3-28,00:00:00,0.660,0.660,0.620,0.620,340000,218800,0,0
2011-3-29,00:00:00,0.610,0.620,0.610,0.620,50000,30700,0,0
2011-3-31,00:00:00,0.600,0.600,0.590,0.590,230000,137800,0,0
2011-4-1,00:00:00,0.590,0.590,0.590,0.590,220000,129800,0,0
2011-4-4,00:00:00,0.600,0.600,0.590,0.590,400000,238800,0,0
2011-4-6,00:00:00,0.600,0.620,0.600,0.610,320000,194900,0,0
2011-4-7,00:00:00,0.600,0.620,0.600,0.620,350000,213000,0,0
2011-4-8,00:00:00,0.610,0.620,0.610,0.620,100000,61600,0,0
2011-4-11,00:00:00,0.620,0.650,0.620,0.630,430000,273900,0,0
2011-4-13,00:00:00,0.600,0.620,0.600,0.620,460000,280400,0,0
2011-4-14,00:00:00,0.620,0.630,0.600,0.620,1040000,642600,0,0
2011-4-15,00:00:00,0.600,0.610,0.590,0.590,220000,132200,0,0
2011-4-18,00:00:00,0.600,0.600,0.600,0.600,200000,120000,0,0
2011-4-19,00:00:00,0.600,0.600,0.590,0.600,420000,251400,0,0
2011-4-20,00:00:00,0.600,0.610,0.590,0.590,730000,438000,0,0
2011-4-21,00:00:00,0.590,0.600,0.590,0.600,640000,383400,0,0
2011-4-26,00:00:00,0.590,0.610,0.590,0.590,400000,240800,0,0
2011-4-27,00:00:00,0.580,0.580,0.580,0.580,260000,150800,0,0
2011-4-28,00:00:00,0.580,0.580,0.570,0.570,390000,223200,0,0
2011-4-29,00:00:00,0.570,0.600,0.570,0.600,70000,41700,0,0
2011-5-3,00:00:00,0.670,0.670,0.610,0.610,440000,273600,0,0
2011-5-4,00:00:00,0.610,0.610,0.590,0.600,530000,315400,0,0
2011-5-5,00:00:00,0.610,0.610,0.590,0.600,750000,447400,0,0
2011-5-6,00:00:00,0.580,0.590,0.580,0.590,310000,181900,0,0
2011-5-9,00:00:00,0.590,0.590,0.560,0.570,680000,389900,0,0
2011-5-11,00:00:00,0.580,0.600,0.570,0.600,910000,530900,0,0
2011-5-12,00:00:00,0.600,0.600,0.560,0.570,3720000,2100100,0,0
2011-5-13,00:00:00,0.560,0.580,0.560,0.580,140000,79900,0,0
2011-5-16,00:00:00,0.580,0.580,0.580,0.580,170000,98600,0,0
2011-5-17,00:00:00,0.570,0.570,0.570,0.570,50000,28500,0,0
2011-5-18,00:00:00,0.570,0.590,0.570,0.580,180000,104000,0,0
2011-5-19,00:00:00,0.580,0.580,0.560,0.560,100000,56800,0,0
2011-5-20,00:00:00,0.550,0.570,0.550,0.570,460000,258000,0,0
2011-5-23,00:00:00,0.570,0.570,0.550,0.560,240000,134500,0,0
2011-5-24,00:00:00,0.570,0.570,0.560,0.560,230000,129000,0,0
2011-5-25,00:00:00,0.560,0.560,0.540,0.560,500000,275300,0,0
2011-5-26,00:00:00,0.560,0.560,0.530,0.560,210000,113500,0,0
2011-5-27,00:00:00,0.560,0.560,0.540,0.540,500000,274700,0,0
2011-5-30,00:00:00,0.550,0.550,0.500,0.540,1690000,879400,0,0
2011-5-31,00:00:00,0.540,0.550,0.520,0.540,990000,531200,0,0
2011-6-1,00:00:00,0.530,0.530,0.510,0.520,330000,170900,0,0
2011-6-2,00:00:00,0.520,0.550,0.510,0.530,380000,203200,0,0
2011-6-3,00:00:00,0.520,0.530,0.520,0.530,130000,68500,0,0
2011-6-7,00:00:00,0.540,0.540,0.490,0.500,2300000,1174600,0,0
2011-6-8,00:00:00,0.495,0.495,0.430,0.470,5780000,2718000,0,0
2011-6-9,00:00:00,0.520,0.550,0.385,0.475,13720000,6254200,0,0
2011-6-10,00:00:00,0.475,0.495,0.450,0.460,3220000,1478950,0,0
2011-6-13,00:00:00,0.450,0.470,0.435,0.460,920000,422300,0,0
2011-6-14,00:00:00,0.475,0.475,0.455,0.455,230000,105550,0,0
2011-6-15,00:00:00,0.455,0.460,0.445,0.460,350000,158300,0,0
2011-6-16,00:00:00,0.445,0.460,0.440,0.450,630000,283600,0,0
2011-6-17,00:00:00,0.460,0.470,0.445,0.450,450000,207400,0,0
2011-6-20,00:00:00,0.460,0.460,0.380,0.430,4220000,1762150,0,0
2011-6-21,00:00:00,0.440,0.440,0.415,0.425,470000,200500,0,0
2011-6-22,00:00:00,0.415,0.425,0.410,0.420,330000,138100,0,0
2011-6-23,00:00:00,0.415,0.430,0.415,0.430,510000,214050,0,0
2011-6-24,00:00:00,0.425,0.430,0.415,0.430,130000,55250,0,0
2011-6-28,00:00:00,0.430,0.430,0.430,0.430,20000,8600,0,0
2011-6-29,00:00:00,0.440,0.450,0.435,0.435,740000,325750,0,0
2011-6-30,00:00:00,0.445,0.445,0.435,0.440,210000,92550,0,0
2011-7-4,00:00:00,0.450,0.460,0.450,0.460,510000,230400,0,0
2011-7-5,00:00:00,0.460,0.470,0.455,0.470,660000,305300,0,0
2011-7-6,00:00:00,0.460,0.465,0.460,0.465,70000,32300,0,0
2011-7-7,00:00:00,0.475,0.480,0.470,0.480,480000,228550,0,0
2011-7-8,00:00:00,0.485,0.485,0.470,0.470,210000,99450,0,0
2011-7-12,00:00:00,0.420,0.450,0.420,0.445,730000,328500,0,0
2011-7-13,00:00:00,0.430,0.435,0.425,0.430,480000,205100,0,0
2011-7-14,00:00:00,0.425,0.430,0.420,0.430,170000,72100,0,0
2011-7-18,00:00:00,0.415,0.435,0.415,0.435,80000,34100,0,0
2011-7-19,00:00:00,0.445,0.450,0.445,0.450,30000,13400,0,0
2011-7-20,00:00:00,0.445,0.455,0.445,0.455,210000,95200,0,0
2011-7-21,00:00:00,0.440,0.460,0.440,0.460,242500,108413,0,0
2011-7-22,00:00:00,0.460,0.460,0.460,0.460,180000,82800,0,0
2011-7-25,00:00:00,0.470,0.470,0.460,0.470,70000,32600,0,0
2011-7-26,00:00:00,0.480,0.480,0.475,0.480,310000,148650,0,0
2011-7-27,00:00:00,0.480,0.485,0.480,0.485,260000,125250,0,0
2011-7-28,00:00:00,0.485,0.485,0.455,0.485,410000,192850,0,0
2011-7-29,00:00:00,0.485,0.490,0.485,0.490,210000,101900,0,0
2011-8-1,00:00:00,0.500,0.500,0.490,0.500,950000,474250,0,0
2011-8-2,00:00:00,0.500,0.500,0.500,0.500,10000,5000,0,0
2011-8-3,00:00:00,0.500,0.500,0.495,0.500,340000,169800,0,0
2011-8-4,00:00:00,0.500,0.500,0.480,0.500,170000,84000,0,0
2011-8-5,00:00:00,0.490,0.500,0.485,0.490,490000,239950,0,0
2011-8-9,00:00:00,0.420,0.450,0.400,0.450,500000,208550,0,0
2011-8-10,00:00:00,0.450,0.450,0.450,0.450,30000,13500,0,0
2011-8-11,00:00:00,0.445,0.450,0.430,0.450,150000,65000,0,0
2011-8-12,00:00:00,0.440,0.440,0.430,0.430,30000,13100,0,0
2011-8-15,00:00:00,0.430,0.470,0.430,0.470,30000,13300,0,0
2011-8-16,00:00:00,0.450,0.465,0.440,0.465,220000,97150,0,0
2011-8-17,00:00:00,0.455,0.455,0.450,0.450,230000,104600,0,0
2011-8-18,00:00:00,0.450,0.455,0.450,0.455,50000,22550,0,0
2011-8-19,00:00:00,0.430,0.460,0.425,0.460,170000,73650,0,0
2011-8-22,00:00:00,0.460,0.460,0.430,0.455,370000,165550,0,0
2011-8-23,00:00:00,0.440,0.455,0.430,0.455,280000,123750,0,0
2011-8-24,00:00:00,0.450,0.450,0.450,0.445,50000,22500,0,0
2011-8-25,00:00:00,0.450,0.455,0.430,0.445,490000,217700,0,0
2011-8-26,00:00:00,0.430,0.430,0.430,0.430,80000,34400,0,0
2011-8-29,00:00:00,0.430,0.460,0.430,0.455,830000,360000,0,0
2011-8-30,00:00:00,0.495,0.495,0.445,0.445,130000,60800,0,0
2011-8-31,00:00:00,0.430,0.450,0.430,0.450,390000,168700,0,0
2011-9-1,00:00:00,0.475,0.475,0.425,0.455,190000,85350,0,0
2011-9-2,00:00:00,0.470,0.470,0.430,0.435,1180000,519450,0,0
2011-9-5,00:00:00,0.435,0.470,0.435,0.470,100000,45700,0,0
2011-9-6,00:00:00,0.470,0.470,0.430,0.440,280000,122400,0,0
2011-9-7,00:00:00,0.450,0.450,0.435,0.445,240000,105600,0,0
2011-9-8,00:00:00,0.435,0.455,0.435,0.455,260000,113950,0,0
2011-9-9,00:00:00,0.460,0.460,0.455,0.460,30000,13700,0,0
2011-9-12,00:00:00,0.440,0.440,0.435,0.435,580000,252650,0,0
2011-9-14,00:00:00,0.445,0.445,0.430,0.445,340000,148500,0,0
2011-9-15,00:00:00,0.460,0.500,0.460,0.470,1700000,820800,0,0
2011-9-16,00:00:00,0.500,0.500,0.450,0.450,350000,159850,0,0
2011-9-19,00:00:00,0.445,0.475,0.440,0.440,630000,279550,0,0
2011-9-20,00:00:00,0.440,0.450,0.440,0.450,420000,186800,0,0
2011-9-21,00:00:00,0.440,0.455,0.440,0.445,970000,435550,0,0
2011-9-22,00:00:00,0.435,0.435,0.435,0.445,610000,265350,0,0
2011-9-23,00:00:00,0.430,0.430,0.400,0.410,2160000,886550,0,0
2011-9-26,00:00:00,0.400,0.400,0.385,0.400,310000,122600,0,0
2011-9-27,00:00:00,0.400,0.400,0.350,0.365,320000,116050,0,0
2011-9-28,00:00:00,0.375,0.410,0.350,0.395,1750000,642550,0,0
2011-9-30,00:00:00,0.370,0.375,0.370,0.370,120000,44450,0,0
2011-10-3,00:00:00,0.370,0.370,0.355,0.360,150000,54550,0,0
2011-10-4,00:00:00,0.360,0.360,0.330,0.330,260000,92050,0,0
2011-10-6,00:00:00,0.350,0.390,0.330,0.390,580000,198000,0,0
2011-10-7,00:00:00,0.350,0.350,0.340,0.340,370000,129050,0,0
2011-10-10,00:00:00,0.340,0.340,0.330,0.330,180000,60100,0,0
2011-10-11,00:00:00,0.370,0.370,0.340,0.350,240000,85500,0,0
2011-10-12,00:00:00,0.350,0.350,0.350,0.350,260000,91000,0,0
2011-10-13,00:00:00,0.350,0.355,0.350,0.350,1080000,380400,0,0
2011-10-14,00:00:00,0.350,0.350,0.335,0.340,400000,136600,0,0
2011-10-17,00:00:00,0.350,0.350,0.330,0.345,910000,304550,0,0
2011-10-18,00:00:00,0.330,0.350,0.310,0.310,1410000,459250,0,0
2011-10-19,00:00:00,0.310,0.340,0.310,0.340,250000,83700,0,0
2011-10-20,00:00:00,0.320,0.320,0.320,0.320,150000,48000,0,0
2011-10-21,00:00:00,0.320,0.325,0.320,0.320,250000,80350,0,0
2011-10-24,00:00:00,0.315,0.335,0.315,0.335,780000,249200,0,0
2011-10-25,00:00:00,0.340,0.340,0.320,0.320,270000,86600,0,0
2011-10-26,00:00:00,0.315,0.335,0.310,0.330,260000,83050,0,0
2011-10-27,00:00:00,0.320,0.355,0.320,0.355,650000,223950,0,0
2011-10-28,00:00:00,0.370,0.370,0.355,0.355,200000,72350,0,0
2011-10-31,00:00:00,0.345,0.370,0.315,0.370,450000,153450,0,0
2011-11-3,00:00:00,0.365,0.390,0.365,0.390,170000,62500,0,0
2011-11-4,00:00:00,0.350,0.370,0.350,0.370,250000,88900,0,0
2011-11-7,00:00:00,0.355,0.365,0.355,0.360,250000,90700,0,0
2011-11-8,00:00:00,0.350,0.370,0.350,0.370,210000,74450,0,0
2011-11-9,00:00:00,0.370,0.390,0.370,0.375,30000,11300,0,0
2011-11-10,00:00:00,0.345,0.385,0.345,0.385,80000,29000,0,0
2011-11-11,00:00:00,0.355,0.370,0.355,0.370,30000,10850,0,0
2011-11-14,00:00:00,0.390,0.400,0.375,0.395,320000,124650,0,0
2011-11-15,00:00:00,0.375,0.375,0.375,0.375,70000,26250,0,0
2011-11-16,00:00:00,0.360,0.360,0.360,0.360,100000,36000,0,0
2011-11-18,00:00:00,0.365,0.380,0.365,0.380,140000,51400,0,0
2011-11-21,00:00:00,0.360,0.360,0.360,0.360,230000,82800,0,0
2011-11-22,00:00:00,0.370,0.370,0.370,0.360,20000,7400,0,0
2011-11-24,00:00:00,0.350,0.350,0.350,0.350,10000,3500,0,0
2011-11-25,00:00:00,0.350,0.350,0.325,0.355,240000,83550,0,0
2011-11-28,00:00:00,0.350,0.350,0.350,0.350,280000,98000,0,0
2011-11-29,00:00:00,0.350,0.350,0.350,0.350,500000,175000,0,0
2011-12-6,00:00:00,0.310,0.350,0.310,0.325,1420000,449400,0,0
2011-12-7,00:00:00,0.385,0.385,0.315,0.335,240000,77900,0,0
2011-12-8,00:00:00,0.380,0.380,0.335,0.360,150000,51300,0,0
2011-12-9,00:00:00,0.340,0.340,0.335,0.340,200000,67100,0,0
2011-12-12,00:00:00,0.335,0.385,0.335,0.360,420000,153900,0,0
2011-12-13,00:00:00,0.340,0.375,0.340,0.360,190000,68100,0,0
2011-12-14,00:00:00,0.360,0.360,0.360,0.360,50000,18000,0,0
2011-12-16,00:00:00,0.330,0.330,0.330,0.355,20000,6600,0,0
2011-12-19,00:00:00,0.335,0.370,0.335,0.360,150000,50950,0,0
2011-12-20,00:00:00,0.360,0.360,0.350,0.350,300000,107000,0,0
2011-12-21,00:00:00,0.335,0.365,0.335,0.340,660000,229800,0,0
2011-12-23,00:00:00,0.350,0.360,0.350,0.360,180000,64000,0,0
2011-12-28,00:00:00,0.350,0.350,0.335,0.335,80000,27850,0,0
2011-12-29,00:00:00,0.350,0.350,0.350,0.350,10000,3500,0,0
2011-12-30,00:00:00,0.360,0.360,0.340,0.360,30000,10400,0,0
2012-1-5,00:00:00,0.330,0.335,0.330,0.330,140000,46300,0,0
2012-1-9,00:00:00,0.345,0.345,0.330,0.340,30000,10200,0,0
2012-1-13,00:00:00,0.325,0.325,0.325,0.325,50000,16250,0,0
2012-1-19,00:00:00,0.330,0.330,0.330,0.330,70000,23100,0,0
2012-1-20,00:00:00,0.315,0.315,0.315,0.325,20000,6300,0,0
2012-1-26,00:00:00,0.320,0.320,0.320,0.320,80000,25600,0,0
2012-2-6,00:00:00,0.340,0.340,0.330,0.340,170000,57200,0,0
2012-2-7,00:00:00,0.345,0.350,0.320,0.350,280000,93800,0,0
2012-2-8,00:00:00,0.350,0.350,0.350,0.350,150000,52500,0,0
2012-2-9,00:00:00,0.350,0.355,0.345,0.355,470000,166200,0,0
2012-2-13,00:00:00,0.335,0.350,0.335,0.350,630000,215050,0,0
2012-2-14,00:00:00,0.360,0.360,0.350,0.350,360000,128700,0,0
2012-2-15,00:00:00,0.350,0.355,0.350,0.350,540000,190400,0,0
2012-2-16,00:00:00,0.355,0.355,0.330,0.335,220000,77650,0,0
2012-2-17,00:00:00,0.345,0.360,0.330,0.360,1160000,405950,0,0
2012-2-20,00:00:00,0.340,0.355,0.340,0.355,260000,91850,0,0
2012-2-21,00:00:00,0.360,0.360,0.355,0.355,340000,122200,0,0
2012-2-22,00:00:00,0.375,0.375,0.360,0.375,2290000,849750,0,0
2012-2-23,00:00:00,0.380,0.390,0.370,0.390,1610000,609900,0,0
2012-2-24,00:00:00,0.385,0.385,0.350,0.385,970000,361400,0,0
2012-2-27,00:00:00,0.395,0.395,0.370,0.370,540000,202800,0,0
2012-2-28,00:00:00,0.360,0.360,0.350,0.360,360000,129000,0,0
2012-2-29,00:00:00,0.370,0.370,0.365,0.365,280000,103350,0,0
2012-3-1,00:00:00,0.365,0.365,0.350,0.350,210000,75150,0,0
2012-3-2,00:00:00,0.365,0.370,0.365,0.370,60000,22100,0,0
2012-3-5,00:00:00,0.365,0.365,0.365,0.365,380000,138700,0,0
2012-3-6,00:00:00,0.350,0.370,0.350,0.370,690000,246150,0,0
2012-3-7,00:00:00,0.370,0.370,0.370,0.370,1030000,381100,0,0
2012-3-8,00:00:00,0.370,0.375,0.370,0.370,170000,63300,0,0
2012-3-9,00:00:00,0.360,0.370,0.355,0.355,210000,75450,0,0
2012-3-12,00:00:00,0.355,0.355,0.355,0.355,70000,24850,0,0
2012-3-13,00:00:00,0.365,0.365,0.365,0.365,200000,73000,0,0
2012-3-14,00:00:00,0.365,0.365,0.360,0.360,230000,83800,0,0
2012-3-15,00:00:00,0.370,0.370,0.370,0.365,200000,74000,0,0
2012-3-19,00:00:00,0.335,0.355,0.335,0.355,190000,67000,0,0
2012-3-20,00:00:00,0.365,0.365,0.365,0.355,200000,73000,0,0
2012-3-21,00:00:00,0.355,0.355,0.350,0.365,240000,85050,0,0
2012-3-22,00:00:00,0.350,0.380,0.350,0.375,240000,90000,0,0
2012-3-23,00:00:00,0.370,0.370,0.335,0.335,550000,186300,0,0
2012-3-26,00:00:00,0.360,0.360,0.330,0.350,1350000,468350,0,0
2012-3-27,00:00:00,0.360,0.360,0.360,0.355,200000,72000,0,0
2012-3-28,00:00:00,0.340,0.355,0.335,0.335,440000,153750,0,0
2012-3-29,00:00:00,0.355,0.355,0.355,0.340,200000,71000,0,0
2012-3-30,00:00:00,0.345,0.350,0.345,0.350,230000,79400,0,0
2012-4-5,00:00:00,0.345,0.345,0.345,0.345,300000,103500,0,0
2012-4-10,00:00:00,0.360,0.360,0.360,0.355,300000,108000,0,0
2012-4-12,00:00:00,0.320,0.350,0.320,0.350,430000,145250,0,0
2012-4-17,00:00:00,0.365,0.365,0.345,0.350,700000,248500,0,0
2012-4-18,00:00:00,0.350,0.355,0.325,0.355,580000,201450,0,0
2012-4-23,00:00:00,0.325,0.360,0.325,0.355,240000,85300,0,0
2012-4-26,00:00:00,0.330,0.340,0.330,0.340,530000,182200,0,0
2012-4-27,00:00:00,0.360,0.360,0.345,0.355,260000,92050,0,0
2012-4-30,00:00:00,0.330,0.340,0.330,0.340,130000,43800,0,0
2012-5-2,00:00:00,0.355,0.355,0.355,0.350,300000,106500,0,0
2012-5-3,00:00:00,0.325,0.335,0.320,0.335,520000,171350,0,0
2012-5-4,00:00:00,0.320,0.345,0.320,0.345,450000,149750,0,0
2012-5-9,00:00:00,0.345,0.345,0.345,0.345,250000,86250,0,0
2012-5-11,00:00:00,0.320,0.345,0.320,0.345,280000,96200,0,0
2012-5-17,00:00:00,0.320,0.345,0.320,0.330,70000,23900,0,0
2012-5-18,00:00:00,0.310,0.310,0.280,0.285,1500000,430700,0,0
2012-5-21,00:00:00,0.310,0.345,0.290,0.345,360000,111900,0,0
2012-5-22,00:00:00,0.340,0.340,0.340,0.340,20000,6800,0,0
2012-5-23,00:00:00,0.300,0.340,0.300,0.315,190000,57700,0,0
2012-5-24,00:00:00,0.320,0.320,0.320,0.320,410000,130400,0,0
2012-5-28,00:00:00,0.275,0.285,0.260,0.285,530000,147450,0,0
2012-5-29,00:00:00,0.285,0.285,0.285,0.285,100000,28500,0,0
2012-5-30,00:00:00,0.280,0.290,0.280,0.290,220000,63600,0,0
2012-5-31,00:00:00,0.280,0.300,0.280,0.300,250000,74000,0,0
2012-6-5,00:00:00,0.280,0.300,0.280,0.300,290000,85200,0,0
2012-6-11,00:00:00,0.290,0.310,0.290,0.300,300000,91600,0,0
2012-6-13,00:00:00,0.320,0.320,0.320,0.320,240000,76800,0,0
2012-6-18,00:00:00,0.320,0.320,0.320,0.320,330000,105600,0,0
2012-6-21,00:00:00,0.320,0.320,0.310,0.310,270000,83950,0,0
2012-6-22,00:00:00,0.310,0.310,0.310,0.310,50000,15500,0,0
2012-6-25,00:00:00,0.280,0.300,0.275,0.300,520000,149050,0,0
2012-6-26,00:00:00,0.300,0.300,0.300,0.300,130000,39000,0,0
2012-6-29,00:00:00,0.280,0.280,0.270,0.280,250000,69100,0,0
2012-7-3,00:00:00,0.290,0.290,0.290,0.290,30000,8700,0,0
2012-7-4,00:00:00,0.325,0.340,0.320,0.340,1890000,615150,0,0
2012-7-5,00:00:00,0.340,0.390,0.340,0.380,2420000,882450,0,0
2012-7-6,00:00:00,0.385,0.395,0.385,0.390,1010000,392350,0,0
2012-7-9,00:00:00,0.365,0.450,0.360,0.450,3140000,1345450,0,0
2012-7-10,00:00:00,0.450,0.460,0.415,0.455,4040000,1805400,0,0
2012-7-11,00:00:00,0.455,0.460,0.450,0.455,720000,329050,0,0
2012-7-12,00:00:00,0.440,0.450,0.440,0.450,410000,180900,0,0
2012-7-13,00:00:00,0.430,0.430,0.425,0.425,250000,107000,0,0
2012-7-16,00:00:00,0.450,0.450,0.425,0.425,430000,189850,0,0
2012-7-17,00:00:00,0.410,0.415,0.410,0.430,280000,116100,0,0
2012-7-19,00:00:00,0.430,0.435,0.430,0.435,600000,259150,0,0
2012-7-20,00:00:00,0.410,0.440,0.410,0.440,1020000,438950,0,0
2012-7-24,00:00:00,0.435,0.435,0.435,0.435,140000,60900,0,0
2012-7-25,00:00:00,0.435,0.435,0.435,0.435,250000,108750,0,0
2012-7-26,00:00:00,0.415,0.430,0.400,0.430,360000,147350,0,0
2012-7-27,00:00:00,0.435,0.435,0.430,0.435,160000,68700,0,0
2012-7-30,00:00:00,0.420,0.420,0.420,0.420,10000,4200,0,0
2012-7-31,00:00:00,0.420,0.435,0.420,0.435,650000,274500,0,0
2012-8-1,00:00:00,0.425,0.435,0.425,0.435,760000,327850,0,0
2012-8-2,00:00:00,0.420,0.430,0.415,0.430,630000,264200,0,0
2012-8-6,00:00:00,0.410,0.425,0.410,0.425,60000,24900,0,0
2012-8-7,00:00:00,0.410,0.410,0.410,0.410,170000,69700,0,0
2012-8-8,00:00:00,0.410,0.425,0.410,0.410,1070000,439000,0,0
2012-8-9,00:00:00,0.420,0.420,0.410,0.410,210000,87250,0,0
2012-8-10,00:00:00,0.425,0.425,0.425,0.425,110000,46750,0,0
2012-8-13,00:00:00,0.425,0.425,0.425,0.425,110000,46750,0,0
2012-8-14,00:00:00,0.420,0.435,0.420,0.435,50000,21150,0,0
2012-8-20,00:00:00,0.440,0.440,0.410,0.430,720000,300500,0,0
2012-8-21,00:00:00,0.410,0.425,0.410,0.425,240000,98900,0,0
2012-8-22,00:00:00,0.410,0.420,0.410,0.420,540000,221600,0,0
2012-8-23,00:00:00,0.400,0.400,0.400,0.410,10000,4000,0,0
2012-8-24,00:00:00,0.415,0.415,0.415,0.415,220000,91300,0,0
2012-8-30,00:00:00,0.415,0.415,0.415,0.415,300000,124500,0,0
2012-8-31,00:00:00,0.405,0.405,0.400,0.410,230000,93100,0,0
2012-9-3,00:00:00,0.415,0.415,0.415,0.410,120000,49800,0,0
2012-9-4,00:00:00,0.420,0.420,0.410,0.410,830000,342900,0,0
2012-9-5,00:00:00,0.410,0.415,0.400,0.415,900000,367400,0,0
2012-9-6,00:00:00,0.400,0.415,0.400,0.415,410000,164650,0,0
2012-9-11,00:00:00,0.350,0.400,0.350,0.395,530000,198050,0,0
2012-9-12,00:00:00,0.395,0.400,0.395,0.395,290000,114600,0,0
2012-9-13,00:00:00,0.395,0.400,0.375,0.395,900000,350350,0,0
2012-9-17,00:00:00,0.395,0.400,0.380,0.400,380000,148250,0,0
2012-9-18,00:00:00,0.380,0.400,0.380,0.400,600000,230000,0,0
2012-9-19,00:00:00,0.395,0.395,0.385,0.395,390000,152250,0,0
2012-9-24,00:00:00,0.380,0.380,0.380,0.385,100000,38000,0,0
2012-9-25,00:00:00,0.380,0.400,0.380,0.400,190000,72400,0,0
2012-9-26,00:00:00,0.380,0.380,0.360,0.380,2030000,749300,0,0
2012-9-27,00:00:00,0.370,0.390,0.370,0.390,430000,165500,0,0
2012-10-8,00:00:00,0.370,0.385,0.370,0.385,110000,41250,0,0
2012-10-10,00:00:00,0.380,0.380,0.380,0.380,200000,76000,0,0
2012-10-11,00:00:00,0.385,0.385,0.385,0.385,120000,46200,0,0
2012-10-12,00:00:00,0.385,0.385,0.385,0.385,250000,96250,0,0
2012-10-15,00:00:00,0.390,0.390,0.385,0.390,370000,143900,0,0
2012-10-16,00:00:00,0.395,0.395,0.395,0.395,230000,90850,0,0
2012-10-17,00:00:00,0.395,0.395,0.395,0.395,220000,86900,0,0
2012-10-18,00:00:00,0.380,0.395,0.380,0.395,260000,98950,0,0
2012-10-24,00:00:00,0.395,0.395,0.380,0.395,350000,133700,0,0
2012-10-25,00:00:00,0.365,0.385,0.365,0.385,190000,69750,0,0
2012-10-26,00:00:00,0.415,0.415,0.370,0.380,710000,276450,0,0
2012-11-2,00:00:00,0.355,0.390,0.355,0.370,370000,135250,0,0
2012-11-6,00:00:00,0.355,0.410,0.355,0.385,690000,268150,0,0
2012-11-7,00:00:00,0.395,0.395,0.375,0.375,150000,58050,0,0
2012-11-8,00:00:00,0.380,0.400,0.375,0.380,390000,149400,0,0
2012-11-12,00:00:00,0.400,0.400,0.365,0.380,70000,26850,0,0
2012-11-13,00:00:00,0.365,0.375,0.365,0.370,50000,18550,0,0
2012-11-14,00:00:00,0.375,0.385,0.375,0.385,70000,26750,0,0
2012-11-23,00:00:00,0.355,0.365,0.355,0.365,80000,28500,0,0
2012-11-28,00:00:00,0.345,0.370,0.345,0.360,100000,35000,0,0
2012-11-29,00:00:00,0.330,0.360,0.330,0.355,310000,106800,0,0
2012-11-30,00:00:00,0.360,0.360,0.360,0.360,30000,10800,0,0
2012-12-3,00:00:00,0.335,0.360,0.335,0.360,60000,20350,0,0
2012-12-6,00:00:00,0.355,0.360,0.350,0.360,170000,59700,0,0
2012-12-10,00:00:00,0.350,0.350,0.350,0.350,100000,35000,0,0
2012-12-14,00:00:00,0.340,0.350,0.340,0.350,320000,110600,0,0
2012-12-19,00:00:00,0.350,0.355,0.350,0.355,20000,7050,0,0
2012-12-20,00:00:00,0.350,0.355,0.350,0.350,40000,14100,0,0
2012-12-28,00:00:00,0.350,0.360,0.350,0.360,270000,96250,0,0
2013-1-2,00:00:00,0.360,0.360,0.360,0.360,80000,28800,0,0
2013-1-3,00:00:00,0.365,0.365,0.365,0.365,200000,73000,0,0
2013-1-4,00:00:00,0.365,0.365,0.360,0.365,330000,120100,0,0
2013-1-7,00:00:00,0.355,0.355,0.355,0.365,40000,14200,0,0
2013-1-8,00:00:00,0.360,0.360,0.360,0.365,80000,29050,0,0
2013-1-9,00:00:00,0.355,0.355,0.355,0.365,10000,3550,0,0
2013-1-10,00:00:00,0.355,0.365,0.355,0.360,321000,115255,0,0
2013-1-11,00:00:00,0.360,0.360,0.360,0.360,10000,3600,0,0
2013-1-14,00:00:00,0.355,0.355,0.355,0.360,30000,10650,0,0
2013-1-15,00:00:00,0.360,0.365,0.360,0.365,400000,145500,0,0
2013-1-17,00:00:00,0.360,0.360,0.360,0.360,100000,36000,0,0
2013-1-18,00:00:00,0.355,0.355,0.355,0.355,150000,53250,0,0
2013-1-21,00:00:00,0.375,0.375,0.350,0.360,1350000,490200,0,0
2013-1-22,00:00:00,0.365,0.370,0.365,0.365,310000,113600,0,0
2013-1-23,00:00:00,0.360,0.370,0.360,0.370,310000,112300,0,0
2013-1-24,00:00:00,0.375,0.380,0.375,0.380,220000,83100,0,0
2013-1-25,00:00:00,0.365,0.365,0.365,0.380,20000,7300,0,0
2013-1-29,00:00:00,0.370,0.370,0.370,0.370,50000,18500,0,0
2013-1-30,00:00:00,0.370,0.370,0.370,0.370,30000,11100,0,0
2013-1-31,00:00:00,0.365,0.365,0.365,0.365,310000,113150,0,0
2013-2-1,00:00:00,0.355,0.355,0.355,0.360,90000,31950,0,0
2013-2-4,00:00:00,0.355,0.355,0.340,0.340,1300000,457650,0,0
2013-2-5,00:00:00,0.350,0.350,0.330,0.350,3060000,1037750,0,0
2013-2-6,00:00:00,0.350,0.350,0.350,0.350,20000,7000,0,0
2013-2-8,00:00:00,0.355,0.355,0.350,0.350,60000,21100,0,0
2013-2-15,00:00:00,0.335,0.350,0.335,0.360,20000,6850,0,0
2013-2-20,00:00:00,0.360,0.360,0.360,0.360,10000,3600,0,0
2013-2-21,00:00:00,0.355,0.355,0.345,0.345,30000,10550,0,0
2013-2-22,00:00:00,0.350,0.350,0.350,0.350,10000,3500,0,0
2013-2-27,00:00:00,0.310,0.345,0.310,0.345,110000,34850,0,0
2013-3-1,00:00:00,0.285,0.345,0.285,0.345,440000,138350,0,0
2013-3-4,00:00:00,0.320,0.335,0.320,0.335,310000,99350,0,0
2013-3-11,00:00:00,0.305,0.325,0.305,0.325,30000,9350,0,0
2013-3-12,00:00:00,0.280,0.325,0.280,0.320,1260000,383800,0,0
2013-3-13,00:00:00,0.320,0.335,0.290,0.315,1350000,423800,0,0
2013-3-14,00:00:00,0.320,0.325,0.320,0.325,460000,147850,0,0
2013-3-15,00:00:00,0.335,0.335,0.335,0.335,50000,16750,0,0
2013-3-18,00:00:00,0.340,0.345,0.340,0.340,330000,113500,0,0
2013-3-19,00:00:00,0.345,0.360,0.345,0.360,950000,336450,0,0
2013-3-20,00:00:00,0.365,0.365,0.360,0.365,50000,18200,0,0
2013-3-22,00:00:00,0.360,0.360,0.360,0.360,50000,18000,0,0
2013-3-25,00:00:00,0.355,0.355,0.355,0.355,30000,10650,0,0
2013-3-26,00:00:00,0.355,0.355,0.355,0.355,120000,42600,0,0
2013-4-2,00:00:00,0.320,0.320,0.320,0.320,10000,3200,0,0
2013-4-5,00:00:00,0.310,0.320,0.310,0.320,110000,34200,0,0
2013-4-9,00:00:00,0.300,0.320,0.300,0.320,430000,130950,0,0
2013-4-12,00:00:00,0.300,0.300,0.290,0.295,2480000,731600,0,0
2013-4-15,00:00:00,0.295,0.315,0.295,0.315,600000,177950,0,0
2013-4-16,00:00:00,0.310,0.320,0.305,0.315,840000,260100,0,0
2013-4-17,00:00:00,0.315,0.315,0.315,0.315,50000,15750,0,0
2013-4-18,00:00:00,0.295,0.305,0.295,0.295,1310000,386800,0,0
2013-4-19,00:00:00,0.295,0.310,0.290,0.295,480000,143400,0,0
2013-4-22,00:00:00,0.300,0.305,0.290,0.305,150000,44250,0,0
2013-4-23,00:00:00,0.300,0.305,0.300,0.305,20000,6050,0,0
2013-4-24,00:00:00,0.310,0.310,0.300,0.310,80000,24650,0,0
2013-4-25,00:00:00,0.295,0.295,0.295,0.295,20000,5900,0,0
2013-4-26,00:00:00,0.290,0.300,0.285,0.300,780000,225400,0,0
2013-5-3,00:00:00,0.290,0.290,0.290,0.290,10000,2900,0,0
2013-5-6,00:00:00,0.310,0.310,0.310,0.310,80000,24800,0,0
2013-5-7,00:00:00,0.315,0.315,0.315,0.315,10000,3150,0,0
2013-5-9,00:00:00,0.300,0.300,0.300,0.300,10000,3000,0,0
2013-5-10,00:00:00,0.290,0.300,0.290,0.300,20000,5900,0,0
2013-5-20,00:00:00,0.310,0.310,0.310,0.310,10000,3100,0,0
2013-5-22,00:00:00,0.290,0.305,0.290,0.305,110000,32050,0,0
2013-5-28,00:00:00,0.280,0.300,0.280,0.300,20000,5800,0,0
2013-5-31,00:00:00,0.280,0.300,0.280,0.300,60000,17600,0,0
2013-6-3,00:00:00,0.305,0.305,0.305,0.305,10000,3050,0,0
2013-6-5,00:00:00,0.300,0.300,0.300,0.295,70000,21000,0,0
2013-6-10,00:00:00,0.285,0.285,0.285,0.285,40000,11400,0,0
2013-6-11,00:00:00,0.295,0.305,0.290,0.300,1170000,346100,0,0
2013-6-13,00:00:00,0.285,0.305,0.280,0.305,1120000,332250,0,0
2013-6-14,00:00:00,0.305,0.305,0.305,0.305,20000,6100,0,0
2013-6-17,00:00:00,0.300,0.300,0.280,0.295,580000,167250,0,0
2013-6-18,00:00:00,0.300,0.300,0.300,0.300,10000,3000,0,0
2013-6-20,00:00:00,0.305,0.305,0.300,0.300,60000,18050,0,0
2013-6-21,00:00:00,0.280,0.300,0.280,0.295,1250000,364000,0,0
2013-6-24,00:00:00,0.300,0.300,0.285,0.295,400000,117300,0,0
2013-6-25,00:00:00,0.295,0.295,0.280,0.290,640000,187850,0,0
2013-6-26,00:00:00,0.295,0.300,0.295,0.295,130000,38550,0,0
2013-6-27,00:00:00,0.300,0.300,0.300,0.295,20000,6000,0,0
2013-6-28,00:00:00,0.295,0.295,0.295,0.295,50000,14750,0,0
2013-7-2,00:00:00,0.295,0.300,0.295,0.300,100000,29750,0,0
2013-7-3,00:00:00,0.300,0.300,0.290,0.300,130000,38550,0,0
2013-7-4,00:00:00,0.300,0.300,0.300,0.295,20000,6000,0,0
2013-7-5,00:00:00,0.300,0.300,0.300,0.295,10000,3000,0,0
2013-7-8,00:00:00,0.280,0.295,0.280,0.290,700000,197200,0,0
2013-7-10,00:00:00,0.280,0.315,0.280,0.315,1330000,392700,0,0
2013-7-11,00:00:00,0.315,0.315,0.285,0.305,1040000,310650,0,0
2013-7-12,00:00:00,0.310,0.310,0.310,0.305,50000,15500,0,0
2013-7-15,00:00:00,0.285,0.300,0.285,0.300,620000,182150,0,0
2013-7-16,00:00:00,0.300,0.300,0.300,0.300,50000,15000,0,0
2013-7-17,00:00:00,0.300,0.300,0.300,0.300,120000,36000,0,0
2013-7-19,00:00:00,0.295,0.295,0.295,0.295,100000,29500,0,0
2013-7-22,00:00:00,0.295,0.305,0.295,0.305,300000,89000,0,0
2013-7-23,00:00:00,0.290,0.295,0.290,0.295,60000,17450,0,0
2013-7-24,00:00:00,0.290,0.300,0.290,0.295,630000,186450,0,0
2013-7-25,00:00:00,0.285,0.300,0.285,0.300,390000,113850,0,0
2013-7-26,00:00:00,0.300,0.300,0.300,0.300,40000,12000,0,0
2013-7-30,00:00:00,0.300,0.300,0.300,0.300,10600,3180,0,0
2013-8-1,00:00:00,0.310,0.310,0.290,0.300,260000,77950,0,0
2013-8-2,00:00:00,0.300,0.300,0.300,0.300,130000,39000,0,0
2013-8-5,00:00:00,0.310,0.310,0.310,0.310,10000,3100,0,0
2013-8-6,00:00:00,0.305,0.305,0.300,0.300,230000,69850,0,0
2013-8-12,00:00:00,0.305,0.310,0.300,0.310,320000,97100,0,0
2013-8-13,00:00:00,0.290,0.305,0.290,0.300,130000,37950,0,0
2013-8-16,00:00:00,0.300,0.305,0.295,0.305,180000,53750,0,0
2013-8-19,00:00:00,0.300,0.300,0.300,0.300,40000,12000,0,0
2013-8-21,00:00:00,0.285,0.305,0.285,0.305,240000,71450,0,0
2013-8-28,00:00:00,0.290,0.300,0.290,0.300,340000,100950,0,0
2013-8-30,00:00:00,0.295,0.300,0.295,0.300,210000,62450,0,0
2013-9-2,00:00:00,0.295,0.295,0.285,0.295,690000,200750,0,0
2013-9-3,00:00:00,0.295,0.295,0.295,0.295,70000,20650,0,0
2013-9-5,00:00:00,0.295,0.300,0.295,0.300,160000,47700,0,0
2013-9-6,00:00:00,0.300,0.305,0.300,0.305,180000,54650,0,0
2013-9-9,00:00:00,0.300,0.300,0.300,0.300,110000,33000,0,0
2013-9-10,00:00:00,0.300,0.300,0.300,0.300,20000,6000,0,0
2013-9-11,00:00:00,0.300,0.300,0.295,0.300,300000,89000,0,0
2013-9-12,00:00:00,0.305,0.305,0.305,0.305,200000,61000,0,0
2013-9-13,00:00:00,0.305,0.305,0.305,0.305,200000,61000,0,0
2013-9-16,00:00:00,0.305,0.305,0.300,0.305,120000,36550,0,0
2013-9-18,00:00:00,0.305,0.305,0.305,0.305,150000,45750,0,0
2013-9-19,00:00:00,0.300,0.300,0.300,0.300,100000,30000,0,0
2013-9-24,00:00:00,0.290,0.300,0.290,0.300,710000,209050,0,0
2013-9-26,00:00:00,0.300,0.300,0.300,0.300,30000,9000,0,0
2013-9-27,00:00:00,0.290,0.300,0.290,0.300,40000,11750,0,0
2013-9-30,00:00:00,0.300,0.300,0.300,0.300,40000,12000,0,0
2013-10-2,00:00:00,0.295,0.295,0.295,0.295,20000,5900,0,0
2013-10-7,00:00:00,0.290,0.300,0.290,0.300,260000,76850,0,0
2013-10-8,00:00:00,0.305,0.310,0.305,0.305,200000,61050,0,0
2013-10-9,00:00:00,0.290,0.300,0.285,0.295,660000,192350,0,0
2013-10-10,00:00:00,0.290,0.295,0.290,0.295,440000,128350,0,0
2013-10-11,00:00:00,0.290,0.300,0.290,0.295,1110000,325000,0,0
2013-10-15,00:00:00,0.290,0.300,0.285,0.295,1050000,306950,0,0
2013-10-16,00:00:00,0.290,0.295,0.285,0.295,1520000,440750,0,0
2013-10-17,00:00:00,0.290,0.295,0.290,0.295,200000,58750,0,0
2013-10-18,00:00:00,0.300,0.330,0.300,0.310,970000,301300,0,0
2013-10-21,00:00:00,0.300,0.305,0.300,0.305,1510000,456850,0,0
2013-10-22,00:00:00,0.300,0.300,0.285,0.295,660000,193900,0,0
2013-10-23,00:00:00,0.295,0.300,0.295,0.300,370000,110350,0,0
2013-10-24,00:00:00,0.305,0.305,0.295,0.305,180000,53900,0,0
2013-10-29,00:00:00,0.310,0.315,0.305,0.315,780000,242200,0,0
2013-11-1,00:00:00,0.315,0.340,0.315,0.325,1150000,378800,0,0
2013-11-5,00:00:00,0.300,0.315,0.300,0.315,110000,33400,0,0
2013-11-6,00:00:00,0.310,0.315,0.310,0.315,70000,21950,0,0
2013-11-7,00:00:00,0.315,0.315,0.310,0.315,80000,25100,0,0
2013-11-11,00:00:00,0.315,0.320,0.315,0.320,480000,152200,0,0
2013-11-12,00:00:00,0.320,0.340,0.315,0.330,1250000,408300,0,0
2013-11-13,00:00:00,0.330,0.330,0.330,0.330,50000,16500,0,0
2013-11-15,00:00:00,0.320,0.330,0.320,0.330,160000,51350,0,0
2013-11-18,00:00:00,0.320,0.330,0.320,0.325,20000,6500,0,0
2013-11-19,00:00:00,0.320,0.320,0.320,0.320,200000,64000,0,0
2013-11-20,00:00:00,0.305,0.315,0.305,0.315,490000,150950,0,0
2013-11-22,00:00:00,0.310,0.310,0.290,0.295,760000,226200,12,0
2013-11-25,00:00:00,0.295,0.310,0.295,0.310,470000,139700,6,0
2013-11-26,00:00:00,0.300,0.310,0.300,0.310,310000,93800,3,0
2013-11-27,00:00:00,0.310,0.325,0.310,0.325,430000,137850,8,0
2013-11-29,00:00:00,0.320,0.330,0.320,0.325,470000,151600,8,0
2013-12-2,00:00:00,0.320,0.325,0.320,0.325,170000,54450,3,0
2013-12-3,00:00:00,0.305,0.325,0.305,0.325,290000,92600,10,0
2013-12-4,00:00:00,0.305,0.310,0.305,0.310,60000,18350,2,0
2013-12-5,00:00:00,0.315,0.325,0.310,0.325,200000,62600,5,0
2013-12-6,00:00:00,0.330,0.340,0.315,0.330,1120000,372400,18,0
2013-12-9,00:00:00,0.315,0.315,0.310,0.315,320000,100150,9,0
2013-12-10,00:00:00,0.320,0.330,0.310,0.320,360000,114200,11,0
2013-12-11,00:00:00,0.315,0.320,0.305,0.315,340000,106050,10,0
2013-12-12,00:00:00,0.315,0.320,0.315,0.320,250000,78800,5,0
2013-12-13,00:00:00,0.320,0.330,0.320,0.330,140000,45100,6,0
2013-12-16,00:00:00,0.310,0.325,0.310,0.325,210000,65750,5,0
2013-12-17,00:00:00,0.310,0.325,0.310,0.325,150000,48350,7,0
2013-12-18,00:00:00,0.325,0.325,0.325,0.325,70000,22750,1,0
2013-12-19,00:00:00,0.325,0.330,0.295,0.330,3360000,1036700,34,0
2013-12-20,00:00:00,0.330,0.340,0.330,0.335,1120000,375650,12,0
2013-12-23,00:00:00,0.335,0.335,0.335,0.335,30000,10050,1,0
2013-12-24,00:00:00,0.315,0.330,0.315,0.330,90000,28900,6,0
2013-12-27,00:00:00,0.315,0.330,0.310,0.330,160000,51450,9,0
2013-12-30,00:00:00,0.330,0.330,0.330,0.330,10000,3300,1,0
2013-12-31,00:00:00,0.315,0.330,0.315,0.330,170000,53800,7,0
2014-1-2,00:00:00,0.330,0.350,0.330,0.350,960000,324400,15,0
2014-1-3,00:00:00,0.355,0.360,0.335,0.360,570000,199250,11,0
2014-1-6,00:00:00,0.365,0.365,0.345,0.360,470000,167900,7,0
2014-1-7,00:00:00,0.355,0.370,0.355,0.365,570000,205650,16,0
2014-1-8,00:00:00,0.365,0.365,0.350,0.360,710000,251600,4,0
2014-1-9,00:00:00,0.355,0.425,0.355,0.405,3980000,1566450,65,0
2014-1-10,00:00:00,0.420,0.600,0.420,0.440,30965000,15731450,597,0
2014-1-13,00:00:00,0.410,0.410,0.350,0.385,7000000,2709350,138,0
2014-1-14,00:00:00,0.370,0.390,0.365,0.390,1330000,501350,30,0
2014-1-15,00:00:00,0.390,0.405,0.380,0.395,570000,225050,17,0
2014-1-16,00:00:00,0.395,0.395,0.365,0.390,930000,353450,25,0
2014-1-17,00:00:00,0.390,0.395,0.380,0.395,700000,272300,14,0
2014-1-20,00:00:00,0.380,0.395,0.380,0.385,1140000,438950,15,0
2014-1-21,00:00:00,0.380,0.380,0.365,0.375,1240000,463250,24,0
2014-1-22,00:00:00,0.375,0.375,0.340,0.370,690000,250100,19,0
2014-1-23,00:00:00,0.360,0.370,0.355,0.370,340000,121850,9,0
2014-1-24,00:00:00,0.355,0.370,0.355,0.370,290000,103350,6,0
2014-1-27,00:00:00,0.360,0.370,0.355,0.370,300000,107500,7,0
2014-1-28,00:00:00,0.360,0.380,0.360,0.380,1260000,466750,25,0
2014-1-29,00:00:00,0.385,0.385,0.370,0.380,630000,238800,9,0
2014-1-30,00:00:00,0.360,0.365,0.355,0.365,270000,96950,7,0
2014-2-4,00:00:00,0.340,0.340,0.325,0.340,1110000,372200,20,0
2014-2-5,00:00:00,0.320,0.340,0.320,0.340,295000,95900,8,0
2014-2-6,00:00:00,0.340,0.360,0.325,0.355,820000,278950,23,0
2014-2-7,00:00:00,0.355,0.355,0.340,0.355,310000,109450,10,0
2014-2-10,00:00:00,0.355,0.360,0.355,0.360,300000,107300,4,0
2014-2-11,00:00:00,0.365,0.370,0.360,0.370,230000,84450,5,0
2014-2-12,00:00:00,0.335,0.360,0.335,0.360,180000,61250,7,0
2014-2-13,00:00:00,0.350,0.360,0.350,0.355,530000,189600,3,0
2014-2-14,00:00:00,0.355,0.360,0.355,0.360,630000,224750,5,0
2014-2-17,00:00:00,0.350,0.360,0.340,0.360,6720000,2353550,36,0
2014-2-18,00:00:00,0.350,0.360,0.320,0.355,1580000,533650,26,0
2014-2-19,00:00:00,0.350,0.355,0.330,0.350,910000,311000,25,0
2014-2-20,00:00:00,0.340,0.340,0.335,0.335,300000,101250,5,0
2014-2-21,00:00:00,0.350,0.355,0.340,0.340,500000,175200,5,0
2014-2-24,00:00:00,0.340,0.340,0.325,0.325,320000,105800,8,0
2014-2-25,00:00:00,0.325,0.330,0.320,0.330,730000,237050,18,0
2014-2-26,00:00:00,0.335,0.335,0.320,0.330,410000,132350,13,0
2014-2-27,00:00:00,0.335,0.335,0.280,0.330,3140000,966000,53,0
2014-2-28,00:00:00,0.330,0.330,0.280,0.330,5600000,1716950,68,0
2014-3-3,00:00:00,0.330,0.335,0.330,0.330,550000,182000,11,0
2014-3-4,00:00:00,0.330,0.350,0.330,0.350,1190000,405200,18,0
2014-3-5,00:00:00,0.345,0.355,0.330,0.355,650000,225400,18,0
2014-3-6,00:00:00,0.350,0.355,0.340,0.355,930000,322850,18,0
2014-3-7,00:00:00,0.355,0.365,0.345,0.360,170000,60950,7,0
2014-3-10,00:00:00,0.360,0.370,0.355,0.370,1350000,491950,31,0
2014-3-11,00:00:00,0.370,0.425,0.370,0.420,5920000,2382450,88,0
2014-3-12,00:00:00,0.425,0.465,0.395,0.405,4640000,1973050,107,0
2014-3-13,00:00:00,0.390,0.415,0.390,0.410,220000,87050,9,0
2014-3-14,00:00:00,0.400,0.410,0.370,0.410,560000,219650,18,0
2014-3-17,00:00:00,0.385,0.410,0.385,0.410,530000,208600,17,0
2014-3-18,00:00:00,0.410,0.410,0.395,0.405,280000,113050,7,0
2014-3-19,00:00:00,0.380,0.405,0.380,0.405,200000,78250,9,0
2014-3-20,00:00:00,0.380,0.390,0.340,0.390,1780000,644450,28,0
2014-3-21,00:00:00,0.385,0.390,0.385,0.390,40000,15450,2,0
2014-3-25,00:00:00,0.385,0.390,0.385,0.390,30000,11600,2,0
2014-3-26,00:00:00,0.365,0.390,0.365,0.390,260000,97100,14,0
2014-3-27,00:00:00,0.365,0.385,0.365,0.375,160000,59450,7,0
2014-3-28,00:00:00,0.360,0.385,0.350,0.385,2290000,863900,37,0
2014-3-31,00:00:00,0.390,0.405,0.385,0.400,1050000,417900,20,0
2014-4-1,00:00:00,0.395,0.420,0.395,0.405,3830000,1542600,14,0
2014-4-2,00:00:00,0.410,0.410,0.400,0.405,280000,114550,5,0
2014-4-3,00:00:00,0.405,0.405,0.405,0.405,60000,24300,3,0
2014-4-8,00:00:00,0.400,0.410,0.400,0.405,60000,24300,4,0
2014-4-9,00:00:00,0.390,0.400,0.390,0.400,120000,47200,6,0
2014-4-10,00:00:00,0.385,0.400,0.385,0.400,90000,34800,3,0
2014-4-11,00:00:00,0.410,0.410,0.390,0.400,80000,31750,6,0
2014-4-16,00:00:00,0.395,0.400,0.395,0.400,30000,11900,2,0
2014-4-22,00:00:00,0.400,0.410,0.400,0.410,410000,166450,4,0
2014-4-23,00:00:00,0.415,0.415,0.415,0.415,100000,41500,1,0
2014-4-24,00:00:00,0.420,0.430,0.420,0.430,8610000,3577300,8,0
2014-4-25,00:00:00,0.435,0.435,0.430,0.435,30000,13000,3,0
2014-4-28,00:00:00,0.400,0.420,0.325,0.355,3220000,1142350,58,0
2014-4-29,00:00:00,0.355,0.360,0.325,0.355,420000,143900,22,0
2014-4-30,00:00:00,0.355,0.365,0.355,0.360,360000,130600,11,0
2014-5-5,00:00:00,0.355,0.360,0.350,0.360,60000,21350,5,0
2014-5-7,00:00:00,0.340,0.355,0.335,0.355,140000,48200,11,0
2014-5-8,00:00:00,0.355,0.360,0.355,0.360,40000,14250,3,0
2014-5-9,00:00:00,0.340,0.355,0.340,0.355,340000,116850,9,0
2014-5-12,00:00:00,0.340,0.355,0.320,0.355,380000,126300,16,0
2014-5-13,00:00:00,0.335,0.355,0.335,0.355,550000,188800,14,0
2014-5-14,00:00:00,0.350,0.355,0.350,0.355,110000,38550,3,0
2014-5-16,00:00:00,0.350,0.360,0.350,0.360,120000,42350,11,0
2014-5-20,00:00:00,0.340,0.355,0.340,0.355,430000,147900,5,0
2014-5-26,00:00:00,0.355,0.360,0.355,0.355,480000,170650,8,0
2014-5-27,00:00:00,0.360,0.360,0.360,0.360,120000,42100,2,0
2014-5-28,00:00:00,0.360,0.370,0.360,0.370,20000,7300,2,0
2014-5-30,00:00:00,0.355,0.375,0.355,0.375,70000,25050,2,0
2014-6-3,00:00:00,0.360,0.380,0.360,0.380,60000,22250,4,0
2014-6-4,00:00:00,0.365,0.375,0.350,0.370,220000,79750,13,0
2014-6-6,00:00:00,0.370,0.370,0.370,0.370,100000,37000,1,0
2014-6-9,00:00:00,0.355,0.370,0.355,0.365,160000,56950,2,0
2014-6-10,00:00:00,0.355,0.370,0.355,0.370,60000,21450,2,0
2014-6-12,00:00:00,0.350,0.400,0.340,0.390,2320000,858200,30,0
2014-6-13,00:00:00,0.365,0.390,0.365,0.390,110000,40400,2,0
2014-6-16,00:00:00,0.355,0.390,0.355,0.390,130000,48600,7,0
2014-6-17,00:00:00,0.395,0.395,0.370,0.380,540000,205000,18,0
2014-6-18,00:00:00,0.365,0.385,0.360,0.385,310000,114300,11,0
2014-6-19,00:00:00,0.365,0.375,0.360,0.375,300000,109350,6,0
2014-6-20,00:00:00,0.375,0.385,0.375,0.385,210000,80150,3,0
2014-6-23,00:00:00,0.385,0.390,0.385,0.385,100000,38700,2,0
2014-6-24,00:00:00,0.365,0.380,0.360,0.375,210000,77100,6,0
2014-6-25,00:00:00,0.380,0.380,0.380,0.375,10000,3800,1,0
2014-6-26,00:00:00,0.355,0.385,0.350,0.385,750000,276950,13,0
2014-6-27,00:00:00,0.390,0.390,0.360,0.375,200000,73900,7,0
2014-6-30,00:00:00,0.385,0.385,0.370,0.370,40000,15000,3,0
2014-7-2,00:00:00,0.375,0.380,0.350,0.370,370000,133900,11,0
2014-7-3,00:00:00,0.375,0.375,0.350,0.365,190000,68150,9,0
2014-7-4,00:00:00,0.350,0.370,0.350,0.370,80000,28850,7,0
2014-7-7,00:00:00,0.350,0.360,0.335,0.340,1390000,474850,30,0
2014-7-8,00:00:00,0.330,0.340,0.325,0.340,260000,86050,8,0
2014-7-11,00:00:00,0.340,0.340,0.330,0.340,400000,135550,11,0
2014-7-14,00:00:00,0.345,0.360,0.345,0.360,1110000,387250,8,0
2014-7-15,00:00:00,0.365,0.365,0.365,0.360,10000,3650,1,0
2014-7-16,00:00:00,0.365,0.365,0.365,0.365,110000,40150,2,0
2014-7-17,00:00:00,0.345,0.365,0.340,0.365,230000,79600,7,0
2014-7-18,00:00:00,0.345,0.345,0.330,0.335,560000,190250,11,0
2014-7-21,00:00:00,0.315,0.335,0.300,0.335,1491000,467315,18,0
2014-7-23,00:00:00,0.335,0.340,0.335,0.340,230000,77900,2,0
2014-7-25,00:00:00,0.340,0.355,0.340,0.355,340000,117100,5,0
2014-7-28,00:00:00,0.355,0.355,0.345,0.345,90000,31650,4,0
2014-7-29,00:00:00,0.330,0.330,0.325,0.330,260000,85700,5,0
2014-7-30,00:00:00,0.340,0.355,0.340,0.355,290000,100850,7,0
2014-7-31,00:00:00,0.355,0.375,0.355,0.370,1960000,715200,25,0
2014-8-6,00:00:00,0.355,0.375,0.355,0.355,350000,127200,8,0
2014-8-7,00:00:00,0.355,0.355,0.355,0.355,10000,3550,1,0
2014-8-12,00:00:00,0.375,0.380,0.360,0.360,540000,203450,8,0
2014-8-14,00:00:00,0.370,0.370,0.350,0.355,370000,130900,6,0
2014-8-15,00:00:00,0.355,0.375,0.355,0.375,350000,129550,7,0
2014-8-18,00:00:00,0.375,0.375,0.375,0.375,120000,45000,2,0
2014-8-19,00:00:00,0.375,0.430,0.375,0.420,2840000,1119850,40,0
2014-8-20,00:00:00,0.415,0.415,0.415,0.415,90000,37350,2,0
2014-8-21,00:00:00,0.415,0.420,0.410,0.410,880000,365450,18,0
2014-8-25,00:00:00,0.410,0.410,0.410,0.410,220000,90200,3,0
2014-8-28,00:00:00,0.400,0.400,0.390,0.390,190000,74600,3,0
2014-8-29,00:00:00,0.390,0.400,0.380,0.400,370000,143400,8,0
2014-9-1,00:00:00,0.400,0.400,0.400,0.400,350000,140000,4,0
2014-9-2,00:00:00,0.400,0.400,0.400,0.400,200000,80000,2,0
2014-9-3,00:00:00,0.400,0.400,0.400,0.400,50000,19200,2,0
2014-9-4,00:00:00,0.410,0.410,0.385,0.400,660000,262700,7,0
2014-9-5,00:00:00,0.390,0.390,0.390,0.390,200000,78000,1,0
2014-9-11,00:00:00,0.385,0.385,0.370,0.375,290000,108850,6,0
2014-9-16,00:00:00,0.400,0.400,0.400,0.400,60000,24000,1,0
2014-9-17,00:00:00,0.390,0.400,0.385,0.385,350000,136300,5,0
2014-9-19,00:00:00,0.390,0.390,0.370,0.380,320000,124150,4,0
2014-9-22,00:00:00,0.380,0.380,0.380,0.380,100000,38000,1,0
2014-9-24,00:00:00,0.385,0.390,0.370,0.385,620000,234000,11,0
2014-9-26,00:00:00,0.380,0.380,0.365,0.380,2310000,857600,13,0
2014-9-29,00:00:00,0.365,0.375,0.365,0.375,150000,55050,3,0
2014-9-30,00:00:00,0.375,0.375,0.370,0.370,130000,48150,4,0
2014-10-7,00:00:00,0.410,0.410,0.410,0.395,120000,45200,2,0
2014-10-8,00:00:00,0.385,0.395,0.385,0.390,260000,102000,4,0
2014-10-9,00:00:00,0.370,0.380,0.370,0.370,260000,96500,4,0
2014-10-10,00:00:00,0.370,0.370,0.370,0.370,30000,11100,1,0
2014-10-16,00:00:00,0.370,0.370,0.350,0.350,1280000,453450,12,0
2014-10-17,00:00:00,0.345,0.350,0.335,0.345,540000,183850,8,0
2014-10-21,00:00:00,0.360,0.360,0.335,0.335,630000,215150,5,0
2014-10-22,00:00:00,0.335,0.335,0.320,0.335,730000,242650,8,0
2014-10-24,00:00:00,0.335,0.345,0.335,0.345,200000,67200,3,0
2014-10-27,00:00:00,0.345,0.345,0.345,0.345,40000,13800,1,0
2014-10-28,00:00:00,0.340,0.350,0.330,0.350,260000,87600,7,0
2014-10-29,00:00:00,0.350,0.350,0.330,0.335,120000,40000,5,0
2014-10-31,00:00:00,0.335,0.350,0.335,0.350,310000,104000,3,0
2014-11-4,00:00:00,0.330,0.330,0.330,0.330,30000,9900,1,0
2014-11-6,00:00:00,0.320,0.330,0.320,0.320,390000,124900,3,0
2014-11-7,00:00:00,0.305,0.335,0.305,0.320,430000,131850,8,0
2014-11-10,00:00:00,0.320,0.330,0.320,0.330,110000,35300,2,0
2014-11-11,00:00:00,0.330,0.330,0.330,0.330,170000,56100,2,0
2014-11-12,00:00:00,0.340,0.340,0.340,0.340,410000,139400,7,0
2014-11-13,00:00:00,0.330,0.330,0.320,0.320,250000,81300,3,0
2014-11-17,00:00:00,0.310,0.330,0.305,0.330,60000,18700,4,0
2014-11-19,00:00:00,0.330,0.330,0.330,0.330,100000,33000,2,0
2014-11-20,00:00:00,0.330,0.330,0.330,0.330,90000,29700,1,0
2014-11-21,00:00:00,0.330,0.350,0.320,0.350,1080000,367600,10,0
2014-11-24,00:00:00,0.325,0.335,0.320,0.335,350000,116800,5,0
2014-11-25,00:00:00,0.330,0.330,0.320,0.320,420000,135950,6,0
2014-11-26,00:00:00,0.310,0.320,0.310,0.320,570000,182100,7,0
2014-11-27,00:00:00,0.320,0.320,0.305,0.315,350000,109000,4,0
2014-11-28,00:00:00,0.315,0.315,0.315,0.315,50000,15750,1,0
2014-12-1,00:00:00,0.315,0.360,0.315,0.340,980000,329500,18,0
2014-12-2,00:00:00,0.340,0.360,0.340,0.360,2020000,690150,8,0
2014-12-3,00:00:00,0.350,0.360,0.340,0.360,840000,298500,8,0
2014-12-4,00:00:00,0.340,0.355,0.335,0.345,580000,200600,10,0
2014-12-5,00:00:00,0.345,0.345,0.330,0.340,80000,27150,2,0
2014-12-8,00:00:00,0.340,0.360,0.340,0.350,1900000,673100,22,0
2014-12-9,00:00:00,0.350,0.350,0.340,0.340,1020000,351900,6,0
2014-12-10,00:00:00,0.340,0.340,0.335,0.340,2540000,863300,10,0
2014-12-11,00:00:00,0.330,0.330,0.330,0.340,200000,66000,2,0
2014-12-12,00:00:00,0.355,0.365,0.355,0.365,840000,304500,9,0
2014-12-15,00:00:00,0.360,0.380,0.360,0.380,1070000,396500,11,0
2014-12-16,00:00:00,0.365,0.375,0.360,0.375,290000,107200,6,0
2014-12-17,00:00:00,0.385,0.390,0.385,0.385,520000,202050,9,0
2014-12-18,00:00:00,0.390,0.400,0.385,0.390,740000,291000,20,0
2014-12-19,00:00:00,0.400,0.415,0.390,0.400,1320000,531250,23,0
2014-12-23,00:00:00,0.385,0.385,0.370,0.370,90000,34050,2,0
2014-12-24,00:00:00,0.370,0.370,0.370,0.370,170000,62900,2,0
2014-12-29,00:00:00,0.380,0.390,0.370,0.390,410000,153900,5,0
2014-12-31,00:00:00,0.370,0.370,0.370,0.370,10000,3700,0,0
2015-1-5,00:00:00,0.345,0.370,0.345,0.370,90000,32300,4,0
2015-1-7,00:00:00,0.390,0.400,0.380,0.390,460000,181600,11,0
2015-1-8,00:00:00,0.370,0.395,0.370,0.395,210000,80350,5,0
2015-1-9,00:00:00,0.400,0.410,0.380,0.385,1200000,474100,16,0
2015-1-13,00:00:00,0.390,0.405,0.385,0.405,610000,242450,9,0
2015-1-14,00:00:00,0.395,0.395,0.385,0.385,210000,81600,3,0
2015-1-16,00:00:00,0.375,0.375,0.375,0.375,200000,75000,1,0
2015-1-19,00:00:00,0.375,0.375,0.375,0.375,10000,3750,1,0
2015-1-20,00:00:00,0.385,0.405,0.380,0.380,580000,232700,11,0
2015-1-21,00:00:00,0.380,0.380,0.380,0.380,10000,3800,1,0
2015-1-22,00:00:00,0.380,0.395,0.375,0.395,350000,132650,7,0
2015-1-23,00:00:00,0.380,0.395,0.370,0.395,490000,184350,9,0
2015-1-26,00:00:00,0.370,0.385,0.370,0.370,300000,112350,8,0
2015-1-28,00:00:00,0.355,0.380,0.355,0.380,310000,111950,6,0
2015-1-29,00:00:00,0.370,0.380,0.365,0.380,240000,88850,4,0
2015-2-3,00:00:00,0.360,0.390,0.355,0.375,210000,78250,16,0
2015-2-5,00:00:00,0.360,0.375,0.350,0.365,510000,183900,30,0
2015-2-6,00:00:00,0.370,0.370,0.370,0.370,20000,7400,1,0
2015-2-9,00:00:00,0.360,0.360,0.360,0.360,20000,7200,1,0
2015-2-10,00:00:00,0.350,0.365,0.350,0.365,500000,178550,10,0
2015-2-11,00:00:00,0.360,0.360,0.345,0.355,190000,67550,11,0
2015-2-12,00:00:00,0.355,0.355,0.355,0.355,170000,60350,2,0
2015-2-13,00:00:00,0.350,0.365,0.350,0.360,440000,158800,4,0
2015-2-16,00:00:00,0.360,0.375,0.360,0.375,160000,59300,6,0
2015-2-25,00:00:00,0.360,0.360,0.360,0.360,200000,72000,2,0
2015-2-26,00:00:00,0.355,0.355,0.355,0.355,20000,7100,2,0
2015-2-27,00:00:00,0.355,0.355,0.335,0.350,660000,229800,9,0
2015-3-2,00:00:00,0.345,0.345,0.340,0.340,270000,92650,4,0
2015-3-3,00:00:00,0.340,0.340,0.340,0.340,200000,68000,2,0
2015-3-5,00:00:00,0.350,0.350,0.350,0.350,160000,56000,3,0
2015-3-6,00:00:00,0.330,0.340,0.330,0.340,50000,16900,3,0
2015-3-9,00:00:00,0.340,0.340,0.340,0.340,30000,10200,1,0
2015-3-12,00:00:00,0.335,0.335,0.335,0.335,80000,26800,1,0
2015-3-13,00:00:00,0.325,0.360,0.310,0.360,480000,158800,10,0
2015-3-16,00:00:00,0.340,0.340,0.340,0.340,210000,71400,4,0
2015-3-17,00:00:00,0.335,0.335,0.330,0.330,290000,96150,6,0
2015-3-19,00:00:00,0.325,0.325,0.315,0.315,330000,106500,7,0
2015-3-23,00:00:00,0.320,0.320,0.315,0.320,410000,130950,5,0
2015-3-25,00:00:00,0.315,0.315,0.305,0.315,640000,199150,13,0
2015-3-30,00:00:00,0.300,0.320,0.290,0.300,1750000,526850,18,0
2015-3-31,00:00:00,0.305,0.310,0.305,0.310,120000,36850,2,0
2015-4-1,00:00:00,0.295,0.305,0.290,0.295,340000,99600,8,0
2015-4-2,00:00:00,0.310,0.320,0.305,0.310,410000,127250,8,0
2015-4-8,00:00:00,0.315,0.315,0.295,0.295,3980000,1198650,34,0
2015-4-9,00:00:00,0.295,0.325,0.295,0.315,5320000,1598650,37,0
2015-4-10,00:00:00,0.320,0.320,0.295,0.300,3330000,1010150,34,0
2015-4-13,00:00:00,0.300,0.315,0.300,0.310,1070000,330300,11,0
2015-4-14,00:00:00,0.325,0.340,0.310,0.310,3020000,978850,30,0
2015-4-15,00:00:00,0.325,0.330,0.315,0.315,3590000,1149150,23,0
2015-4-16,00:00:00,0.315,0.325,0.300,0.305,4100000,1272150,23,0
2015-4-17,00:00:00,0.305,0.305,0.290,0.295,7810000,2307600,34,0
2015-4-20,00:00:00,0.300,0.300,0.290,0.295,2010000,591600,14,0
2015-4-21,00:00:00,0.300,0.300,0.285,0.290,4450000,1297500,33,0
2015-4-22,00:00:00,0.295,0.305,0.295,0.305,7980000,2424850,32,0
2015-4-23,00:00:00,0.310,0.335,0.310,0.320,5730000,1837300,63,0
2015-4-24,00:00:00,0.320,0.320,0.305,0.315,14230000,4391350,34,0
2015-4-27,00:00:00,0.315,0.350,0.315,0.335,6770000,2289300,67,0
2015-4-28,00:00:00,0.335,0.335,0.320,0.330,1790000,578700,17,0
2015-4-29,00:00:00,0.335,0.335,0.320,0.335,3050000,1003800,28,0
2015-4-30,00:00:00,0.335,0.335,0.325,0.325,2300000,758800,20,0
2015-5-4,00:00:00,0.330,0.380,0.330,0.365,7580000,2711950,69,0
2015-5-5,00:00:00,0.370,0.390,0.340,0.360,4840000,1748050,48,0
2015-5-6,00:00:00,0.360,0.360,0.345,0.350,1430000,503550,20,0
2015-5-7,00:00:00,0.335,0.340,0.335,0.340,770000,259050,7,0
2015-5-8,00:00:00,0.340,0.340,0.330,0.340,420000,141050,8,0
2015-5-11,00:00:00,0.345,0.345,0.330,0.335,620000,207150,9,0
2015-5-12,00:00:00,0.335,0.335,0.330,0.330,500000,166000,3,0
2015-5-13,00:00:00,0.325,0.330,0.315,0.330,490000,157350,6,0
2015-5-14,00:00:00,0.330,0.330,0.325,0.325,1570000,514750,12,0
2015-5-15,00:00:00,0.330,0.330,0.330,0.330,700000,231000,8,0
2015-5-18,00:00:00,0.335,0.335,0.330,0.330,1490000,495400,6,0
2015-5-19,00:00:00,0.325,0.330,0.320,0.330,2590000,846100,15,0
2015-5-20,00:00:00,0.330,0.330,0.320,0.330,8360000,2753950,16,0
2015-5-21,00:00:00,0.330,0.370,0.330,0.365,18640000,6557600,108,0
2015-5-22,00:00:00,0.375,0.375,0.350,0.360,6510000,2331750,33,0
2015-5-26,00:00:00,0.370,0.380,0.340,0.360,14340000,5073950,60,0
2015-5-27,00:00:00,0.360,0.370,0.355,0.370,6770000,2457950,40,0
2015-5-28,00:00:00,0.370,0.480,0.370,0.440,33020000,14177200,434,0
2015-5-29,00:00:00,0.445,0.445,0.405,0.440,5710000,2437250,76,0
2015-6-1,00:00:00,0.445,0.490,0.425,0.440,6300000,2781850,66,0
2015-6-2,00:00:00,0.425,0.450,0.425,0.440,1000000,438900,21,0
2015-6-3,00:00:00,0.435,0.440,0.420,0.425,2550000,1090800,28,0
2015-6-4,00:00:00,0.425,0.435,0.380,0.415,7490000,3072900,84,0
2015-6-5,00:00:00,0.405,0.405,0.385,0.400,4960000,1938200,48,0
2015-6-8,00:00:00,0.390,0.495,0.390,0.460,8560000,3791700,126,0
2015-6-9,00:00:00,0.475,0.480,0.410,0.430,3300000,1466500,58,0
2015-6-10,00:00:00,0.430,0.435,0.420,0.420,1380000,589100,27,0
2015-6-11,00:00:00,0.435,0.445,0.410,0.440,1050000,444000,19,0
2015-6-12,00:00:00,0.440,0.455,0.430,0.445,1610000,715700,20,0
2015-6-15,00:00:00,0.430,0.435,0.420,0.425,1070000,455800,15,0
2015-6-16,00:00:00,0.410,0.420,0.410,0.420,510000,209600,7,0
2015-6-17,00:00:00,0.400,0.420,0.400,0.420,490000,201600,8,0
2015-6-18,00:00:00,0.420,0.420,0.415,0.420,660000,275950,10,0
2015-6-19,00:00:00,0.420,0.430,0.410,0.410,1160000,488200,17,0
2015-6-22,00:00:00,0.410,0.420,0.410,0.420,739900,306464,10,0
2015-6-23,00:00:00,0.410,0.430,0.400,0.415,710000,290250,12,0
2015-6-24,00:00:00,0.420,0.430,0.415,0.420,510000,214400,9,0
2015-6-25,00:00:00,0.430,0.430,0.415,0.430,910000,386950,12,0
2015-6-26,00:00:00,0.425,0.430,0.420,0.420,710000,300800,5,0
2015-6-29,00:00:00,0.420,0.420,0.370,0.390,3640000,1420300,27,0
2015-6-30,00:00:00,0.390,0.390,0.390,0.390,190000,74100,3,0
2015-7-2,00:00:00,0.370,0.420,0.365,0.420,170000,63900,6,0
2015-7-3,00:00:00,0.410,0.410,0.345,0.370,2800000,1049650,21,0
2015-7-6,00:00:00,0.350,0.350,0.280,0.305,6480000,1918550,62,0
2015-7-7,00:00:00,0.310,0.320,0.290,0.320,3520000,1056150,35,0
2015-7-8,00:00:00,0.290,0.305,0.250,0.305,11810000,3344050,52,0
2015-7-9,00:00:00,0.305,0.340,0.305,0.330,840000,262600,16,0
2015-7-10,00:00:00,0.350,0.360,0.335,0.335,440000,151550,12,0
2015-7-13,00:00:00,0.350,0.350,0.330,0.350,170000,57000,4,0
2015-7-14,00:00:00,0.335,0.350,0.330,0.330,640000,216300,10,0
2015-7-15,00:00:00,0.335,0.335,0.330,0.330,1040000,344100,3,0
2015-7-16,00:00:00,0.330,0.335,0.330,0.335,560000,185300,6,0
2015-7-17,00:00:00,0.340,0.350,0.340,0.350,330000,115200,6,0
2015-7-20,00:00:00,0.350,0.350,0.350,0.350,570000,199500,4,0
2015-7-21,00:00:00,0.330,0.375,0.315,0.370,1480000,512250,17,0
2015-7-22,00:00:00,0.380,0.390,0.365,0.370,1410000,529350,26,0
2015-7-23,00:00:00,0.360,0.365,0.360,0.365,400000,145200,4,0
2015-7-24,00:00:00,0.355,0.360,0.355,0.360,130000,46650,2,0
2015-7-27,00:00:00,0.350,0.350,0.320,0.330,2470000,818700,15,0
2015-7-28,00:00:00,0.320,0.345,0.320,0.345,1360000,453550,7,0
2015-7-29,00:00:00,0.345,0.345,0.345,0.345,350000,120750,7,0
2015-7-30,00:00:00,0.335,0.335,0.335,0.345,30000,10250,2,0
2015-7-31,00:00:00,0.345,0.345,0.340,0.345,840000,288000,4,0
2015-8-3,00:00:00,0.350,0.350,0.350,0.350,30000,10500,2,0
2015-8-4,00:00:00,0.350,0.350,0.320,0.335,830000,273350,13,0
2015-8-5,00:00:00,0.360,0.360,0.325,0.335,260000,84950,5,0
2015-8-6,00:00:00,0.335,0.350,0.330,0.335,880000,297050,11,0
2015-8-7,00:00:00,0.335,0.350,0.335,0.350,60000,20250,2,0
2015-8-10,00:00:00,0.325,0.340,0.325,0.340,170000,55500,3,0
2015-8-12,00:00:00,0.330,0.330,0.330,0.330,100000,33000,1,0
2015-8-13,00:00:00,0.330,0.330,0.320,0.320,200000,64200,2,0
2015-8-14,00:00:00,0.300,0.310,0.300,0.300,650000,195850,9,0
2015-8-17,00:00:00,0.310,0.315,0.300,0.315,1410000,435950,14,0
2015-8-18,00:00:00,0.300,0.300,0.300,0.305,360000,108000,4,0
2015-8-19,00:00:00,0.300,0.305,0.300,0.305,60000,18250,2,0
2015-8-21,00:00:00,0.285,0.300,0.280,0.295,680000,195100,15,0
2015-8-24,00:00:00,0.280,0.290,0.265,0.290,1260000,342050,18,0
2015-8-25,00:00:00,0.290,0.310,0.280,0.310,9110000,2692450,19,0
2015-8-26,00:00:00,0.310,0.310,0.295,0.300,150000,46100,4,0
2015-8-27,00:00:00,0.320,0.340,0.290,0.335,1690000,536200,16,0
2015-8-28,00:00:00,0.310,0.320,0.310,0.320,1450000,452500,4,0
2015-9-1,00:00:00,0.310,0.310,0.310,0.310,20000,6200,1,0
2015-9-4,00:00:00,0.310,0.310,0.290,0.290,460000,141600,3,0
2015-9-7,00:00:00,0.310,0.320,0.310,0.320,790000,250150,3,0
2015-9-8,00:00:00,0.320,0.325,0.300,0.320,410000,127700,5,0
2015-9-9,00:00:00,0.320,0.320,0.320,0.320,10000,3200,1,0
2015-9-10,00:00:00,0.310,0.315,0.300,0.310,610000,186650,10,0
2015-9-11,00:00:00,0.305,0.310,0.300,0.310,1410000,428250,11,0
2015-9-14,00:00:00,0.310,0.310,0.300,0.300,370000,112300,6,0
2015-9-15,00:00:00,0.305,0.305,0.300,0.300,230000,70050,4,0
2015-9-17,00:00:00,0.300,0.310,0.300,0.310,90000,27800,2,0
2015-9-21,00:00:00,0.310,0.315,0.300,0.300,2090000,630950,7,0
2015-9-22,00:00:00,0.300,0.315,0.300,0.315,560000,171750,5,0
2015-9-23,00:00:00,0.315,0.315,0.315,0.315,150000,45750,2,0
2015-9-24,00:00:00,0.315,0.315,0.300,0.300,160000,49800,4,0
2015-9-25,00:00:00,0.310,0.310,0.310,0.310,50000,15500,1,0
2015-9-29,00:00:00,0.300,0.310,0.300,0.310,1210000,365100,3,0
2015-9-30,00:00:00,0.300,0.320,0.300,0.320,830000,260750,6,0
2015-10-2,00:00:00,0.305,0.310,0.305,0.305,450000,137350,7,0
2015-10-5,00:00:00,0.305,0.305,0.305,0.305,50000,15250,2,0
2015-10-6,00:00:00,0.310,0.320,0.310,0.320,460000,144050,10,0
2015-10-7,00:00:00,0.315,0.315,0.305,0.305,950000,294900,16,0
2015-10-12,00:00:00,0.320,0.330,0.310,0.320,740000,235800,13,0
2015-10-13,00:00:00,0.305,0.310,0.305,0.310,310000,94600,2,0
2015-10-14,00:00:00,0.300,0.300,0.300,0.300,200000,60000,1,0
2015-10-15,00:00:00,0.300,0.310,0.300,0.310,160000,48700,6,0
2015-10-16,00:00:00,0.320,0.360,0.310,0.315,740000,233900,20,0
2015-10-19,00:00:00,0.315,0.330,0.315,0.315,150000,47650,6,0
2015-10-20,00:00:00,0.335,0.335,0.305,0.325,970000,313550,10,0
2015-10-22,00:00:00,0.310,0.320,0.300,0.310,2150000,654700,19,0
2015-10-23,00:00:00,0.320,0.320,0.310,0.310,540000,167700,6,0
2015-10-26,00:00:00,0.315,0.365,0.315,0.315,470000,149750,14,0
2015-10-27,00:00:00,0.325,0.325,0.325,0.325,10000,3250,1,0
2015-10-28,00:00:00,0.315,0.325,0.315,0.325,100000,31600,3,0
2015-10-30,00:00:00,0.310,0.315,0.310,0.315,440000,136950,7,0
2015-11-2,00:00:00,0.315,0.335,0.305,0.315,670000,210900,7,0
2015-11-4,00:00:00,0.320,0.325,0.310,0.310,120000,37450,3,0
2015-11-5,00:00:00,0.305,0.310,0.300,0.310,220000,66200,4,0
2015-11-6,00:00:00,0.305,0.315,0.305,0.315,330000,101150,8,0
2015-11-10,00:00:00,0.310,0.310,0.310,0.310,60000,18600,1,0
2015-11-11,00:00:00,0.300,0.300,0.295,0.300,1050000,310050,14,0
2015-11-13,00:00:00,0.300,0.300,0.290,0.295,160000,46950,3,0
2015-11-16,00:00:00,0.280,0.290,0.275,0.280,1090000,305400,27,0
2015-11-17,00:00:00,0.280,0.280,0.280,0.280,150000,42000,1,0
2015-11-18,00:00:00,0.285,0.300,0.285,0.295,290000,83300,5,0
2015-11-19,00:00:00,0.300,0.300,0.300,0.300,140000,42100,3,0
2015-11-20,00:00:00,0.315,0.315,0.300,0.305,450000,137850,6,0
2015-11-23,00:00:00,0.315,0.320,0.295,0.320,500000,153100,13,0
2015-11-24,00:00:00,0.320,0.320,0.295,0.320,140000,44350,7,0
2015-11-25,00:00:00,0.305,0.315,0.300,0.310,510000,156950,8,0
2015-11-26,00:00:00,0.315,0.320,0.300,0.305,1680000,508350,0,0
2015-11-27,00:00:00,0.305,0.305,0.300,0.305,320000,97500,3,0
2015-11-30,00:00:00,0.305,0.320,0.305,0.315,60000,18600,2,0
2015-12-1,00:00:00,0.315,0.315,0.300,0.310,230000,71350,6,0
2015-12-2,00:00:00,0.300,0.315,0.300,0.310,180000,54450,7,0
2015-12-3,00:00:00,0.300,0.305,0.300,0.305,150000,45300,3,0
2015-12-4,00:00:00,0.290,0.300,0.290,0.300,1290000,385450,8,0
2015-12-8,00:00:00,0.290,0.320,0.285,0.320,880000,264800,14,0
2015-12-9,00:00:00,0.305,0.340,0.305,0.340,1690000,541850,20,0
2015-12-11,00:00:00,0.325,0.330,0.295,0.295,1520000,484950,13,0
2015-12-14,00:00:00,0.315,0.330,0.295,0.305,1100000,334950,15,0
2015-12-15,00:00:00,0.315,0.325,0.315,0.325,420000,135500,5,0
2015-12-16,00:00:00,0.320,0.330,0.320,0.325,840000,271450,5,0
2015-12-17,00:00:00,0.325,0.325,0.325,0.325,270000,87750,1,0
2015-12-18,00:00:00,0.320,0.325,0.320,0.320,150000,48250,3,0
2015-12-21,00:00:00,0.325,0.325,0.325,0.325,100000,32500,1,0
2016-1-5,00:00:00,0.300,0.320,0.300,0.320,480000,147000,12,0
2016-1-6,00:00:00,0.300,0.320,0.300,0.310,890000,270150,13,0
2016-1-7,00:00:00,0.290,0.290,0.290,0.290,1300000,377000,6,0
2016-1-8,00:00:00,0.295,0.310,0.295,0.310,1170000,350900,9,0
2016-1-11,00:00:00,0.310,0.310,0.300,0.300,190000,57100,3,0
2016-1-12,00:00:00,0.295,0.295,0.295,0.295,100000,29500,1,0
2016-1-14,00:00:00,0.290,0.290,0.290,0.290,270000,78300,2,0
2016-1-15,00:00:00,0.310,0.335,0.310,0.325,3720000,1228950,33,0
2016-1-18,00:00:00,0.305,0.315,0.300,0.310,1330000,409250,14,0
2016-1-19,00:00:00,0.300,0.305,0.300,0.305,250000,75750,5,0
2016-1-20,00:00:00,0.295,0.300,0.285,0.285,520000,153000,9,0
2016-1-21,00:00:00,0.285,0.305,0.270,0.295,8030000,2351150,28,0
2016-1-22,00:00:00,0.300,0.320,0.300,0.315,2290000,702650,8,0
2016-1-25,00:00:00,0.305,0.305,0.305,0.305,100000,30500,1,0
2016-1-26,00:00:00,0.305,0.310,0.305,0.310,460000,142000,5,0
2016-1-27,00:00:00,0.310,0.315,0.310,0.310,230000,71600,4,0
2016-1-28,00:00:00,0.305,0.305,0.305,0.305,230000,70150,3,0
2016-2-2,00:00:00,0.305,0.305,0.305,0.305,40000,12200,1,0
2016-2-4,00:00:00,0.300,0.310,0.300,0.305,90000,27800,2,0
2016-2-5,00:00:00,0.295,0.305,0.295,0.305,90000,26950,3,0
2016-2-18,00:00:00,0.300,0.300,0.300,0.300,400000,120000,3,0
2016-2-19,00:00:00,0.290,0.300,0.290,0.300,400000,118000,2,0
2016-2-22,00:00:00,0.300,0.300,0.300,0.300,280000,84000,4,0
2016-2-23,00:00:00,0.300,0.310,0.300,0.310,440000,132200,2,0
2016-2-25,00:00:00,0.290,0.290,0.290,0.290,50000,14500,1,0
2016-2-29,00:00:00,0.310,0.310,0.310,0.310,10000,3100,1,0
2016-3-2,00:00:00,0.315,0.320,0.310,0.320,350000,110200,7,0
2016-3-3,00:00:00,0.300,0.300,0.300,0.300,100000,30000,1,0
2016-3-4,00:00:00,0.295,0.295,0.295,0.295,200000,59000,2,0
2016-3-7,00:00:00,0.300,0.300,0.300,0.300,420000,126000,2,0
2016-3-14,00:00:00,0.310,0.310,0.295,0.295,170000,50450,2,0
2016-3-16,00:00:00,0.315,0.315,0.315,0.315,30000,9450,2,0
2016-3-18,00:00:00,0.295,0.295,0.295,0.295,50000,14750,1,0
2016-3-21,00:00:00,0.295,0.295,0.295,0.295,50000,14750,1,0
2016-4-1,00:00:00,0.310,0.320,0.300,0.320,280000,87200,12,0
2016-4-5,00:00:00,0.300,0.300,0.300,0.300,90000,27000,1,0
2016-4-6,00:00:00,0.315,0.315,0.295,0.295,80000,25000,2,0
2016-4-8,00:00:00,0.295,0.315,0.290,0.315,1760000,528100,23,0
2016-4-11,00:00:00,0.300,0.300,0.280,0.295,3540000,1025850,20,0
2016-4-12,00:00:00,0.295,0.295,0.295,0.295,200000,59000,3,0
2016-4-13,00:00:00,0.295,0.295,0.295,0.295,100000,29500,3,0
2016-4-14,00:00:00,0.305,0.310,0.305,0.310,420000,129950,4,0
2016-4-19,00:00:00,0.310,0.310,0.310,0.310,520000,161200,2,0
2016-4-21,00:00:00,0.300,0.300,0.300,0.300,50000,15000,1,0
2016-4-22,00:00:00,0.295,0.295,0.295,0.295,260000,76700,3,0
2016-4-25,00:00:00,0.295,0.300,0.295,0.300,550000,164750,2,0
2016-4-28,00:00:00,0.295,0.300,0.295,0.300,120000,35450,2,0
2016-4-29,00:00:00,0.295,0.295,0.295,0.295,50000,14750,1,0
2016-5-3,00:00:00,0.295,0.305,0.295,0.305,680000,203250,4,0
2016-5-5,00:00:00,0.295,0.295,0.295,0.295,30000,8850,1,0
2016-5-9,00:00:00,0.295,0.295,0.290,0.290,50000,14700,2,0
2016-5-10,00:00:00,0.295,0.310,0.295,0.300,40000,11950,2,0
2016-5-12,00:00:00,0.305,0.310,0.300,0.300,290000,87500,4,0
2016-5-13,00:00:00,0.295,0.295,0.280,0.280,640000,184600,4,0
2016-5-16,00:00:00,0.285,0.285,0.285,0.285,50000,14250,1,0
2016-5-17,00:00:00,0.285,0.285,0.285,0.285,50000,14250,1,0
2016-5-19,00:00:00,0.285,0.285,0.285,0.285,110000,31350,1,0
2016-5-23,00:00:00,0.300,0.300,0.300,0.300,10000,3000,1,0
2016-5-24,00:00:00,0.300,0.300,0.300,0.300,100000,30000,1,0
2016-5-25,00:00:00,0.305,0.305,0.305,0.305,10000,3050,1,0
2016-5-26,00:00:00,0.290,0.290,0.290,0.290,20000,5800,1,0
2016-5-27,00:00:00,0.300,0.300,0.300,0.300,200000,60000,1,0
2016-5-30,00:00:00,0.300,0.315,0.300,0.310,270000,82400,6,0
2016-5-31,00:00:00,0.295,0.295,0.295,0.295,100000,29500,1,0
2016-6-8,00:00:00,0.300,0.300,0.300,0.300,20000,6000,1,0
2016-6-16,00:00:00,0.300,0.300,0.300,0.300,150000,45000,2,0
2016-6-17,00:00:00,0.300,0.315,0.295,0.315,380000,116000,12,0
2016-6-20,00:00:00,0.300,0.310,0.300,0.310,80000,24100,3,0
2016-6-21,00:00:00,0.315,0.315,0.315,0.315,60000,18900,2,0
2016-6-22,00:00:00,0.300,0.320,0.300,0.310,290000,88300,10,0
2016-6-23,00:00:00,0.305,0.315,0.300,0.310,140000,42900,4,0
2016-6-24,00:00:00,0.290,0.290,0.290,0.290,40000,11600,1,0
2016-7-4,00:00:00,0.305,0.330,0.305,0.320,1120000,355350,12,0
2016-7-5,00:00:00,0.345,0.345,0.310,0.320,840000,273100,24,0
2016-7-6,00:00:00,0.340,0.340,0.320,0.320,5810000,1860400,16,0
2016-7-7,00:00:00,0.325,0.330,0.325,0.330,280000,92200,6,0
2016-7-8,00:00:00,0.335,0.335,0.320,0.320,180000,59050,3,0
2016-7-11,00:00:00,0.330,0.330,0.315,0.325,680000,217650,6,0
2016-7-13,00:00:00,0.310,0.310,0.310,0.310,200000,62000,2,0
2016-7-15,00:00:00,0.325,0.325,0.325,0.325,10000,3250,1,0
2016-7-18,00:00:00,0.310,0.315,0.300,0.310,920000,280700,8,0
2016-7-20,00:00:00,0.315,0.315,0.315,0.315,10000,3150,1,0
2016-7-25,00:00:00,0.305,0.305,0.305,0.305,10000,3050,1,0
2016-7-26,00:00:00,0.300,0.305,0.300,0.305,50000,15050,2,0
2016-7-27,00:00:00,0.305,0.320,0.305,0.310,50000,15400,3,0
2016-7-28,00:00:00,0.305,0.305,0.300,0.300,30000,9100,2,0
2016-7-29,00:00:00,0.300,0.300,0.295,0.295,70000,20900,4,0
2016-8-1,00:00:00,0.285,0.295,0.285,0.295,40000,11700,2,0
2016-8-4,00:00:00,0.290,0.290,0.290,0.290,130000,37700,3,0
2016-8-5,00:00:00,0.285,0.290,0.285,0.290,210000,60300,3,0
2016-8-19,00:00:00,0.280,0.280,0.280,0.280,10000,2800,1,0
2016-8-23,00:00:00,0.285,0.285,0.285,0.285,50000,14250,2,0
2016-8-26,00:00:00,0.305,0.305,0.305,0.300,150000,45750,1,0
2016-8-29,00:00:00,0.285,0.285,0.285,0.285,170000,48450,4,0
2016-8-31,00:00:00,0.280,0.300,0.280,0.295,120000,34500,3,0
2016-9-2,00:00:00,0.285,0.285,0.285,0.285,50000,14250,1,0
2016-9-5,00:00:00,0.285,0.285,0.285,0.285,140000,39900,2,0
2016-9-6,00:00:00,0.285,0.285,0.285,0.285,70000,19950,1,0
2016-9-7,00:00:00,0.295,0.305,0.295,0.300,140000,41850,4,0
2016-9-9,00:00:00,0.295,0.305,0.295,0.305,700000,212050,4,0
2016-9-12,00:00:00,0.295,0.305,0.295,0.305,360000,106300,3,0
2016-9-13,00:00:00,0.305,0.305,0.305,0.295,20000,6100,1,0
2016-9-21,00:00:00,0.285,0.285,0.280,0.280,530000,149000,6,0
2016-9-22,00:00:00,0.290,0.295,0.280,0.280,310000,88950,4,0
2016-9-23,00:00:00,0.280,0.280,0.280,0.280,80000,22400,1,0
2016-9-28,00:00:00,0.290,0.290,0.290,0.290,10000,2900,1,0
2016-9-29,00:00:00,0.285,0.290,0.285,0.290,120000,34500,2,0
2016-10-3,00:00:00,0.285,0.285,0.285,0.285,100000,28500,2,0
2016-10-5,00:00:00,0.285,0.285,0.280,0.285,160000,45200,3,0
2016-10-6,00:00:00,0.285,0.300,0.280,0.300,540000,152650,8,0
2016-10-7,00:00:00,0.285,0.290,0.275,0.290,710000,201200,12,0
2016-10-13,00:00:00,0.285,0.290,0.285,0.290,260000,75100,3,0
2016-10-14,00:00:00,0.285,0.295,0.285,0.295,200000,57400,5,0
2016-10-17,00:00:00,0.300,0.300,0.300,0.300,10000,3000,1,0
2016-10-18,00:00:00,0.285,0.285,0.285,0.285,140000,39900,3,0
2016-10-19,00:00:00,0.285,0.290,0.280,0.290,400000,112600,0,0
2016-10-24,00:00:00,0.290,0.290,0.285,0.285,130000,37350,2,0
2016-10-25,00:00:00,0.290,0.300,0.290,0.290,110000,32000,3,0
2016-10-27,00:00:00,0.275,0.290,0.275,0.290,90000,24900,2,0
2016-11-3,00:00:00,0.285,0.285,0.285,0.285,40000,11400,1,0
2016-11-4,00:00:00,0.280,0.280,0.280,0.280,60000,16800,1,0
2016-11-7,00:00:00,0.300,0.300,0.270,0.270,210000,57450,4,0
2016-11-8,00:00:00,0.270,0.290,0.270,0.290,460000,127050,7,0
2016-11-10,00:00:00,0.285,0.290,0.275,0.290,90000,25050,4,0
2016-11-11,00:00:00,0.285,0.285,0.285,0.285,10000,2850,1,0
2016-11-15,00:00:00,0.285,0.290,0.275,0.290,380000,106500,5,0
2016-11-17,00:00:00,0.275,0.280,0.275,0.280,180000,49650,2,0
2016-11-22,00:00:00,0.270,0.280,0.265,0.280,260000,69600,3,0
2016-11-23,00:00:00,0.280,0.310,0.280,0.300,1460000,424200,25,0
2016-11-24,00:00:00,0.295,0.295,0.295,0.295,30000,8850,1,0
2016-11-25,00:00:00,0.290,0.300,0.290,0.300,230000,66800,3,0
2016-11-28,00:00:00,0.300,0.300,0.295,0.295,260000,77000,7,0
2016-11-29,00:00:00,0.290,0.295,0.290,0.295,210000,61650,4,0
2016-11-30,00:00:00,0.295,0.295,0.295,0.295,210000,61950,2,0
2016-12-1,00:00:00,0.300,0.310,0.295,0.300,1140000,344250,12,0
2016-12-2,00:00:00,0.300,0.305,0.295,0.300,380000,114000,5,0
2016-12-5,00:00:00,0.295,0.305,0.295,0.305,670000,201550,10,0
2016-12-6,00:00:00,0.295,0.300,0.295,0.300,260000,77450,3,0
2016-12-7,00:00:00,0.300,0.300,0.295,0.295,770000,227400,8,0
2016-12-8,00:00:00,0.295,0.305,0.295,0.305,1190000,354350,13,0
2016-12-9,00:00:00,0.310,0.330,0.300,0.310,6150000,1953750,90,0
2016-12-12,00:00:00,0.320,0.440,0.320,0.395,21700000,8741650,339,0
2016-12-13,00:00:00,0.400,0.460,0.400,0.415,12650000,5345950,203,0
2016-12-14,00:00:00,0.415,0.520,0.400,0.475,35360000,16788800,409,0
2016-12-15,00:00:00,0.475,0.540,0.475,0.510,15520000,7915900,220,0
2016-12-16,00:00:00,0.520,0.540,0.480,0.520,12710000,6392050,127,0
2016-12-19,00:00:00,0.540,0.540,0.480,0.495,3920000,1963100,72,0
2016-12-20,00:00:00,0.510,0.510,0.450,0.470,4320000,2039900,69,0
2016-12-21,00:00:00,0.490,0.490,0.440,0.470,4120000,1864500,58,0
2016-12-22,00:00:00,0.490,0.490,0.445,0.460,4510000,2057200,66,0
2016-12-23,00:00:00,0.455,0.455,0.425,0.450,3510000,1528900,46,0
2016-12-28,00:00:00,0.440,0.465,0.430,0.435,830000,363600,17,0
2016-12-29,00:00:00,0.445,0.445,0.420,0.430,1950000,835750,31,0
2016-12-30,00:00:00,0.430,0.500,0.430,0.485,10121000,4801885,151,0
2017-1-3,00:00:00,0.485,0.485,0.455,0.485,1680000,789100,40,0
2017-1-4,00:00:00,0.490,0.510,0.485,0.500,6490000,3224700,90,0
2017-1-5,00:00:00,0.510,0.510,0.485,0.490,680000,337950,20,0
2017-1-6,00:00:00,0.510,0.510,0.460,0.495,1700000,827750,53,0
2017-1-9,00:00:00,0.500,0.510,0.460,0.470,2090000,1011750,60,0
2017-1-10,00:00:00,0.490,0.490,0.450,0.460,2300000,1047050,28,0
2017-1-11,00:00:00,0.480,0.480,0.450,0.450,560000,255100,7,0
2017-1-12,00:00:00,0.465,0.465,0.435,0.445,2260000,1003450,29,0
2017-1-13,00:00:00,0.455,0.480,0.430,0.450,1370000,598100,19,0
2017-1-16,00:00:00,0.440,0.445,0.425,0.430,1080000,465350,15,0
2017-1-17,00:00:00,0.430,0.445,0.430,0.445,150000,65650,8,0
2017-1-18,00:00:00,0.420,0.445,0.415,0.440,570000,243800,17,0
2017-1-19,00:00:00,0.435,0.435,0.420,0.430,1130000,478700,26,0
2017-1-20,00:00:00,0.430,0.440,0.430,0.440,160000,69700,7,0
2017-1-23,00:00:00,0.450,0.450,0.435,0.440,300000,132200,11,0
2017-1-24,00:00:00,0.455,0.455,0.450,0.450,80000,36050,6,0
2017-1-25,00:00:00,0.455,0.455,0.430,0.440,280000,123000,14,0
2017-1-26,00:00:00,0.455,0.455,0.445,0.445,350000,156250,14,0
2017-1-27,00:00:00,0.445,0.445,0.440,0.445,300000,132500,5,0
2017-2-1,00:00:00,0.440,0.455,0.440,0.450,90000,40300,6,0
2017-2-2,00:00:00,0.465,0.480,0.455,0.465,418900,193849,11,0
2017-2-3,00:00:00,0.465,0.470,0.460,0.470,620000,287900,17,0
2017-2-6,00:00:00,0.470,0.485,0.470,0.480,170000,81550,7,0
2017-2-7,00:00:00,0.480,0.490,0.470,0.470,530000,253200,13,0
2017-2-8,00:00:00,0.470,0.490,0.455,0.455,810000,381600,19,0
2017-2-9,00:00:00,0.480,0.480,0.455,0.480,920000,428200,19,0
2017-2-10,00:00:00,0.470,0.480,0.460,0.480,400000,187050,15,0
2017-2-13,00:00:00,0.460,0.480,0.460,0.480,460000,213650,13,0
2017-2-14,00:00:00,0.475,0.475,0.460,0.475,340000,157000,8,0
2017-2-15,00:00:00,0.460,0.470,0.460,0.470,250000,115300,6,0
2017-2-16,00:00:00,0.470,0.470,0.450,0.450,450000,204800,15,0
2017-2-17,00:00:00,0.450,0.460,0.450,0.460,200000,90650,9,0
2017-2-20,00:00:00,0.460,0.460,0.440,0.440,290000,132050,11,0
2017-2-21,00:00:00,0.440,0.465,0.435,0.465,1060000,478350,19,0
2017-2-22,00:00:00,0.465,0.470,0.455,0.460,3330000,1547000,24,0
2017-2-23,00:00:00,0.470,0.510,0.460,0.500,5190000,2532150,71,0
2017-2-24,00:00:00,0.510,0.520,0.490,0.510,4150000,2104100,69,0
2017-2-27,00:00:00,0.500,0.500,0.480,0.490,1890000,932600,20,0
2017-2-28,00:00:00,0.495,0.495,0.480,0.495,440000,215000,11,0
2017-3-1,00:00:00,0.495,0.495,0.485,0.485,180000,87900,7,0
2017-3-2,00:00:00,0.495,0.500,0.490,0.490,1300000,645450,15,0
2017-3-3,00:00:00,0.500,0.500,0.490,0.495,380000,189250,10,0
2017-3-6,00:00:00,0.480,0.510,0.480,0.500,630000,313800,15,0
2017-3-7,00:00:00,0.510,0.510,0.490,0.495,810000,401150,29,0
2017-3-8,00:00:00,0.495,0.500,0.490,0.500,530000,260800,9,0
2017-3-9,00:00:00,0.500,0.500,0.480,0.485,290000,140750,13,0
2017-3-10,00:00:00,0.500,0.500,0.480,0.480,330000,159050,8,0
2017-3-13,00:00:00,0.490,0.490,0.460,0.485,1010000,482000,12,0
2017-3-14,00:00:00,0.490,0.495,0.485,0.490,350000,171150,7,0
2017-3-15,00:00:00,0.490,0.500,0.460,0.480,1240000,595600,25,0
2017-3-16,00:00:00,0.480,0.480,0.480,0.480,160000,76800,3,0
2017-3-17,00:00:00,0.470,0.500,0.470,0.490,840000,403100,17,0
2017-3-20,00:00:00,0.495,0.495,0.480,0.485,540000,261750,9,0
2017-3-21,00:00:00,0.475,0.490,0.475,0.490,180000,86600,5,0
2017-3-22,00:00:00,0.485,0.490,0.470,0.490,900000,426200,20,0
2017-3-23,00:00:00,0.480,0.490,0.470,0.490,1330000,637000,18,0
2017-3-24,00:00:00,0.485,0.485,0.485,0.485,10000,4850,1,0
2017-3-28,00:00:00,0.480,0.480,0.460,0.465,430000,201200,11,0
2017-3-29,00:00:00,0.465,0.470,0.460,0.470,600000,277200,7,0
2017-3-30,00:00:00,0.470,0.470,0.470,0.470,20000,9400,1,0
2017-4-3,00:00:00,0.450,0.460,0.450,0.460,110000,49600,2,0
2017-4-5,00:00:00,0.450,0.460,0.450,0.460,240000,108350,6,0
2017-4-6,00:00:00,0.465,0.480,0.440,0.465,590000,267300,16,0
2017-4-7,00:00:00,0.475,0.475,0.455,0.465,90000,42000,6,0
2017-4-10,00:00:00,0.460,0.470,0.460,0.465,250000,115400,5,0
2017-4-12,00:00:00,0.465,0.465,0.465,0.465,60000,27900,2,0
2017-4-13,00:00:00,0.445,0.460,0.445,0.460,530000,237450,11,0
2017-4-18,00:00:00,0.450,0.465,0.450,0.460,260000,117250,7,0
2017-4-19,00:00:00,0.450,0.460,0.440,0.450,290000,129200,9,0
2017-4-20,00:00:00,0.450,0.450,0.400,0.425,3500000,1432450,41,0
2017-4-21,00:00:00,0.410,0.485,0.410,0.450,210000,89750,6,0
2017-4-24,00:00:00,0.460,0.460,0.460,0.460,10000,4600,1,0
2017-4-26,00:00:00,0.470,0.470,0.470,0.460,20000,9400,2,0
2017-4-28,00:00:00,0.460,0.460,0.460,0.460,10000,4600,1,0
2017-5-2,00:00:00,0.460,0.460,0.430,0.455,910000,415800,8,0
2017-5-4,00:00:00,0.420,0.440,0.415,0.440,620000,265400,13,0
2017-5-5,00:00:00,0.440,0.450,0.440,0.445,110000,48500,2,0
2017-5-8,00:00:00,0.440,0.440,0.405,0.405,170000,70100,6,0
2017-5-9,00:00:00,0.445,0.450,0.410,0.420,600000,255950,13,0
2017-5-10,00:00:00,0.420,0.430,0.410,0.425,300000,126950,10,0
2017-5-11,00:00:00,0.420,0.425,0.410,0.420,260000,108100,7,0
2017-5-12,00:00:00,0.405,0.430,0.370,0.395,2510000,979600,50,0
2017-5-15,00:00:00,0.420,0.420,0.380,0.390,110000,43350,7,0
2017-5-16,00:00:00,0.390,0.390,0.365,0.385,130000,49150,8,0
2017-5-17,00:00:00,0.370,0.385,0.370,0.385,80000,29950,4,0
2017-5-18,00:00:00,0.380,0.410,0.380,0.400,210000,82700,6,0
2017-5-19,00:00:00,0.370,0.400,0.370,0.395,310000,117050,16,0
2017-5-22,00:00:00,0.395,0.400,0.380,0.395,290000,112100,6,0
2017-5-23,00:00:00,0.390,0.390,0.390,0.390,10000,3900,1,0
2017-5-24,00:00:00,0.370,0.395,0.370,0.390,90000,34650,8,0
2017-5-25,00:00:00,0.400,0.400,0.400,0.395,10000,4000,1,0
2017-5-26,00:00:00,0.385,0.405,0.370,0.395,190000,71300,6,0
2017-5-29,00:00:00,0.405,0.410,0.375,0.395,260000,103100,16,0
2017-5-31,00:00:00,0.380,0.390,0.365,0.385,1460000,545450,31,0
2017-6-1,00:00:00,0.380,0.385,0.380,0.385,90000,34250,3,0
2017-6-2,00:00:00,0.385,0.390,0.365,0.375,420000,155900,20,0
2017-6-5,00:00:00,0.375,0.380,0.365,0.380,770000,282800,13,0
2017-6-6,00:00:00,0.385,0.385,0.385,0.385,10000,3850,1,0
2017-6-7,00:00:00,0.375,0.385,0.375,0.385,20000,7600,2,0
2017-6-8,00:00:00,0.370,0.385,0.370,0.385,40000,15100,2,0
2017-6-12,00:00:00,0.380,0.380,0.380,0.380,20000,7600,1,0
2017-6-13,00:00:00,0.390,0.390,0.390,0.385,10000,3900,1,0
2017-6-14,00:00:00,0.385,0.385,0.365,0.380,370000,138550,16,0
