1988/12/30,2.800,2.800,2.800,2.800,0,0.00
1989/01/02,2.800,2.800,2.800,2.800,0,0.00
1989/01/03,2.820,2.820,2.820,2.820,0,0.00
1989/01/04,2.840,2.840,2.840,2.840,0,0.00
1989/01/05,2.900,2.900,2.900,2.900,0,0.00
1989/01/06,2.860,2.860,2.860,2.860,0,0.00
1989/01/09,2.900,2.900,2.900,2.900,0,0.00
1989/01/10,2.880,2.880,2.880,2.880,0,0.00
1989/01/11,2.900,2.900,2.900,2.900,0,0.00
1989/01/12,2.900,2.900,2.900,2.900,0,0.00
1989/01/13,2.860,2.860,2.860,2.860,0,0.00
1989/01/16,2.900,2.900,2.900,2.900,0,0.00
1989/01/17,2.940,2.940,2.940,2.940,0,0.00
1989/01/18,2.990,2.990,2.990,2.990,0,0.00
1989/01/19,2.960,2.960,2.960,2.960,0,0.00
1989/01/20,2.920,2.920,2.920,2.920,0,0.00
1989/01/23,2.940,2.940,2.940,2.940,0,0.00
1989/01/24,2.940,2.940,2.940,2.940,0,0.00
1989/01/25,2.940,2.940,2.940,2.940,0,0.00
1989/01/26,3.030,3.030,3.030,3.030,0,0.00
1989/01/27,3.110,3.110,3.110,3.110,0,0.00
1989/01/30,3.210,3.210,3.210,3.210,0,0.00
1989/01/31,3.250,3.250,3.250,3.250,0,0.00
1989/02/01,3.230,3.230,3.230,3.230,0,0.00
1989/02/02,3.270,3.270,3.270,3.270,0,0.00
1989/02/03,3.370,3.370,3.370,3.370,0,0.00
1989/02/06,3.370,3.370,3.370,3.370,0,0.00
1989/02/07,3.370,3.370,3.370,3.370,0,0.00
1989/02/08,3.370,3.370,3.370,3.370,0,0.00
1989/02/09,3.530,3.530,3.530,3.530,0,0.00
1989/02/10,3.490,3.490,3.490,3.490,0,0.00
1989/02/13,3.430,3.430,3.430,3.430,0,0.00
1989/02/14,3.370,3.370,3.370,3.370,0,0.00
1989/02/15,3.350,3.350,3.350,3.350,0,0.00
1989/02/16,3.310,3.310,3.310,3.310,0,0.00
1989/02/17,3.370,3.370,3.370,3.370,0,0.00
1989/02/20,3.510,3.510,3.510,3.510,0,0.00
1989/02/21,3.510,3.510,3.510,3.510,0,0.00
1989/02/22,3.510,3.510,3.510,3.510,0,0.00
1989/02/23,3.470,3.470,3.470,3.470,0,0.00
1989/02/24,3.470,3.470,3.470,3.470,0,0.00
1989/02/27,3.430,3.430,3.430,3.430,0,0.00
1989/02/28,3.330,3.330,3.330,3.330,0,0.00
1989/03/01,3.390,3.390,3.390,3.390,0,0.00
1989/03/02,3.370,3.370,3.370,3.370,0,0.00
1989/03/03,3.450,3.450,3.450,3.450,0,0.00
1989/03/06,3.610,3.610,3.610,3.610,0,0.00
1989/03/07,3.770,3.770,3.770,3.770,0,0.00
1989/03/08,3.670,3.670,3.670,3.670,0,0.00
1989/03/09,3.710,3.710,3.710,3.710,0,0.00
1989/03/10,3.890,3.890,3.890,3.890,0,0.00
1989/03/13,3.870,3.870,3.870,3.870,0,0.00
1989/03/14,3.910,3.910,3.910,3.910,0,0.00
1989/03/15,3.890,3.890,3.890,3.890,0,0.00
1989/03/16,3.850,3.850,3.850,3.850,0,0.00
1989/03/17,3.790,3.790,3.790,3.790,0,0.00
1989/03/20,3.630,3.630,3.630,3.630,0,0.00
1989/03/21,3.790,3.790,3.790,3.790,0,0.00
1989/03/22,3.930,3.930,3.930,3.930,0,0.00
1989/03/23,4.130,4.130,4.130,4.130,0,0.00
1989/03/24,4.130,4.130,4.130,4.130,0,0.00
1989/03/27,4.130,4.130,4.130,4.130,0,0.00
1989/03/28,4.130,4.130,4.130,4.130,0,0.00
1989/03/29,4.090,4.090,4.090,4.090,0,0.00
1989/03/30,3.950,3.950,3.950,3.950,0,0.00
1989/03/31,3.970,3.970,3.970,3.970,0,0.00
1989/04/03,3.830,3.830,3.830,3.830,0,0.00
1989/04/04,3.790,3.790,3.790,3.790,0,0.00
1989/04/05,3.790,3.790,3.790,3.790,0,0.00
1989/04/06,3.810,3.810,3.810,3.810,0,0.00
1989/04/07,3.830,3.830,3.830,3.830,0,0.00
1989/04/10,3.870,3.870,3.870,3.870,0,0.00
1989/04/11,3.850,3.850,3.850,3.850,0,0.00
1989/04/12,3.910,3.910,3.910,3.910,0,0.00
1989/04/13,3.850,3.850,3.850,3.850,0,0.00
1989/04/14,3.890,3.890,3.890,3.890,0,0.00
1989/04/17,3.970,3.970,3.970,3.970,0,0.00
1989/04/18,3.990,3.990,3.990,3.990,0,0.00
1989/04/19,4.010,4.010,4.010,4.010,0,0.00
1989/04/20,3.990,3.990,3.990,3.990,0,0.00
1989/04/21,3.950,3.950,3.950,3.950,0,0.00
1989/04/24,3.890,3.890,3.890,3.890,0,0.00
1989/04/25,3.890,3.890,3.890,3.890,0,0.00
1989/04/26,3.850,3.850,3.850,3.850,0,0.00
1989/04/27,3.770,3.770,3.770,3.770,0,0.00
1989/04/28,3.850,3.850,3.850,3.850,0,0.00
1989/05/01,3.890,3.890,3.890,3.890,0,0.00
1989/05/02,3.950,3.950,3.950,3.950,0,0.00
1989/05/03,3.950,3.950,3.950,3.950,0,0.00
1989/05/04,4.050,4.050,4.050,4.050,0,0.00
1989/05/05,4.130,4.130,4.130,4.130,0,0.00
1989/05/08,4.090,4.090,4.090,4.090,0,0.00
1989/05/09,4.130,4.130,4.130,4.130,0,0.00
1989/05/10,4.170,4.170,4.170,4.170,0,0.00
1989/05/11,4.210,4.210,4.210,4.210,0,0.00
1989/05/12,4.090,4.090,4.090,4.090,0,0.00
1989/05/15,4.090,4.090,4.090,4.090,0,0.00
1989/05/16,3.970,3.970,3.970,3.970,0,0.00
1989/05/17,3.850,3.850,3.850,3.850,0,0.00
1989/05/18,3.990,3.990,3.990,3.990,0,0.00
1989/05/19,3.810,3.810,3.810,3.810,0,0.00
1989/05/22,3.170,3.170,3.170,3.170,0,0.00
1989/05/23,3.610,3.610,3.610,3.610,0,0.00
1989/05/24,3.450,3.450,3.450,3.450,0,0.00
1989/05/25,3.050,3.050,3.050,3.050,0,0.00
1989/05/26,3.010,3.010,3.010,3.010,0,0.00
1989/05/29,3.110,3.110,3.110,3.110,0,0.00
1989/05/30,3.090,3.090,3.090,3.090,0,0.00
1989/05/31,3.010,3.010,3.010,3.010,0,0.00
1989/06/01,2.900,2.900,2.900,2.900,0,0.00
1989/06/02,2.740,2.740,2.740,2.740,0,0.00
1989/06/05,1.880,1.880,1.880,1.880,0,0.00
1989/06/06,1.840,1.840,1.840,1.840,0,0.00
1989/06/07,1.960,1.960,1.960,1.960,0,0.00
1989/06/08,1.960,1.960,1.960,1.960,0,0.00
1989/06/09,2.020,2.020,2.020,2.020,0,0.00
1989/06/12,2.260,2.260,2.260,2.260,0,0.00
1989/06/13,2.140,2.140,2.140,2.140,0,0.00
1989/06/14,2.200,2.200,2.200,2.200,0,0.00
1989/06/15,2.140,2.140,2.140,2.140,0,0.00
1989/06/16,2.240,2.240,2.240,2.240,0,0.00
1989/06/19,2.240,2.240,2.240,2.240,0,0.00
1989/06/20,2.280,2.280,2.280,2.280,0,0.00
1989/06/21,2.160,2.160,2.160,2.160,0,0.00
1989/06/22,2.100,2.100,2.100,2.100,0,0.00
1989/06/23,2.080,2.080,2.080,2.080,0,0.00
1989/06/26,2.180,2.180,2.180,2.180,0,0.00
1989/06/27,2.120,2.120,2.120,2.120,0,0.00
1989/06/28,2.140,2.140,2.140,2.140,0,0.00
1989/06/29,2.200,2.200,2.200,2.200,0,0.00
1989/06/30,2.180,2.180,2.180,2.180,0,0.00
1989/07/03,2.220,2.220,2.220,2.220,0,0.00
1989/07/04,2.280,2.280,2.280,2.280,0,0.00
1989/07/05,2.320,2.320,2.320,2.320,0,0.00
1989/07/06,2.320,2.320,2.320,2.320,0,0.00
1989/07/07,2.320,2.320,2.320,2.320,0,0.00
1989/07/10,2.380,2.380,2.380,2.380,0,0.00
1989/07/11,2.460,2.460,2.460,2.460,0,0.00
1989/07/12,2.520,2.520,2.520,2.520,0,0.00
1989/07/13,2.560,2.560,2.560,2.560,0,0.00
1989/07/14,2.520,2.520,2.520,2.520,0,0.00
1989/07/17,2.540,2.540,2.540,2.540,0,0.00
1989/07/18,2.540,2.540,2.540,2.540,0,0.00
1989/07/19,2.620,2.620,2.620,2.620,0,0.00
1989/07/20,2.560,2.560,2.560,2.560,0,0.00
1989/07/21,2.520,2.520,2.520,2.520,0,0.00
1989/07/24,2.460,2.460,2.460,2.460,0,0.00
1989/07/25,2.500,2.500,2.500,2.500,0,0.00
1989/07/26,2.500,2.500,2.500,2.500,0,0.00
1989/07/27,2.500,2.500,2.500,2.500,0,0.00
1989/07/28,2.620,2.620,2.620,2.620,0,0.00
1989/07/31,2.760,2.760,2.760,2.760,0,0.00
1989/08/01,2.820,2.820,2.820,2.820,0,0.00
1989/08/02,2.820,2.820,2.820,2.820,0,0.00
1989/08/03,2.990,2.990,2.990,2.990,0,0.00
1989/08/04,2.840,2.840,2.840,2.840,0,0.00
1989/08/07,2.820,2.820,2.820,2.820,0,0.00
1989/08/08,2.880,2.880,2.880,2.880,0,0.00
1989/08/09,2.920,2.920,2.920,2.920,0,0.00
1989/08/10,2.960,2.960,2.960,2.960,0,0.00
1989/08/11,2.940,2.940,2.940,2.940,0,0.00
1989/08/14,2.990,2.990,2.990,2.990,0,0.00
1989/08/15,3.030,3.030,3.030,3.030,0,0.00
1989/08/16,3.070,3.070,3.070,3.070,0,0.00
1989/08/17,3.030,3.030,3.030,3.030,0,0.00
1989/08/18,2.920,2.920,2.920,2.920,0,0.00
1989/08/21,2.840,2.840,2.840,2.840,0,0.00
1989/08/22,2.900,2.900,2.900,2.900,0,0.00
1989/08/23,2.820,2.820,2.820,2.820,0,0.00
1989/08/24,2.820,2.820,2.820,2.820,0,0.00
1989/08/25,2.860,2.860,2.860,2.860,0,0.00
1989/08/28,2.860,2.860,2.860,2.860,0,0.00
1989/08/29,2.840,2.840,2.840,2.840,0,0.00
1989/08/30,2.860,2.860,2.860,2.860,0,0.00
1989/08/31,2.840,2.840,2.840,2.840,0,0.00
1989/09/01,2.900,2.900,2.900,2.900,0,0.00
1989/09/04,2.920,2.920,2.920,2.920,0,0.00
1989/09/05,2.920,2.920,2.920,2.920,0,0.00
1989/09/06,2.880,2.880,2.880,2.880,0,0.00
1989/09/07,2.900,2.900,2.900,2.900,0,0.00
1989/09/08,2.940,2.940,2.940,2.940,0,0.00
1989/09/11,2.940,2.940,2.940,2.940,0,0.00
1989/09/12,2.940,2.940,2.940,2.940,0,0.00
1989/09/13,2.920,2.920,2.920,2.920,0,0.00
1989/09/14,3.010,3.010,3.010,3.010,0,0.00
1989/09/15,3.010,3.010,3.010,3.010,0,0.00
1989/09/18,3.070,3.070,3.070,3.070,0,0.00
1989/09/19,3.090,3.090,3.090,3.090,0,0.00
1989/09/20,3.110,3.110,3.110,3.110,0,0.00
1989/09/21,3.250,3.250,3.250,3.250,0,0.00
1989/09/22,3.250,3.250,3.250,3.250,0,0.00
1989/09/25,3.270,3.270,3.270,3.270,0,0.00
1989/09/26,3.230,3.230,3.230,3.230,0,0.00
1989/09/27,3.210,3.210,3.210,3.210,0,0.00
1989/09/28,3.310,3.310,3.310,3.310,0,0.00
1989/09/29,3.270,3.270,3.270,3.270,0,0.00
1989/10/02,3.270,3.270,3.270,3.270,0,0.00
1989/10/03,3.250,3.250,3.250,3.250,0,0.00
1989/10/04,3.230,3.230,3.230,3.230,0,0.00
1989/10/05,3.210,3.210,3.210,3.210,0,0.00
1989/10/06,3.130,3.130,3.130,3.130,0,0.00
1989/10/09,3.130,3.130,3.130,3.130,0,0.00
1989/10/10,3.130,3.130,3.130,3.130,0,0.00
1989/10/11,3.090,3.090,3.090,3.090,0,0.00
1989/10/12,3.070,3.070,3.070,3.070,0,0.00
1989/10/13,3.070,3.070,3.070,3.070,0,0.00
1989/10/16,2.800,2.800,2.800,2.800,0,0.00
1989/10/17,2.940,2.940,2.940,2.940,0,0.00
1989/10/18,2.860,2.860,2.860,2.860,0,0.00
1989/10/19,2.900,2.900,2.900,2.900,0,0.00
1989/10/20,2.990,2.990,2.990,2.990,0,0.00
1989/10/23,3.030,3.030,3.030,3.030,0,0.00
1989/10/24,3.010,3.010,3.010,3.010,0,0.00
1989/10/25,3.070,3.070,3.070,3.070,0,0.00
1989/10/26,3.070,3.070,3.070,3.070,0,0.00
1989/10/27,3.070,3.070,3.070,3.070,0,0.00
1989/10/30,3.010,3.010,3.010,3.010,0,0.00
1989/10/31,3.070,3.070,3.070,3.070,0,0.00
1989/11/01,3.070,3.070,3.070,3.070,0,0.00
1989/11/02,3.030,3.030,3.030,3.030,0,0.00
1989/11/03,3.050,3.050,3.050,3.050,0,0.00
1989/11/06,3.170,3.170,3.170,3.170,0,0.00
1989/11/07,3.130,3.130,3.130,3.130,0,0.00
1989/11/08,3.130,3.130,3.130,3.130,0,0.00
1989/11/09,3.130,3.130,3.130,3.130,0,0.00
1989/11/10,3.090,3.090,3.090,3.090,0,0.00
1989/11/13,3.050,3.050,3.050,3.050,0,0.00
1989/11/14,3.090,3.090,3.090,3.090,0,0.00
1989/11/15,3.110,3.110,3.110,3.110,0,0.00
1989/11/16,3.190,3.190,3.190,3.190,0,0.00
1989/11/17,3.270,3.270,3.270,3.270,0,0.00
1989/11/20,3.310,3.310,3.310,3.310,0,0.00
1989/11/21,3.350,3.350,3.350,3.350,0,0.00
1989/11/22,3.270,3.270,3.270,3.270,0,0.00
1989/11/23,3.250,3.250,3.250,3.250,0,0.00
1989/11/24,3.270,3.270,3.270,3.270,0,0.00
1989/11/27,3.210,3.210,3.210,3.210,0,0.00
1989/11/28,3.190,3.190,3.190,3.190,0,0.00
1989/11/29,3.110,3.110,3.110,3.110,0,0.00
1989/11/30,3.110,3.110,3.110,3.110,0,0.00
1989/12/01,3.110,3.110,3.110,3.110,0,0.00
1989/12/04,3.150,3.150,3.150,3.150,0,0.00
1989/12/05,3.130,3.130,3.130,3.130,0,0.00
1989/12/06,3.090,3.090,3.090,3.090,0,0.00
1989/12/07,3.110,3.110,3.110,3.110,0,0.00
1989/12/08,3.110,3.110,3.110,3.110,0,0.00
1989/12/11,3.110,3.110,3.110,3.110,0,0.00
1989/12/12,3.170,3.170,3.170,3.170,0,0.00
1989/12/13,3.190,3.190,3.190,3.190,0,0.00
1989/12/14,3.170,3.170,3.170,3.170,0,0.00
1989/12/15,3.170,3.170,3.170,3.170,0,0.00
1989/12/18,3.170,3.170,3.170,3.170,0,0.00
1989/12/19,3.150,3.150,3.150,3.150,0,0.00
1989/12/20,3.090,3.090,3.090,3.090,0,0.00
1989/12/21,3.090,3.090,3.090,3.090,0,0.00
1989/12/22,3.110,3.110,3.110,3.110,0,0.00
1989/12/25,3.110,3.110,3.110,3.110,0,0.00
1989/12/26,3.110,3.110,3.110,3.110,0,0.00
1989/12/27,3.090,3.090,3.090,3.090,0,0.00
1989/12/28,3.070,3.070,3.070,3.070,0,0.00
1989/12/29,2.920,2.920,2.920,2.920,0,0.00
1990/01/02,3.010,3.010,3.010,3.010,0,0.00
1990/01/03,3.010,3.010,3.010,3.010,0,0.00
1990/01/04,3.030,3.030,3.030,3.030,0,0.00
1990/01/05,2.960,2.960,2.960,2.960,0,0.00
1990/01/08,2.960,2.960,2.960,2.960,0,0.00
1990/01/09,2.940,2.940,2.940,2.940,0,0.00
1990/01/10,2.990,2.990,2.990,2.990,0,0.00
1990/01/11,2.960,2.960,2.960,2.960,0,0.00
1990/01/12,2.960,2.960,2.960,2.960,0,0.00
1990/01/15,2.920,2.920,2.920,2.920,0,0.00
1990/01/16,2.880,2.880,2.880,2.880,0,0.00
1990/01/17,2.840,2.840,2.840,2.840,0,0.00
1990/01/18,2.820,2.820,2.820,2.820,0,0.00
1990/01/19,2.880,2.880,2.880,2.880,0,0.00
1990/01/22,2.900,2.900,2.900,2.900,0,0.00
1990/01/23,2.900,2.900,2.900,2.900,0,0.00
1990/01/24,2.880,2.880,2.880,2.880,0,0.00
1990/01/25,2.900,2.900,2.900,2.900,0,0.00
1990/01/30,2.920,2.920,2.920,2.920,0,0.00
1990/01/31,2.880,2.880,2.880,2.880,0,0.00
1990/02/01,2.880,2.880,2.880,2.880,0,0.00
1990/02/02,2.860,2.880,2.840,2.860,2960,0.00
1990/02/05,2.840,2.840,2.840,2.840,0,0.00
1990/02/06,2.880,2.880,2.880,2.880,0,0.00
1990/02/07,2.990,2.990,2.990,2.990,0,0.00
1990/02/08,3.010,3.010,3.010,3.010,0,0.00
1990/02/09,3.050,3.050,3.050,3.050,0,0.00
1990/02/12,3.030,3.030,3.030,3.030,0,0.00
1990/02/13,2.990,2.990,2.990,2.990,0,0.00
1990/02/14,3.010,3.010,3.010,3.010,0,0.00
1990/02/15,3.030,3.030,3.030,3.030,0,0.00
1990/02/16,3.050,3.050,3.050,3.050,0,0.00
1990/02/19,3.070,3.070,3.070,3.070,0,0.00
1990/02/20,3.070,3.070,3.070,3.070,0,0.00
1990/02/21,2.920,2.920,2.920,2.920,0,0.00
1990/02/22,2.990,2.990,2.990,2.990,0,0.00
1990/02/23,2.920,2.920,2.920,2.920,0,0.00
1990/02/26,2.900,2.900,2.900,2.900,0,0.00
1990/02/27,2.960,2.960,2.960,2.960,0,0.00
1990/02/28,2.990,2.990,2.990,2.990,0,0.00
1990/03/01,2.960,2.960,2.960,2.960,0,0.00
1990/03/02,2.960,2.960,2.960,2.960,0,0.00
1990/03/05,2.960,2.960,2.960,2.960,0,0.00
1990/03/06,2.960,2.960,2.960,2.960,0,0.00
1990/03/07,2.960,2.960,2.960,2.960,0,0.00
1990/03/08,3.030,3.030,3.030,3.030,0,0.00
1990/03/09,3.070,3.070,3.070,3.070,0,0.00
1990/03/12,3.030,3.030,3.030,3.030,0,0.00
1990/03/13,3.010,3.010,3.010,3.010,0,0.00
1990/03/14,3.030,3.030,3.030,3.030,0,0.00
1990/03/15,3.010,3.010,3.010,3.010,0,0.00
1990/03/16,3.010,3.010,3.010,3.010,0,0.00
1990/03/19,2.990,2.990,2.990,2.990,0,0.00
1990/03/20,2.960,2.960,2.960,2.960,0,0.00
1990/03/21,2.990,2.990,2.990,2.990,0,0.00
1990/03/22,3.030,3.030,3.030,3.030,0,0.00
1990/03/23,3.090,3.090,3.090,3.090,0,0.00
1990/03/26,3.110,3.110,3.110,3.110,0,0.00
1990/03/27,3.090,3.090,3.090,3.090,0,0.00
1990/03/28,3.090,3.090,3.090,3.090,0,0.00
1990/03/29,3.110,3.110,3.110,3.110,0,0.00
1990/03/30,3.090,3.090,3.090,3.090,0,0.00
1990/04/02,3.030,3.030,3.030,3.030,0,0.00
1990/04/03,3.090,3.090,3.090,3.090,0,0.00
1990/04/04,3.090,3.090,3.090,3.090,0,0.00
1990/04/06,3.090,3.090,3.090,3.090,0,0.00
1990/04/09,3.090,3.090,3.090,3.090,0,0.00
1990/04/10,3.050,3.050,3.050,3.050,0,0.00
1990/04/11,3.070,3.070,3.070,3.070,0,0.00
1990/04/12,3.110,3.110,3.110,3.110,0,0.00
1990/04/17,3.150,3.150,3.150,3.150,0,0.00
1990/04/18,3.230,3.230,3.230,3.230,0,0.00
1990/04/19,3.210,3.210,3.210,3.210,0,0.00
1990/04/20,3.210,3.210,3.210,3.210,0,0.00
1990/04/23,3.230,3.230,3.230,3.230,0,0.00
1990/04/24,3.170,3.170,3.170,3.170,0,0.00
1990/04/25,3.170,3.170,3.170,3.170,0,0.00
1990/04/26,3.030,3.030,3.030,3.030,0,0.00
1990/04/27,3.050,3.050,3.050,3.050,0,0.00
1990/04/30,3.030,3.030,3.030,3.030,0,0.00
1990/05/01,2.990,2.990,2.990,2.990,0,0.00
1990/05/02,2.960,2.960,2.960,2.960,0,0.00
1990/05/03,2.960,2.960,2.960,2.960,0,0.00
1990/05/04,2.990,2.990,2.990,2.990,0,0.00
1990/05/07,3.030,3.030,3.030,3.030,0,0.00
1990/05/08,3.010,3.010,3.010,3.010,0,0.00
1990/05/09,2.990,2.990,2.990,2.990,0,0.00
1990/05/10,3.030,3.030,3.030,3.030,0,0.00
1990/05/11,3.010,3.010,3.010,3.010,0,0.00
1990/05/14,3.010,3.010,3.010,3.010,0,0.00
1990/05/15,3.010,3.010,3.010,3.010,0,0.00
1990/05/16,3.010,3.010,3.010,3.010,0,0.00
1990/05/17,2.960,2.960,2.960,2.960,0,0.00
1990/05/18,3.030,3.030,3.030,3.030,0,0.00
1990/05/21,3.050,3.050,3.050,3.050,0,0.00
1990/05/22,3.090,3.090,3.090,3.090,0,0.00
1990/05/23,3.090,3.090,3.090,3.090,0,0.00
1990/05/24,3.090,3.090,3.090,3.090,0,0.00
1990/05/25,3.030,3.030,3.030,3.030,0,0.00
1990/05/29,3.050,3.050,3.050,3.050,0,0.00
1990/05/30,3.070,3.070,3.070,3.070,0,0.00
1990/05/31,3.050,3.050,3.050,3.050,0,0.00
1990/06/01,3.050,3.050,3.050,3.050,0,0.00
1990/06/04,3.070,3.070,3.070,3.070,0,0.00
1990/06/05,3.050,3.050,3.050,3.050,0,0.00
1990/06/06,3.130,3.130,3.130,3.130,0,0.00
1990/06/07,3.110,3.110,3.110,3.110,0,0.00
1990/06/08,3.090,3.090,3.090,3.090,0,0.00
1990/06/11,3.170,3.170,3.170,3.170,0,0.00
1990/06/12,3.190,3.190,3.190,3.190,0,0.00
1990/06/13,3.150,3.150,3.150,3.150,0,0.00
1990/06/14,3.130,3.130,3.130,3.130,0,0.00
1990/06/15,3.110,3.110,3.110,3.110,0,0.00
1990/06/18,3.110,3.110,3.110,3.110,0,0.00
1990/06/19,3.090,3.090,3.090,3.090,0,0.00
1990/06/20,3.070,3.070,3.070,3.070,0,0.00
1990/06/21,3.070,3.070,3.070,3.070,0,0.00
1990/06/22,3.070,3.070,3.070,3.070,0,0.00
1990/06/25,3.070,3.070,3.070,3.070,0,0.00
1990/06/26,3.130,3.130,3.130,3.130,0,0.00
1990/06/27,3.130,3.130,3.130,3.130,0,0.00
1990/06/28,3.150,3.150,3.150,3.150,0,0.00
1990/06/29,3.130,3.130,3.130,3.130,0,0.00
1990/07/02,3.190,3.190,3.190,3.190,0,0.00
1990/07/03,3.210,3.210,3.210,3.210,0,0.00
1990/07/04,3.310,3.310,3.310,3.310,0,0.00
1990/07/05,3.370,3.370,3.370,3.370,0,0.00
1990/07/06,3.410,3.410,3.410,3.410,0,0.00
1990/07/09,3.430,3.430,3.430,3.430,0,0.00
1990/07/10,3.410,3.410,3.410,3.410,0,0.00
1990/07/11,3.330,3.330,3.330,3.330,0,0.00
1990/07/12,3.370,3.370,3.370,3.370,0,0.00
1990/07/13,3.410,3.410,3.410,3.410,0,0.00
1990/07/16,3.570,3.570,3.570,3.570,0,0.00
1990/07/17,3.530,3.530,3.530,3.530,0,0.00
1990/07/18,3.590,3.590,3.590,3.590,0,0.00
1990/07/19,3.590,3.590,3.590,3.590,0,0.00
1990/07/20,3.550,3.550,3.550,3.550,0,0.00
1990/07/23,3.570,3.570,3.570,3.570,0,0.00
1990/07/24,3.510,3.510,3.510,3.510,0,0.00
1990/07/25,3.570,3.570,3.570,3.570,0,0.00
1990/07/26,3.490,3.490,3.490,3.490,0,0.00
1990/07/27,3.490,3.490,3.490,3.490,0,0.00
1990/07/30,3.450,3.450,3.450,3.450,0,0.00
1990/07/31,3.390,3.390,3.390,3.390,0,0.00
1990/08/01,3.450,3.450,3.450,3.450,0,0.00
1990/08/02,3.390,3.390,3.390,3.390,0,0.00
1990/08/03,3.330,3.330,3.330,3.330,0,0.00
1990/08/06,3.050,3.050,3.050,3.050,0,0.00
1990/08/07,3.110,3.110,3.110,3.110,0,0.00
1990/08/08,3.090,3.090,3.090,3.090,0,0.00
1990/08/09,3.050,3.050,3.050,3.050,0,0.00
1990/08/10,3.010,3.010,3.010,3.010,0,0.00
1990/08/13,2.990,2.990,2.990,2.990,0,0.00
1990/08/14,2.990,2.990,2.990,2.990,0,0.00
1990/08/15,3.110,3.110,3.110,3.110,0,0.00
1990/08/16,3.090,3.090,3.090,3.090,0,0.00
1990/08/17,3.050,3.050,3.050,3.050,0,0.00
1990/08/20,2.960,2.960,2.960,2.960,0,0.00
1990/08/21,2.940,2.940,2.940,2.940,0,0.00
1990/08/22,2.840,2.840,2.840,2.840,0,0.00
1990/08/23,2.640,2.640,2.640,2.640,0,0.00
1990/08/24,2.720,2.720,2.720,2.720,0,0.00
1990/08/27,2.720,2.720,2.720,2.720,0,0.00
1990/08/28,2.920,2.920,2.920,2.920,0,0.00
1990/08/29,2.920,2.920,2.920,2.920,0,0.00
1990/08/30,2.960,2.960,2.960,2.960,0,0.00
1990/08/31,3.010,3.010,3.010,3.010,0,0.00
1990/09/03,2.960,2.960,2.960,2.960,0,0.00
1990/09/04,3.050,3.050,3.050,3.050,0,0.00
1990/09/05,3.030,3.030,3.030,3.030,0,0.00
1990/09/06,3.010,3.010,3.010,3.010,0,0.00
1990/09/07,3.030,3.030,3.030,3.030,0,0.00
1990/09/10,3.030,3.030,3.030,3.030,0,0.00
1990/09/11,3.030,3.030,3.030,3.030,0,0.00
1990/09/12,3.050,3.050,3.050,3.050,0,0.00
1990/09/13,3.010,3.010,3.010,3.010,0,0.00
1990/09/14,2.990,2.990,2.990,2.990,0,0.00
1990/09/17,2.940,2.940,2.940,2.940,0,0.00
1990/09/18,2.900,2.900,2.900,2.900,0,0.00
1990/09/19,2.880,2.880,2.880,2.880,0,0.00
1990/09/20,2.880,2.880,2.880,2.880,0,0.00
1990/09/21,2.880,2.880,2.880,2.880,0,0.00
1990/09/24,2.880,2.880,2.880,2.880,0,0.00
1990/09/25,2.720,2.720,2.720,2.720,0,0.00
1990/09/26,2.760,2.760,2.760,2.760,0,0.00
1990/09/27,2.720,2.720,2.720,2.720,0,0.00
1990/09/28,2.760,2.760,2.760,2.760,0,0.00
1990/10/01,2.800,2.800,2.800,2.800,0,0.00
1990/10/02,2.860,2.860,2.860,2.860,0,0.00
1990/10/03,2.860,2.860,2.860,2.860,0,0.00
1990/10/05,2.860,2.860,2.860,2.860,0,0.00
1990/10/08,2.900,2.900,2.900,2.900,0,0.00
1990/10/09,2.900,2.900,2.900,2.900,0,0.00
1990/10/10,2.880,2.880,2.880,2.880,0,0.00
1990/10/11,2.900,2.900,2.900,2.900,0,0.00
1990/10/12,2.900,2.900,2.900,2.900,0,0.00
1990/10/15,2.920,2.920,2.920,2.920,0,0.00
1990/10/16,2.940,2.940,2.940,2.940,0,0.00
1990/10/17,2.960,2.960,2.960,2.960,0,0.00
1990/10/18,2.960,2.960,2.960,2.960,0,0.00
1990/10/19,3.010,3.010,3.010,3.010,0,0.00
1990/10/22,3.010,3.010,3.010,3.010,0,0.00
1990/10/23,3.050,3.050,3.050,3.050,0,0.00
1990/10/24,3.050,3.050,3.050,3.050,0,0.00
1990/10/25,3.050,3.050,3.050,3.050,0,0.00
1990/10/29,3.050,3.050,3.050,3.050,50,0.00
1990/10/30,2.920,2.920,2.920,2.920,50,0.00
1990/10/31,2.880,2.880,2.880,2.880,80,0.00
1990/11/01,2.800,2.800,2.800,2.800,300,0.00
1990/11/02,2.820,2.820,2.800,2.820,200,0.00
1990/11/05,2.820,2.820,2.820,2.820,120,0.00
1990/11/06,2.820,2.840,2.820,2.820,450,0.00
1990/11/07,2.800,2.800,2.780,2.800,370,0.00
1990/11/08,2.780,2.780,2.780,2.780,470,0.00
1990/11/09,2.780,2.780,2.780,2.780,120,0.00
1990/11/12,2.800,2.800,2.780,2.800,2500,0.00
1990/11/13,2.860,2.860,2.840,2.860,750,0.00
1990/11/14,2.860,2.860,2.820,2.860,300,0.00
1990/11/15,2.840,2.840,2.840,2.840,80,0.00
1990/11/16,2.840,2.860,2.840,2.840,280,0.00
1990/11/19,2.880,2.880,2.860,2.880,1570,0.00
1990/11/20,2.880,2.900,2.880,2.880,460,0.00
1990/11/21,2.880,2.880,2.840,2.880,350,0.00
1990/11/22,2.840,2.840,2.840,2.840,140,0.00
1990/11/23,2.840,2.840,2.820,2.840,2400,0.00
1990/11/26,2.840,2.860,2.840,2.840,450,0.00
1990/11/27,2.820,2.820,2.820,2.820,480,0.00
1990/11/28,2.840,2.840,2.800,2.840,750,0.00
1990/11/29,2.820,2.820,2.820,2.820,180,0.00
1990/11/30,2.800,2.820,2.800,2.800,620,0.00
1990/12/03,2.840,2.840,2.820,2.840,250,0.00
1990/12/04,2.840,2.840,2.820,2.840,1020,0.00
1990/12/05,2.940,2.940,2.880,2.940,320,0.00
1990/12/06,2.990,2.990,2.940,2.990,970,0.00
1990/12/07,3.050,3.050,3.030,3.050,2470,0.00
1990/12/10,3.030,3.030,3.010,3.030,500,0.00
1990/12/11,2.990,2.990,2.990,2.990,150,0.00
1990/12/12,3.010,3.010,2.990,3.010,720,0.00
1990/12/13,3.010,3.010,2.990,3.010,730,0.00
1990/12/14,3.010,3.010,3.010,3.010,120,0.00
1990/12/17,2.940,2.940,2.920,2.940,50,0.00
1990/12/18,2.920,2.940,2.920,2.920,680,0.00
1990/12/19,2.900,2.920,2.880,2.900,1000,0.00
1990/12/20,2.880,2.880,2.860,2.880,250,0.00
1990/12/21,2.900,2.920,2.880,2.900,120,0.00
1990/12/24,2.860,2.860,2.820,2.860,150,0.00
1990/12/27,2.880,2.880,2.880,2.880,250,0.00
1990/12/28,2.840,2.880,2.840,2.840,370,0.00
1990/12/31,2.780,2.780,2.760,2.780,620,0.00
1991/01/02,2.800,2.800,2.760,2.800,410,0.00
1991/01/03,2.780,2.800,2.760,2.780,560,0.00
1991/01/04,2.800,2.820,2.800,2.800,600,0.00
1991/01/07,2.780,2.780,2.780,2.780,50,0.00
1991/01/08,2.800,2.800,2.780,2.800,570,0.00
1991/01/09,2.840,2.860,2.800,2.840,280,0.00
1991/01/10,2.800,2.800,2.800,2.800,150,0.00
1991/01/11,2.840,2.840,2.840,2.840,120,0.00
1991/01/14,2.800,2.800,2.800,2.800,920,0.00
1991/01/15,2.780,2.780,2.780,2.780,550,0.00
1991/01/16,2.760,2.760,2.760,2.760,370,0.00
1991/01/17,2.920,2.920,2.840,2.920,1000,0.00
1991/01/18,2.920,2.940,2.920,2.920,770,0.00
1991/01/21,2.880,2.880,2.880,2.880,120,0.00
1991/01/22,2.860,2.860,2.840,2.860,1920,0.00
1991/01/23,2.880,2.900,2.840,2.880,3280,0.00
1991/01/24,2.900,2.920,2.900,2.900,3970,0.00
1991/01/25,2.990,2.990,2.920,2.990,6280,0.00
1991/01/28,2.990,3.010,2.990,2.990,1100,0.00
1991/01/29,3.010,3.050,3.010,3.010,2050,0.00
1991/01/30,3.010,3.030,3.010,3.010,720,0.00
1991/01/31,3.050,3.130,3.050,3.050,3020,0.00
1991/02/01,3.070,3.070,3.050,3.070,1610,0.00
1991/02/04,3.070,3.070,3.070,3.070,370,0.00
1991/02/05,3.150,3.150,3.090,3.150,2940,0.00
1991/02/06,3.190,3.190,3.130,3.190,1870,0.00
1991/02/07,3.210,3.230,3.190,3.210,2100,0.00
1991/02/08,3.210,3.210,3.190,3.210,2000,0.00
1991/02/11,3.310,3.330,3.270,3.310,3280,0.00
1991/02/12,3.370,3.370,3.330,3.370,5420,0.00
1991/02/13,3.390,3.390,3.330,3.390,3470,0.00
1991/02/18,3.390,3.430,3.390,3.390,1350,0.00
1991/02/19,3.330,3.390,3.330,3.330,1930,0.00
1991/02/20,3.350,3.370,3.330,3.350,1000,0.00
1991/02/21,3.350,3.350,3.330,3.350,870,0.00
1991/02/22,3.370,3.390,3.350,3.370,4090,0.00
1991/02/25,3.390,3.410,3.330,3.390,3300,0.00
1991/02/26,3.370,3.410,3.330,3.370,2170,0.00
1991/02/27,3.330,3.370,3.330,3.330,1090,0.00
1991/02/28,3.370,3.390,3.350,3.370,5530,0.00
1991/03/01,3.430,3.450,3.370,3.430,6200,0.00
1991/03/04,3.550,3.570,3.490,3.550,5110,0.00
1991/03/05,3.530,3.570,3.530,3.530,6540,0.00
1991/03/06,3.590,3.610,3.570,3.590,12780,0.00
1991/03/07,3.530,3.570,3.530,3.530,4110,0.00
1991/03/08,3.550,3.550,3.530,3.550,2450,0.00
1991/03/11,3.550,3.570,3.530,3.550,6670,0.00
1991/03/12,3.530,3.570,3.530,3.530,4780,0.00
1991/03/13,3.530,3.530,3.530,3.530,3510,0.00
1991/03/14,3.530,3.550,3.530,3.530,3880,0.00
1991/03/15,3.610,3.610,3.530,3.610,6380,0.00
1991/03/18,3.550,3.550,3.550,3.550,2270,0.00
1991/03/19,3.550,3.570,3.550,3.550,2140,0.00
1991/03/20,3.510,3.530,3.510,3.510,1950,0.00
1991/03/21,3.510,3.530,3.490,3.510,950,0.00
1991/03/22,3.510,3.510,3.510,3.510,1250,0.00
1991/03/25,3.530,3.530,3.530,3.530,620,0.00
1991/03/26,3.490,3.490,3.490,3.490,800,0.00
1991/03/27,3.510,3.530,3.510,3.510,1050,0.00
1991/03/28,3.590,3.590,3.510,3.590,2420,0.00
1991/04/02,3.590,3.610,3.570,3.590,1000,0.00
1991/04/03,3.610,3.610,3.590,3.610,4090,0.00
1991/04/04,3.690,3.690,3.570,3.690,14480,0.00
1991/04/08,3.830,3.890,3.750,3.830,24290,0.00
1991/04/09,3.810,3.870,3.770,3.810,19670,0.00
1991/04/10,3.870,3.890,3.770,3.870,12230,0.00
1991/04/11,3.810,3.890,3.810,3.810,7760,0.00
1991/04/12,3.770,3.830,3.750,3.770,5080,0.00
1991/04/15,3.790,3.810,3.750,3.790,3430,0.00
1991/04/16,3.810,3.810,3.790,3.810,2120,0.00
1991/04/17,3.850,3.870,3.830,3.850,5940,0.00
1991/04/18,3.890,3.890,3.850,3.890,3120,0.00
1991/04/19,3.830,3.890,3.830,3.830,5920,0.00
1991/04/22,3.710,3.770,3.690,3.710,7690,0.00
1991/04/23,3.610,3.690,3.610,3.610,4620,0.00
1991/04/24,3.670,3.710,3.650,3.670,7310,0.00
1991/04/25,3.670,3.670,3.650,3.670,4280,0.00
1991/04/26,3.690,3.690,3.670,3.690,6710,0.00
1991/04/29,3.730,3.750,3.690,3.730,3640,0.00
1991/04/30,3.750,3.770,3.730,3.750,2900,0.00
1991/05/01,3.710,3.730,3.690,3.710,1400,0.00
1991/05/02,3.790,3.810,3.750,3.790,2400,0.00
1991/05/03,3.790,3.810,3.770,3.790,2180,0.00
1991/05/06,3.770,3.770,3.730,3.770,920,0.00
1991/05/07,3.750,3.770,3.750,3.750,7460,0.00
1991/05/08,3.730,3.770,3.730,3.730,1320,0.00
1991/05/09,3.730,3.730,3.730,3.730,370,0.00
1991/05/10,3.770,3.770,3.730,3.770,1070,0.00
1991/05/13,3.730,3.770,3.730,3.730,3970,0.00
1991/05/14,3.730,3.770,3.730,3.730,1920,0.00
1991/05/15,3.730,3.750,3.730,3.730,2500,0.00
1991/05/16,3.770,3.810,3.730,3.770,3270,0.00
1991/05/17,3.830,3.830,3.770,3.830,1600,0.00
1991/05/20,3.710,3.770,3.710,3.710,2570,0.00
1991/05/21,3.630,3.690,3.630,3.630,2980,0.00
1991/05/22,3.630,3.630,3.630,3.630,120,0.00
1991/05/23,3.550,3.550,3.550,3.550,450,0.00
1991/05/24,3.530,3.590,3.510,3.530,3790,0.00
1991/05/27,3.330,3.370,3.330,3.330,1800,0.00
1991/05/28,3.370,3.410,3.370,3.370,850,0.00
1991/05/29,3.410,3.410,3.390,3.410,1820,0.00
1991/05/30,3.450,3.470,3.430,3.450,3620,0.00
1991/05/31,3.490,3.510,3.490,3.490,2250,0.00
1991/06/03,3.530,3.530,3.510,3.530,1370,0.00
1991/06/04,3.530,3.530,3.530,3.530,50,0.00
1991/06/05,3.510,3.530,3.510,3.510,1950,0.00
1991/06/06,3.490,3.510,3.490,3.490,750,0.00
1991/06/07,3.490,3.490,3.490,3.490,1150,0.00
1991/06/10,3.490,3.490,3.490,3.490,970,0.00
1991/06/11,3.510,3.530,3.510,3.510,570,0.00
1991/06/12,3.510,3.530,3.510,3.510,1210,0.00
1991/06/13,3.530,3.530,3.530,3.530,250,0.00
1991/06/14,3.510,3.510,3.510,3.510,120,0.00
1991/06/19,3.430,3.490,3.430,3.430,1800,0.00
1991/06/20,3.410,3.430,3.410,3.410,560,0.00
1991/06/21,3.430,3.430,3.410,3.430,1400,0.00
1991/06/24,3.450,3.450,3.430,3.450,520,0.00
1991/06/25,3.430,3.450,3.410,3.430,1570,0.00
1991/06/26,3.450,3.450,3.430,3.450,400,0.00
1991/06/27,3.490,3.490,3.450,3.490,280,0.00
1991/06/28,3.510,3.510,3.510,3.510,650,0.00
1991/07/01,3.550,3.550,3.550,3.550,720,0.00
1991/07/02,3.570,3.590,3.570,3.570,1320,0.00
1991/07/03,3.570,3.610,3.530,3.570,1470,0.00
1991/07/04,3.630,3.630,3.610,3.630,1950,0.00
1991/07/05,3.670,3.690,3.630,3.670,5070,0.00
1991/07/08,3.650,3.750,3.610,3.650,3950,0.00
1991/07/09,3.770,3.770,3.650,3.770,1400,0.00
1991/07/10,3.730,3.790,3.690,3.730,5050,0.00
1991/07/11,3.690,3.730,3.670,3.690,1800,0.00
1991/07/12,3.770,3.790,3.730,3.770,8140,0.00
1991/07/15,3.790,3.810,3.790,3.790,3570,0.00
1991/07/16,3.990,4.010,3.850,3.990,26410,0.00
1991/07/17,3.890,4.010,3.890,3.890,17060,0.00
1991/07/18,3.970,3.990,3.910,3.970,8350,0.00
1991/07/19,4.010,4.090,3.970,4.010,9330,0.00
1991/07/22,3.990,4.050,3.970,3.990,5040,0.00
1991/07/23,4.010,4.010,3.990,4.010,1520,0.00
1991/07/24,4.010,4.010,3.990,4.010,1470,0.00
1991/07/25,4.010,4.010,3.990,4.010,3200,0.00
1991/07/26,4.050,4.090,3.970,4.050,14070,0.00
1991/07/29,4.130,4.210,4.050,4.130,10590,0.00
1991/07/30,4.250,4.250,4.130,4.250,13760,0.00
1991/07/31,4.250,4.250,4.170,4.250,8480,0.00
1991/08/01,4.290,4.330,4.250,4.290,11040,0.00
1991/08/02,4.370,4.410,4.330,4.370,25080,0.00
1991/08/05,4.250,4.370,4.250,4.250,5630,0.00
1991/08/06,4.210,4.290,4.210,4.210,3320,0.00
1991/08/07,4.250,4.250,4.210,4.250,3870,0.00
1991/08/08,4.210,4.250,4.130,4.210,4830,0.00
1991/08/09,4.130,4.210,4.090,4.130,3490,0.00
1991/08/12,4.210,4.290,4.210,4.210,2840,0.00
1991/08/13,4.170,4.210,4.170,4.170,1770,0.00
1991/08/14,4.210,4.210,4.170,4.210,3140,0.00
1991/08/15,4.130,4.210,4.130,4.130,4620,0.00
1991/08/16,4.130,4.130,4.130,4.130,1600,0.00
1991/08/19,3.870,4.090,3.770,3.870,76600,0.00
1991/08/20,3.850,3.910,3.810,3.850,32250,0.00
1991/08/21,3.870,3.870,3.810,3.870,21440,0.00
1991/08/22,4.090,4.130,4.050,4.090,13750,0.00
1991/08/23,4.130,4.130,4.090,4.130,620,0.00
1991/08/26,4.130,4.130,4.130,4.130,0,0.00
1991/08/27,4.010,4.170,4.010,4.010,3440,0.00
1991/08/28,4.050,4.050,4.010,4.050,400,0.00
1991/08/29,4.090,4.090,4.050,4.090,2070,0.00
1991/08/30,4.050,4.090,4.050,4.050,790,0.00
1991/09/02,4.090,4.130,4.090,4.090,1200,0.00
1991/09/03,4.090,4.090,4.090,4.090,1110,0.00
1991/09/04,4.090,4.090,4.090,4.090,280,0.00
1991/09/05,4.130,4.130,4.090,4.130,1940,0.00
1991/09/06,4.090,4.090,4.050,4.090,1780,0.00
1991/09/09,4.050,4.130,4.050,4.050,2510,0.00
1991/09/10,4.090,4.090,4.010,4.090,1310,0.00
1991/09/11,4.090,4.130,4.090,4.090,310,0.00
1991/09/12,4.090,4.130,4.090,4.090,500,0.00
1991/09/13,4.090,4.090,4.050,4.090,1250,0.00
1991/09/16,4.090,4.130,4.090,4.090,1650,0.00
1991/09/17,4.090,4.130,4.050,4.090,3070,0.00
1991/09/18,4.130,4.130,4.090,4.130,2620,0.00
1991/09/19,4.090,4.170,4.090,4.090,2330,0.00
1991/09/20,4.090,4.130,4.090,4.090,1790,0.00
1991/09/24,4.090,4.090,4.090,4.090,1780,0.00
1991/09/25,4.090,4.130,4.090,4.090,1400,0.00
1991/09/26,4.130,4.130,4.090,4.130,620,0.00
1991/09/27,4.090,4.130,4.090,4.090,2320,0.00
1991/09/30,4.210,4.250,4.130,4.210,4200,0.00
1991/10/01,4.250,4.330,4.210,4.250,5760,0.00
1991/10/02,4.210,4.250,4.170,4.210,3690,0.00
1991/10/03,4.170,4.170,4.130,4.170,5820,0.00
1991/10/04,4.210,4.210,4.130,4.210,5240,0.00
1991/10/07,4.250,4.250,4.210,4.250,1850,0.00
1991/10/08,4.210,4.250,4.210,4.210,1270,0.00
1991/10/09,4.210,4.250,4.170,4.210,1420,0.00
1991/10/10,4.130,4.170,4.130,4.130,1550,0.00
1991/10/11,4.090,4.130,4.090,4.090,1720,0.00
1991/10/14,4.130,4.130,4.090,4.130,1470,0.00
1991/10/15,4.170,4.170,4.130,4.170,1500,0.00
1991/10/17,4.170,4.170,4.170,4.170,350,0.00
1991/10/18,4.130,4.170,4.130,4.130,570,0.00
1991/10/21,4.210,4.210,4.170,4.210,1100,0.00
1991/10/22,4.130,4.170,4.130,4.130,1330,0.00
1991/10/23,4.170,4.170,4.130,4.170,1220,0.00
1991/10/24,4.170,4.170,4.130,4.170,1250,0.00
1991/10/25,4.170,4.210,4.170,4.170,1150,0.00
1991/10/28,4.210,4.210,4.170,4.210,1600,0.00
1991/10/29,4.250,4.290,4.250,4.250,1820,0.00
1991/10/30,4.250,4.290,4.250,4.250,1640,0.00
1991/10/31,4.250,4.290,4.250,4.250,1500,0.00
1991/11/01,4.250,4.250,4.210,4.250,2400,0.00
1991/11/04,4.210,4.210,4.170,4.210,1020,0.00
1991/11/05,4.210,4.250,4.170,4.210,5490,0.00
1991/11/06,4.170,4.210,4.170,4.170,1310,0.00
1991/11/07,4.250,4.290,4.170,4.250,2640,0.00
1991/11/08,4.290,4.370,4.250,4.290,2870,0.00
1991/11/11,4.290,4.370,4.290,4.290,3810,0.00
1991/11/12,4.330,4.330,4.210,4.330,2470,0.00
1991/11/13,4.290,4.370,4.290,4.290,3750,0.00
1991/11/14,4.250,4.250,4.210,4.250,950,0.00
1991/11/15,4.290,4.330,4.290,4.290,2500,0.00
1991/11/18,4.170,4.210,4.170,4.170,1900,0.00
1991/11/19,4.250,4.290,4.210,4.250,800,0.00
1991/11/20,4.210,4.250,4.210,4.210,2470,0.00
1991/11/21,4.210,4.210,4.210,4.210,2690,0.00
1991/11/22,4.210,4.210,4.170,4.210,1650,0.00
1991/11/25,4.170,4.210,4.130,4.170,4940,0.00
1991/11/26,4.130,4.170,4.130,4.130,2600,0.00
1991/11/27,4.090,4.170,4.090,4.090,1470,0.00
1991/11/28,4.050,4.050,4.050,4.050,320,0.00
1991/11/29,4.130,4.170,4.130,4.130,1420,0.00
1991/12/02,4.050,4.130,4.050,4.050,2230,0.00
1991/12/03,4.090,4.130,4.090,4.090,670,0.00
1991/12/04,4.170,4.210,4.130,4.170,550,0.00
1991/12/05,4.090,4.170,4.090,4.090,1870,0.00
1991/12/06,4.170,4.170,4.090,4.170,600,0.00
1991/12/09,4.130,4.130,4.130,4.130,750,0.00
1991/12/10,4.090,4.090,4.090,4.090,950,0.00
1991/12/11,4.050,4.090,4.050,4.050,800,0.00
1991/12/12,4.090,4.090,4.090,4.090,600,0.00
1991/12/13,4.130,4.170,4.090,4.130,1650,0.00
1991/12/16,4.130,4.130,4.130,4.130,250,0.00
1991/12/17,4.130,4.130,4.090,4.130,1350,0.00
1991/12/18,4.130,4.130,4.130,4.130,850,0.00
1991/12/19,4.130,4.130,4.130,4.130,370,0.00
1991/12/20,4.090,4.130,4.090,4.090,1100,0.00
1991/12/23,4.130,4.130,4.130,4.130,250,0.00
1991/12/24,4.170,4.170,4.170,4.170,500,0.00
1991/12/27,4.170,4.210,4.170,4.170,1470,0.00
1991/12/30,4.250,4.250,4.170,4.250,1550,0.00
1991/12/31,4.290,4.290,4.250,4.290,1200,0.00
1992/01/02,4.290,4.370,4.290,4.290,4640,0.00
1992/01/03,4.290,4.290,4.290,4.290,2800,0.00
1992/01/06,4.290,4.290,4.250,4.290,1920,0.00
1992/01/07,4.290,4.290,4.250,4.290,1280,0.00
1992/01/08,4.250,4.290,4.250,4.250,2020,0.00
1992/01/09,4.250,4.250,4.250,4.250,1320,0.00
1992/01/10,4.210,4.250,4.210,4.210,1620,0.00
1992/01/13,4.210,4.210,4.170,4.210,800,0.00
1992/01/14,4.210,4.250,4.210,4.210,540,0.00
1992/01/15,4.250,4.290,4.250,4.250,3110,0.00
1992/01/16,4.250,4.290,4.250,4.250,3030,0.00
1992/01/17,4.290,4.330,4.290,4.290,4320,0.00
1992/01/20,4.330,4.370,4.290,4.330,4890,0.00
1992/01/21,4.330,4.370,4.330,4.330,3070,0.00
1992/01/22,4.450,4.490,4.330,4.450,13100,0.00
1992/01/23,4.650,4.690,4.570,4.650,25730,0.00
1992/01/24,4.610,4.730,4.570,4.610,11620,0.00
1992/01/27,4.650,4.730,4.610,4.650,8460,0.00
1992/01/28,4.690,4.730,4.650,4.690,5920,0.00
1992/01/29,4.570,4.690,4.570,4.570,2250,0.00
1992/01/30,4.610,4.610,4.490,4.610,1620,0.00
1992/01/31,4.690,4.690,4.650,4.690,2120,0.00
1992/02/03,4.770,4.810,4.730,4.770,3730,0.00
1992/02/07,4.730,4.810,4.690,4.730,2020,0.00
1992/02/10,4.730,4.730,4.650,4.730,4340,0.00
1992/02/11,4.610,4.730,4.610,4.610,2550,0.00
1992/02/12,4.690,4.690,4.650,4.690,1160,0.00
1992/02/13,4.690,4.730,4.650,4.690,1820,0.00
1992/02/14,4.690,4.690,4.650,4.690,4140,0.00
1992/02/17,4.690,4.690,4.650,4.690,1420,0.00
1992/02/18,4.690,4.690,4.650,4.690,1130,0.00
1992/02/19,4.690,4.690,4.650,4.690,2720,0.00
1992/02/20,4.650,4.650,4.650,4.650,1270,0.00
1992/02/21,4.690,4.690,4.650,4.690,1760,0.00
1992/02/24,4.730,4.730,4.690,4.730,2350,0.00
1992/02/25,4.890,4.890,4.770,4.890,5990,0.00
1992/02/26,4.890,4.930,4.890,4.890,7590,0.00
1992/02/27,4.930,4.930,4.890,4.930,5640,0.00
1992/02/28,4.970,5.050,4.930,4.970,8040,0.00
1992/03/02,5.170,5.170,5.050,5.170,27000,0.00
1992/03/03,5.170,5.210,5.090,5.170,9780,0.00
1992/03/04,5.210,5.210,5.170,5.210,8920,0.00
1992/03/05,5.170,5.210,5.130,5.170,4960,0.00
1992/03/06,5.050,5.130,4.970,5.050,8870,0.00
1992/03/09,5.010,5.050,4.970,5.010,4490,0.00
1992/03/10,5.130,5.130,5.050,5.130,1970,0.00
1992/03/11,5.170,5.250,5.170,5.170,8290,0.00
1992/03/12,5.170,5.210,5.170,5.170,3690,0.00
1992/03/13,5.170,5.210,5.170,5.170,6250,0.00
1992/03/16,5.130,5.210,5.090,5.130,6390,0.00
1992/03/17,5.090,5.130,5.050,5.090,5570,0.00
1992/03/18,5.130,5.130,5.050,5.130,5080,0.00
1992/03/19,5.090,5.210,5.050,5.090,8590,0.00
1992/03/20,5.130,5.130,5.090,5.130,3320,0.00
1992/03/23,5.130,5.170,5.130,5.130,2220,0.00
1992/03/24,5.090,5.130,5.090,5.090,1270,0.00
1992/03/25,5.090,5.130,5.090,5.090,3720,0.00
1992/03/26,5.330,5.410,5.130,5.330,16320,0.00
1992/03/27,5.490,5.610,5.330,5.490,38790,0.00
1992/03/30,5.450,5.530,5.410,5.450,13930,0.00
1992/03/31,5.450,5.490,5.450,5.450,13980,0.00
1992/04/01,5.570,5.770,5.450,5.570,43840,0.00
1992/04/02,5.730,5.730,5.650,5.730,56800,0.00
1992/04/03,5.730,5.810,5.730,5.730,27030,0.00
1992/04/06,5.690,5.770,5.690,5.690,6610,0.00
1992/04/07,5.690,5.730,5.650,5.690,10230,0.00
1992/04/08,5.570,5.650,5.530,5.570,7890,0.00
1992/04/09,5.490,5.610,5.490,5.490,11510,0.00
1992/04/10,5.650,5.690,5.570,5.650,20940,0.00
1992/04/13,5.650,5.690,5.610,5.650,6390,0.00
1992/04/14,5.650,5.650,5.650,5.650,5020,0.00
1992/04/15,5.730,5.730,5.690,5.730,16170,0.00
1992/04/16,5.730,5.770,5.730,5.730,13780,0.00
1992/04/21,5.890,5.970,5.770,5.890,22980,0.00
1992/04/22,5.970,6.010,5.890,5.970,26260,0.00
1992/04/23,6.130,6.170,6.090,6.130,30320,0.00
1992/04/24,6.210,6.250,6.170,6.210,29820,0.00
1992/04/27,6.250,6.250,6.130,6.250,10860,0.00
1992/04/28,6.250,6.290,6.210,6.250,17100,0.00
1992/04/29,6.210,6.250,6.090,6.210,8110,0.00
1992/04/30,6.290,6.290,6.210,6.290,20760,0.00
1992/05/01,6.110,6.110,6.010,6.110,13380,0.00
1992/05/04,6.200,6.250,6.150,6.200,19490,0.00
1992/05/05,6.110,6.250,6.060,6.110,6430,0.00
1992/05/06,6.010,6.150,6.010,6.010,5910,0.00
1992/05/07,6.060,6.110,5.910,6.060,5450,0.00
1992/05/08,6.110,6.110,6.060,6.110,3100,0.00
1992/05/11,6.110,6.110,6.010,6.110,3240,0.00
1992/05/12,6.150,6.150,6.060,6.150,7840,0.00
1992/05/13,6.110,6.200,6.110,6.110,7240,0.00
1992/05/14,6.060,6.200,6.010,6.060,10190,0.00
1992/05/15,6.060,6.110,6.060,6.060,3850,0.00
1992/05/18,5.910,6.010,5.870,5.910,6550,0.00
1992/05/19,5.910,5.910,5.910,5.910,8430,0.00
1992/05/20,5.910,5.960,5.870,5.910,5470,0.00
1992/05/21,6.010,6.110,5.960,6.010,14760,0.00
1992/05/22,6.010,6.150,6.010,6.010,10460,0.00
1992/05/25,6.150,6.300,6.110,6.150,18100,0.00
1992/05/26,6.490,6.590,6.200,6.490,37630,0.00
1992/05/27,6.540,6.590,6.440,6.540,20550,0.00
1992/05/28,6.350,6.540,6.350,6.350,9260,0.00
1992/05/29,6.440,6.490,6.350,6.440,11280,0.00
1992/06/01,6.490,6.680,6.440,6.490,18800,0.00
1992/06/02,6.830,6.830,6.490,6.830,50280,0.00
1992/06/03,6.830,6.920,6.830,6.830,20330,0.00
1992/06/04,6.830,6.880,6.780,6.830,11630,0.00
1992/06/08,6.830,6.920,6.780,6.830,12550,0.00
1992/06/09,6.640,6.730,6.590,6.640,7940,0.00
1992/06/10,6.490,6.680,6.440,6.490,11100,0.00
1992/06/11,6.390,6.540,6.350,6.390,8550,0.00
1992/06/12,6.440,6.490,6.350,6.440,7140,0.00
1992/06/15,6.440,6.440,6.440,6.440,0,0.00
1992/06/16,6.540,6.540,6.390,6.540,9160,0.00
1992/06/17,6.490,6.590,6.490,6.490,4040,0.00
1992/06/18,6.490,6.490,6.440,6.490,2420,0.00
1992/06/19,6.390,6.490,6.390,6.390,1700,0.00
1992/06/22,6.390,6.490,6.390,6.390,3790,0.00
1992/06/23,6.490,6.540,6.390,6.490,4240,0.00
1992/06/24,6.540,6.680,6.540,6.540,2980,0.00
1992/06/25,6.680,6.730,6.640,6.680,6610,0.00
1992/06/26,6.640,6.780,6.590,6.640,5700,0.00
1992/06/29,6.590,6.680,6.590,6.590,3640,0.00
1992/06/30,6.640,6.640,6.590,6.640,3740,0.00
1992/07/01,6.730,6.830,6.640,6.730,10670,0.00
1992/07/02,6.680,6.880,6.680,6.680,12580,0.00
1992/07/03,6.830,6.880,6.680,6.830,27130,0.00
1992/07/06,6.880,6.920,6.830,6.880,22240,0.00
1992/07/07,6.730,6.780,6.640,6.730,10120,0.00
1992/07/08,6.730,6.780,6.680,6.730,7180,0.00
1992/07/09,6.730,6.730,6.730,6.730,4690,0.00
1992/07/10,6.830,6.830,6.780,6.830,3770,0.00
1992/07/13,6.830,6.920,6.780,6.830,5840,0.00
1992/07/14,6.880,6.970,6.880,6.880,10260,0.00
1992/07/15,6.920,6.970,6.880,6.920,6760,0.00
1992/07/16,6.920,7.020,6.920,6.920,10790,0.00
1992/07/17,6.920,6.920,6.880,6.920,4550,0.00
1992/07/20,6.830,6.880,6.780,6.830,5100,0.00
1992/07/21,6.780,6.830,6.780,6.780,4620,0.00
1992/07/22,6.780,6.780,6.780,6.780,0,0.00
1992/07/23,6.640,6.780,6.590,6.640,6340,0.00
1992/07/24,6.390,6.590,6.390,6.390,5190,0.00
1992/07/27,6.250,6.440,6.250,6.250,4600,0.00
1992/07/28,6.350,6.440,6.350,6.350,4590,0.00
1992/07/29,6.440,6.490,6.440,6.440,4680,0.00
1992/07/30,6.390,6.490,6.390,6.390,2590,0.00
1992/07/31,6.540,6.590,6.350,6.540,3490,0.00
1992/08/03,6.590,6.640,6.590,6.590,1480,0.00
1992/08/04,6.440,6.590,6.440,6.440,1390,0.00
1992/08/05,6.540,6.590,6.490,6.540,1210,0.00
1992/08/06,6.540,6.590,6.490,6.540,1620,0.00
1992/08/07,6.440,6.540,6.390,6.440,2970,0.00
1992/08/10,6.490,6.540,6.440,6.490,550,0.00
1992/08/11,6.490,6.490,6.490,6.490,2250,0.00
1992/08/12,6.490,6.540,6.490,6.490,6050,0.00
1992/08/13,6.490,6.540,6.440,6.490,1190,0.00
1992/08/14,6.490,6.540,6.490,6.490,3800,0.00
1992/08/17,6.300,6.440,6.300,6.300,1880,0.00
1992/08/18,6.300,6.350,6.250,6.300,3930,0.00
1992/08/19,6.250,6.350,6.200,6.250,2130,0.00
1992/08/20,6.010,6.150,6.010,6.010,4560,0.00
1992/08/21,6.060,6.060,5.960,6.060,2970,0.00
1992/08/24,5.870,6.060,5.870,5.870,1850,0.00
1992/08/25,5.820,5.820,5.670,5.820,2510,0.00
1992/08/26,6.060,6.060,5.870,6.060,1640,0.00
1992/08/27,6.060,6.150,6.060,6.060,2890,0.00
1992/08/28,6.150,6.150,6.060,6.150,8410,0.00
1992/08/31,6.150,6.150,6.150,6.150,0,0.00
1992/09/01,6.300,6.300,6.150,6.300,1850,0.00
1992/09/02,6.300,6.350,6.250,6.300,3610,0.00
1992/09/03,6.250,6.250,6.200,6.250,1190,0.00
1992/09/04,6.250,6.300,6.250,6.250,4440,0.00
1992/09/07,6.110,6.200,6.110,6.110,4140,0.00
1992/09/08,6.200,6.200,6.110,6.200,1550,0.00
1992/09/09,6.300,6.300,6.200,6.300,450,0.00
1992/09/10,6.150,6.200,6.150,6.150,9180,0.00
1992/09/11,6.200,6.200,6.150,6.200,350,0.00
1992/09/14,6.250,6.300,6.250,6.250,1080,0.00
1992/09/15,6.350,6.350,6.300,6.350,1540,0.00
1992/09/16,6.490,6.490,6.350,6.490,2060,0.00
1992/09/17,6.440,6.490,6.350,6.440,2680,0.00
1992/09/18,6.730,6.730,6.540,6.730,7570,0.00
1992/09/21,6.730,6.880,6.680,6.730,5540,0.00
1992/09/22,6.730,6.780,6.680,6.730,4790,0.00
1992/09/23,6.680,6.730,6.640,6.680,4820,0.00
1992/09/24,6.730,6.780,6.680,6.730,5180,0.00
1992/09/25,6.780,6.830,6.730,6.780,9350,0.00
1992/09/28,6.730,6.780,6.680,6.730,8220,0.00
1992/09/29,6.680,6.780,6.680,6.680,2890,0.00
1992/09/30,6.540,6.680,6.540,6.540,8690,0.00
1992/10/01,6.640,6.680,6.490,6.640,1640,0.00
1992/10/02,6.680,6.730,6.640,6.680,2370,0.00
1992/10/06,6.640,6.640,6.540,6.640,3560,0.00
1992/10/07,6.680,6.730,6.640,6.680,2300,0.00
1992/10/08,6.680,6.680,6.640,6.680,1210,0.00
1992/10/09,6.730,6.730,6.680,6.730,1790,0.00
1992/10/12,6.880,6.920,6.830,6.880,4220,0.00
1992/10/13,6.680,6.730,6.640,6.680,1270,0.00
1992/10/14,6.590,6.680,6.590,6.590,960,0.00
1992/10/15,6.590,6.730,6.590,6.590,3520,0.00
1992/10/16,6.640,6.730,6.640,6.640,2870,0.00
1992/10/19,6.730,6.730,6.680,6.730,2840,0.00
1992/10/20,6.830,6.920,6.730,6.830,11570,0.00
1992/10/21,6.880,6.920,6.780,6.880,5340,0.00
1992/10/22,6.970,6.970,6.920,6.970,9350,0.00
1992/10/23,6.920,7.120,6.880,6.920,8220,0.00
1992/10/26,6.680,6.780,6.640,6.680,3380,0.00
1992/10/27,6.830,6.880,6.730,6.830,4530,0.00
1992/10/28,6.780,6.780,6.730,6.780,2840,0.00
1992/10/29,6.730,6.780,6.730,6.730,1170,0.00
1992/10/30,6.730,6.780,6.730,6.730,3320,0.00
1992/11/02,6.730,6.780,6.680,6.730,4010,0.00
1992/11/03,6.730,6.730,6.680,6.730,5810,0.00
1992/11/04,7.020,7.020,6.730,7.020,14780,0.00
1992/11/05,7.020,7.020,6.830,7.020,14340,0.00
1992/11/06,6.970,7.120,6.920,6.970,8120,0.00
1992/11/09,6.830,6.920,6.830,6.830,4960,0.00
1992/11/10,6.880,6.920,6.830,6.880,4420,0.00
1992/11/11,6.970,6.970,6.880,6.970,3070,0.00
1992/11/12,6.970,6.970,6.920,6.970,7240,0.00
1992/11/13,6.880,6.970,6.880,6.880,8490,0.00
1992/11/16,6.780,6.830,6.780,6.780,4360,0.00
1992/11/17,6.590,6.730,6.540,6.590,10980,0.00
1992/11/18,6.390,6.540,6.350,6.390,10630,0.00
1992/11/19,6.350,6.490,6.150,6.350,7670,0.00
1992/11/20,6.440,6.490,6.300,6.440,10950,0.00
1992/11/23,6.490,6.490,6.390,6.490,2730,0.00
1992/11/24,6.590,6.590,6.540,6.590,4120,0.00
1992/11/25,6.490,6.590,6.490,6.490,2200,0.00
1992/11/26,6.490,6.590,6.490,6.490,4260,0.00
1992/11/27,6.640,6.640,6.540,6.640,3830,0.00
1992/11/30,6.440,6.540,6.440,6.440,1350,0.00
1992/12/01,6.110,6.250,5.960,6.110,6880,0.00
1992/12/02,6.010,6.060,5.870,6.010,3540,0.00
1992/12/03,5.290,5.870,5.240,5.290,8570,0.00
1992/12/04,5.820,5.870,5.480,5.820,7790,0.00
1992/12/07,5.580,5.630,5.430,5.580,2440,0.00
1992/12/08,5.720,5.720,5.530,5.720,3310,0.00
1992/12/09,5.820,5.870,5.770,5.820,5680,0.00
1992/12/10,5.720,5.870,5.720,5.720,3270,0.00
1992/12/11,5.720,5.720,5.720,5.720,690,0.00
1992/12/14,5.820,5.870,5.720,5.820,2220,0.00
1992/12/15,5.910,5.960,5.870,5.910,2810,0.00
1992/12/16,6.010,6.010,5.870,6.010,3780,0.00
1992/12/17,5.910,6.010,5.870,5.910,2450,0.00
1992/12/18,5.820,5.870,5.770,5.820,4930,0.00
1992/12/21,5.770,5.770,5.670,5.770,1580,0.00
1992/12/22,5.770,5.820,5.720,5.770,2140,0.00
1992/12/23,5.770,5.870,5.770,5.770,2200,0.00
1992/12/24,5.910,5.910,5.870,5.910,1640,0.00
1992/12/28,6.010,6.060,5.960,6.010,4060,0.00
1992/12/29,5.960,6.060,5.960,5.960,10750,0.00
1992/12/30,6.010,6.010,6.010,6.010,5010,0.00
1992/12/31,6.060,6.060,6.010,6.060,1140,0.00
1993/01/04,6.110,6.150,6.010,6.110,4490,0.00
1993/01/05,6.200,6.250,6.150,6.200,2750,0.00
1993/01/06,6.250,6.250,6.150,6.250,3680,0.00
1993/01/07,6.150,6.200,6.150,6.150,1430,0.00
1993/01/08,6.150,6.200,6.150,6.150,1590,0.00
1993/01/11,6.440,6.490,6.200,6.440,4600,0.00
1993/01/12,6.300,6.440,6.250,6.300,2050,0.00
1993/01/13,6.440,6.490,6.350,6.440,3620,0.00
1993/01/14,6.490,6.540,6.440,6.490,3020,0.00
1993/01/15,6.540,6.540,6.390,6.540,2660,0.00
1993/01/18,6.540,6.540,6.440,6.540,790,0.00
1993/01/19,6.540,6.590,6.540,6.540,2700,0.00
1993/01/20,6.540,6.540,6.490,6.540,1700,0.00
1993/01/21,6.540,6.590,6.490,6.540,1620,0.00
1993/01/26,6.490,6.590,6.440,6.490,850,0.00
1993/01/27,6.540,6.590,6.440,6.540,4480,0.00
1993/01/28,6.390,6.490,6.350,6.390,2790,0.00
1993/01/29,6.440,6.540,6.250,6.440,3520,0.00
1993/02/01,6.440,6.440,6.350,6.440,2660,0.00
1993/02/02,6.390,6.440,6.390,6.390,1870,0.00
1993/02/03,6.390,6.390,6.350,6.390,4600,0.00
1993/02/04,6.390,6.440,6.390,6.390,3370,0.00
1993/02/05,6.350,6.490,6.350,6.350,3390,0.00
1993/02/08,6.440,6.440,6.350,6.440,1670,0.00
1993/02/09,6.490,6.490,6.490,6.490,2060,0.00
1993/02/10,6.540,6.590,6.490,6.540,2040,0.00
1993/02/11,6.590,6.640,6.540,6.590,2520,0.00
1993/02/12,6.680,6.680,6.590,6.680,2570,0.00
1993/02/15,6.830,6.830,6.780,6.830,8490,0.00
1993/02/16,6.730,6.880,6.680,6.730,5590,0.00
1993/02/17,6.780,6.780,6.730,6.780,5500,0.00
1993/02/18,6.880,6.920,6.830,6.880,10240,0.00
1993/02/19,6.830,6.970,6.830,6.830,6470,0.00
1993/02/22,6.880,6.920,6.880,6.880,6300,0.00
1993/02/23,6.830,6.880,6.830,6.830,6420,0.00
1993/02/24,6.880,6.880,6.830,6.880,7110,0.00
1993/02/25,6.920,6.970,6.920,6.920,6140,0.00
1993/02/26,7.020,7.020,6.970,7.020,10630,0.00
1993/03/01,7.020,7.070,6.920,7.020,5770,0.00
1993/03/02,7.070,7.160,7.020,7.070,14190,0.00
1993/03/03,7.160,7.260,7.120,7.160,19650,0.00
1993/03/04,7.260,7.360,7.210,7.260,15340,0.00
1993/03/05,7.400,7.400,7.260,7.400,15970,0.00
1993/03/08,7.310,7.360,7.260,7.310,6920,0.00
1993/03/09,7.360,7.400,7.310,7.360,8950,0.00
1993/03/10,7.360,7.360,7.210,7.360,8420,0.00
1993/03/11,7.160,7.260,7.120,7.160,15920,0.00
1993/03/12,7.120,7.310,7.120,7.120,9150,0.00
1993/03/15,6.590,6.780,6.440,6.590,14680,0.00
1993/03/16,6.640,6.680,6.590,6.640,8240,0.00
1993/03/17,6.540,6.640,6.390,6.540,5450,0.00
1993/03/18,6.780,6.830,6.680,6.780,6600,0.00
1993/03/19,6.830,6.880,6.730,6.830,13320,0.00
1993/03/22,6.830,6.920,6.780,6.830,6050,0.00
1993/03/23,6.970,6.970,6.830,6.970,4720,0.00
1993/03/24,7.160,7.160,6.970,7.160,5010,0.00
1993/03/25,7.160,7.260,7.120,7.160,11170,0.00
1993/03/26,7.260,7.310,7.120,7.260,5290,0.00
1993/03/29,7.210,7.360,7.160,7.210,6400,0.00
1993/03/30,7.310,7.360,7.210,7.310,12350,0.00
1993/03/31,7.210,7.360,7.160,7.210,12660,0.00
1993/04/01,7.260,7.310,7.210,7.260,6620,0.00
1993/04/02,6.830,7.360,6.730,6.830,17330,0.00
1993/04/06,6.490,6.590,6.390,6.490,12790,0.00
1993/04/07,6.640,6.640,6.440,6.640,6200,0.00
1993/04/08,6.590,6.640,6.540,6.590,6250,0.00
1993/04/13,6.680,6.680,6.640,6.680,2740,0.00
1993/04/14,6.920,6.920,6.780,6.920,15430,0.00
1993/04/15,6.920,6.970,6.880,6.920,9920,0.00
1993/04/16,6.920,7.120,6.880,6.920,13540,0.00
1993/04/19,6.920,6.920,6.880,6.920,2090,0.00
1993/04/20,6.920,6.920,6.880,6.920,4450,0.00
1993/04/21,6.920,6.970,6.880,6.920,8570,0.00
1993/04/22,6.880,6.970,6.880,6.880,12070,0.00
1993/04/23,6.920,6.970,6.880,6.920,5830,0.00
1993/04/26,7.070,7.120,6.970,7.070,11160,0.00
1993/04/27,7.210,7.310,7.120,7.210,14530,0.00
1993/04/28,7.450,7.600,7.210,7.450,23170,0.00
1993/04/29,7.260,7.400,7.210,7.260,11460,0.00
1993/04/30,7.160,7.310,7.120,7.160,7050,0.00
1993/05/03,7.070,7.120,7.020,7.070,3340,0.00
1993/05/04,7.120,7.160,6.970,7.120,3430,0.00
1993/05/05,7.160,7.160,7.120,7.160,3540,0.00
1993/05/06,7.120,7.120,7.070,7.120,2390,0.00
1993/05/07,7.020,7.120,6.970,7.020,1820,0.00
1993/05/10,6.920,6.970,6.880,6.920,1480,0.00
1993/05/11,6.970,6.970,6.920,6.970,4760,0.00
1993/05/12,7.070,7.120,6.970,7.070,8590,0.00
1993/05/13,7.070,7.120,7.020,7.070,8870,0.00
1993/05/14,7.120,7.120,6.970,7.120,4430,0.00
1993/05/17,7.120,7.210,6.970,7.120,7490,0.00
1993/05/18,7.160,7.210,6.970,7.160,7560,0.00
1993/05/19,7.160,7.210,7.160,7.160,4210,0.00
1993/05/20,7.260,7.310,7.120,7.260,5440,0.00
1993/05/21,7.160,7.360,7.120,7.160,7770,0.00
1993/05/24,7.160,7.210,7.120,7.160,4880,0.00
1993/05/25,7.260,7.260,7.160,7.260,9160,0.00
1993/05/26,7.210,7.260,7.160,7.210,8640,0.00
1993/05/27,7.310,7.400,7.210,7.310,6770,0.00
1993/05/28,7.360,7.500,7.310,7.360,8120,0.00
1993/05/31,7.400,7.450,7.310,7.400,7760,0.00
1993/06/01,7.310,7.400,7.310,7.310,3710,0.00
1993/06/02,7.260,7.360,7.260,7.260,4230,0.00
1993/06/03,7.120,7.260,7.120,7.120,6810,0.00
1993/06/04,7.120,7.260,7.120,7.120,3720,0.00
1993/06/07,7.160,7.210,7.070,7.160,2240,0.00
1993/06/08,7.160,7.210,7.160,7.160,4970,0.00
1993/06/09,7.210,7.260,7.160,7.210,6250,0.00
1993/06/10,7.210,7.260,7.160,7.210,2640,0.00
1993/06/11,7.160,7.260,7.160,7.160,2060,0.00
1993/06/15,7.210,7.260,7.210,7.210,3240,0.00
1993/06/16,7.260,7.360,7.260,7.260,3330,0.00
1993/06/17,7.070,7.260,7.070,7.070,3520,0.00
1993/06/18,7.120,7.210,7.020,7.120,6520,0.00
1993/06/21,6.880,7.070,6.830,6.880,8130,0.00
1993/06/22,6.970,6.970,6.880,6.970,4240,0.00
1993/06/23,7.020,7.070,6.970,7.020,8670,0.00
1993/06/24,7.020,7.020,7.020,7.020,0,0.00
1993/06/25,6.970,6.970,6.880,6.970,2130,0.00
1993/06/28,7.070,7.070,7.020,7.070,2870,0.00
1993/06/29,6.920,7.020,6.880,6.920,6120,0.00
1993/06/30,6.970,7.020,6.970,6.970,4390,0.00
1993/07/01,7.070,7.120,6.970,7.070,3580,0.00
1993/07/02,7.120,7.160,7.020,7.120,5150,0.00
1993/07/05,7.210,7.310,7.160,7.210,11840,0.00
1993/07/06,7.210,7.210,7.120,7.210,2140,0.00
1993/07/07,7.210,7.260,7.210,7.210,3370,0.00
1993/07/08,7.120,7.210,7.120,7.120,4810,0.00
1993/07/09,7.120,7.160,7.070,7.120,3640,0.00
1993/07/12,6.970,7.160,6.970,6.970,1370,0.00
1993/07/13,6.970,7.020,6.920,6.970,2620,0.00
1993/07/14,7.020,7.070,6.970,7.020,1260,0.00
1993/07/15,7.020,7.020,6.970,7.020,650,0.00
1993/07/16,6.920,7.020,6.920,6.920,3350,0.00
1993/07/19,6.920,6.970,6.920,6.920,1730,0.00
1993/07/20,6.970,6.970,6.920,6.970,4600,0.00
1993/07/21,6.970,7.020,6.920,6.970,2390,0.00
1993/07/22,6.970,7.020,6.920,6.970,3170,0.00
1993/07/23,6.970,7.020,6.970,6.970,3390,0.00
1993/07/26,7.070,7.070,7.020,7.070,3470,0.00
1993/07/27,7.070,7.070,7.020,7.070,2020,0.00
1993/07/28,7.120,7.120,7.070,7.120,1660,0.00
1993/07/29,7.160,7.160,7.120,7.160,3020,0.00
1993/07/30,7.160,7.160,7.160,7.160,1750,0.00
1993/08/02,7.160,7.210,7.160,7.160,1240,0.00
1993/08/03,7.310,7.310,7.210,7.310,3680,0.00
1993/08/04,7.260,7.360,7.260,7.260,6200,0.00
1993/08/05,7.310,7.360,7.210,7.310,2410,0.00
1993/08/06,7.550,7.600,7.360,7.550,14860,0.00
1993/08/09,7.550,7.640,7.500,7.550,17540,0.00
1993/08/10,7.500,7.600,7.450,7.500,4810,0.00
1993/08/11,7.400,7.500,7.400,7.400,2590,0.00
1993/08/12,7.400,7.450,7.400,7.400,3950,0.00
1993/08/13,7.400,7.400,7.360,7.400,2020,0.00
1993/08/16,7.360,7.400,7.310,7.360,1830,0.00
1993/08/17,7.360,7.400,7.360,7.360,4440,0.00
1993/08/18,7.360,7.400,7.360,7.360,4590,0.00
1993/08/19,7.400,7.400,7.360,7.400,1510,0.00
1993/08/20,7.450,7.450,7.400,7.450,2620,0.00
1993/08/23,7.360,7.450,7.360,7.360,6530,0.00
1993/08/24,7.310,7.360,7.260,7.310,3620,0.00
1993/08/25,7.260,7.360,7.260,7.260,1770,0.00
1993/08/26,7.360,7.360,7.310,7.360,7950,0.00
1993/08/27,7.360,7.360,7.310,7.360,2320,0.00
1993/08/31,7.450,7.450,7.400,7.450,1210,0.00
1993/09/01,7.400,7.450,7.400,7.400,1330,0.00
1993/09/02,7.450,7.450,7.360,7.450,2120,0.00
1993/09/03,7.500,7.550,7.500,7.500,1960,0.00
1993/09/06,7.550,7.550,7.450,7.550,1890,0.00
1993/09/07,7.500,7.500,7.450,7.500,1700,0.00
1993/09/08,7.450,7.500,7.450,7.450,2430,0.00
1993/09/09,7.500,7.500,7.450,7.500,3250,0.00
1993/09/10,7.400,7.640,7.400,7.400,790,0.00
1993/09/13,7.310,7.400,7.260,7.310,770,0.00
1993/09/14,7.310,7.360,7.310,7.310,1160,0.00
1993/09/15,7.400,7.400,7.360,7.400,1290,0.00
1993/09/16,7.260,7.400,7.260,7.260,2060,0.00
1993/09/20,7.120,7.160,7.120,7.120,4760,0.00
1993/09/21,7.210,7.260,7.120,7.210,6580,0.00
1993/09/22,7.210,7.210,7.160,7.210,2480,0.00
1993/09/23,7.210,7.310,7.210,7.210,4470,0.00
1993/09/24,7.160,7.160,7.160,7.160,830,0.00
1993/09/27,7.210,7.210,7.160,7.210,5640,0.00
1993/09/28,7.210,7.210,7.210,7.210,1250,0.00
1993/09/29,7.260,7.260,7.210,7.260,760,0.00
1993/09/30,7.260,7.260,7.210,7.260,1140,0.00
1993/10/04,7.310,7.310,7.260,7.310,940,0.00
1993/10/05,7.400,7.400,7.310,7.400,1080,0.00
1993/10/06,7.400,7.450,7.360,7.400,4580,0.00
1993/10/07,7.450,7.550,7.400,7.450,5580,0.00
1993/10/08,7.550,7.550,7.450,7.550,5740,0.00
1993/10/11,7.690,7.740,7.600,7.690,6490,0.00
1993/10/12,7.690,7.740,7.640,7.690,7970,0.00
1993/10/13,7.640,7.690,7.640,7.640,3050,0.00
1993/10/14,7.550,7.550,7.450,7.550,3170,0.00
1993/10/15,7.550,7.640,7.550,7.550,8550,0.00
1993/10/18,7.740,7.790,7.600,7.740,18780,0.00
1993/10/19,7.600,7.840,7.600,7.600,5670,0.00
1993/10/20,7.740,7.790,7.600,7.740,5010,0.00
1993/10/21,7.790,7.890,7.790,7.790,6120,0.00
1993/10/22,7.690,7.840,7.690,7.690,4230,0.00
1993/10/25,7.740,7.790,7.640,7.740,1980,0.00
1993/10/26,7.740,7.740,7.690,7.740,3390,0.00
1993/10/27,7.790,7.840,7.740,7.790,6230,0.00
1993/10/28,7.980,8.080,7.840,7.980,6450,0.00
1993/10/29,8.170,8.270,7.980,8.170,11920,0.00
1993/11/01,8.320,8.370,8.080,8.320,13110,0.00
1993/11/02,8.220,8.320,8.170,8.220,5640,0.00
1993/11/03,8.170,8.220,8.030,8.170,6830,0.00
1993/11/04,8.130,8.170,7.930,8.130,4910,0.00
1993/11/05,7.840,8.030,7.790,7.840,7720,0.00
1993/11/08,7.980,7.980,7.840,7.980,4330,0.00
1993/11/09,7.980,8.080,7.980,7.980,5460,0.00
1993/11/10,8.130,8.170,8.030,8.130,7320,0.00
1993/11/11,8.270,8.270,8.220,8.270,6530,0.00
1993/11/12,8.270,8.320,8.220,8.270,6580,0.00
1993/11/15,8.610,8.750,8.370,8.610,9680,0.00
1993/11/16,8.800,8.850,8.510,8.800,8080,0.00
1993/11/17,8.560,8.890,8.460,8.560,8650,0.00
1993/11/18,8.460,8.650,8.320,8.460,8900,0.00
1993/11/19,8.410,8.560,8.410,8.410,5550,0.00
1993/11/22,8.410,8.560,8.370,8.410,2950,0.00
1993/11/23,8.370,8.370,8.270,8.370,2600,0.00
1993/11/24,8.370,8.410,8.220,8.370,10180,0.00
1993/11/25,8.270,8.460,8.220,8.270,7280,0.00
1993/11/26,8.410,8.510,8.270,8.410,3580,0.00
1993/11/29,8.170,8.370,8.170,8.170,5760,0.00
1993/11/30,8.270,8.320,8.170,8.270,6550,0.00
1993/12/01,8.370,8.370,8.270,8.370,4780,0.00
1993/12/02,8.370,8.460,8.370,8.370,6090,0.00
1993/12/03,8.460,8.560,8.320,8.460,5390,0.00
1993/12/06,8.700,8.750,8.510,8.700,10300,0.00
1993/12/07,8.800,8.890,8.750,8.800,10300,0.00
1993/12/08,8.750,8.850,8.750,8.750,5720,0.00
1993/12/09,8.800,8.800,8.700,8.800,9330,0.00
1993/12/10,8.890,8.940,8.800,8.890,8130,0.00
1993/12/13,9.090,9.140,8.850,9.090,16700,0.00
1993/12/14,9.380,9.420,9.140,9.380,15380,0.00
1993/12/15,9.710,9.810,9.380,9.710,20590,0.00
1993/12/16,10.670,10.770,10.000,10.670,47660,0.00
1993/12/17,11.060,11.350,10.870,11.060,57770,0.00
1993/12/20,10.580,11.060,10.390,10.580,18910,0.00
1993/12/21,10.770,11.060,10.580,10.770,34260,0.00
1993/12/22,12.210,12.310,11.150,12.210,69530,0.00
1993/12/23,12.400,12.790,12.310,12.400,51720,0.00
1993/12/24,12.400,12.690,12.020,12.400,15120,0.00
1993/12/28,12.210,12.690,12.120,12.210,26550,0.00
1993/12/29,12.210,12.400,11.920,12.210,22050,0.00
1993/12/30,12.890,12.890,12.210,12.890,33020,0.00
1993/12/31,15.390,15.670,13.270,15.390,176440,0.00
1994/01/03,17.500,18.080,15.670,17.500,197110,0.00
1994/01/04,17.020,18.560,16.830,17.020,83070,0.00
1994/01/05,17.120,17.600,16.350,17.120,43770,0.00
1994/01/06,15.870,17.410,15.770,15.870,36590,0.00
1994/01/07,15.770,16.440,14.910,15.770,55250,0.00
1994/01/10,15.770,16.250,15.480,15.770,39590,0.00
1994/01/11,15.100,16.250,15.000,15.100,20090,0.00
1994/01/12,14.520,15.100,14.230,14.520,17230,0.00
1994/01/13,12.690,14.420,12.500,12.690,34260,0.00
1994/01/14,14.040,14.330,12.980,14.040,41490,0.00
1994/01/17,15.100,15.480,14.420,15.100,30880,0.00
1994/01/18,14.810,15.480,14.710,14.810,28080,0.00
1994/01/19,14.910,15.190,14.810,14.910,14330,0.00
1994/01/20,14.420,15.390,14.330,14.420,23360,0.00
1994/01/21,14.710,14.810,14.230,14.710,11570,0.00
1994/01/24,14.810,15.000,14.710,14.810,10570,0.00
1994/01/25,14.520,14.810,14.420,14.520,4600,0.00
1994/01/26,14.330,14.620,14.330,14.330,8980,0.00
1994/01/27,14.520,14.810,14.520,14.520,4240,0.00
1994/01/28,14.330,14.710,14.230,14.330,7510,0.00
1994/01/31,14.910,15.190,14.420,14.910,25340,0.00
1994/02/01,15.770,15.960,15.100,15.770,45530,0.00
1994/02/02,15.870,16.160,15.480,15.870,42570,0.00
1994/02/03,16.730,17.210,16.350,16.730,47330,0.00
1994/02/04,17.120,17.790,16.920,17.120,41210,0.00
1994/02/07,16.160,16.730,15.870,16.160,39230,0.00
1994/02/08,15.960,16.350,15.580,15.960,26960,0.00
1994/02/09,15.960,16.160,15.960,15.960,15560,0.00
1994/02/14,15.580,15.960,15.390,15.580,7680,0.00
1994/02/15,15.770,15.870,15.480,15.770,6240,0.00
1994/02/16,15.580,16.160,15.390,15.580,12290,0.00
1994/02/17,15.480,15.770,15.290,15.480,8980,0.00
1994/02/18,15.670,15.670,15.480,15.670,5860,0.00
1994/02/21,15.100,15.580,15.100,15.100,7320,0.00
1994/02/22,15.480,15.580,14.810,15.480,9340,0.00
1994/02/23,15.290,15.480,15.190,15.290,8330,0.00
1994/02/24,14.620,15.480,14.520,14.620,9130,0.00
1994/02/25,14.420,14.520,13.650,14.420,13810,0.00
1994/02/28,14.420,14.620,14.230,14.420,10730,0.00
1994/03/01,14.140,14.420,14.040,14.140,6560,0.00
1994/03/02,14.230,14.620,13.940,14.230,9190,0.00
1994/03/03,13.940,14.520,13.940,13.940,7760,0.00
1994/03/04,14.420,14.520,14.140,14.420,7040,0.00
1994/03/07,14.620,14.910,14.520,14.620,6470,0.00
1994/03/08,14.910,15.290,14.710,14.910,7990,0.00
1994/03/09,15.290,15.670,14.910,15.290,8610,0.00
1994/03/10,15.000,15.670,15.000,15.000,9850,0.00
1994/03/11,15.190,15.290,14.810,15.190,5950,0.00
1994/03/14,15.190,15.390,14.520,15.190,9410,0.00
1994/03/15,14.910,15.480,14.810,14.910,3730,0.00
1994/03/16,14.620,14.910,14.620,14.620,3000,0.00
1994/03/17,14.420,14.810,14.140,14.420,12100,0.00
1994/03/18,13.940,14.330,13.560,13.940,11560,0.00
1994/03/21,12.890,13.560,12.690,12.890,9440,0.00
1994/03/22,13.080,13.270,12.400,13.080,12690,0.00
1994/03/23,13.370,13.650,12.890,13.370,9220,0.00
1994/03/24,13.370,13.750,13.170,13.370,6280,0.00
1994/03/25,13.370,13.750,13.170,13.370,8150,0.00
1994/03/28,13.370,13.650,13.080,13.370,4740,0.00
1994/03/29,13.650,13.650,13.460,13.650,1520,0.00
1994/03/30,13.370,13.560,13.270,13.370,1790,0.00
1994/03/31,13.080,13.270,12.980,13.080,4330,0.00
1994/04/06,13.170,13.560,13.170,13.170,3560,0.00
1994/04/07,13.750,13.940,13.170,13.750,3600,0.00
1994/04/08,13.650,13.940,13.560,13.650,4100,0.00
1994/04/11,13.750,13.750,13.560,13.750,1600,0.00
1994/04/12,14.040,14.230,13.850,14.040,10590,0.00
1994/04/13,14.420,14.620,14.230,14.420,11710,0.00
1994/04/14,14.520,14.710,14.420,14.520,9020,0.00
1994/04/15,14.330,14.620,14.230,14.330,6350,0.00
1994/04/18,14.040,14.330,13.940,14.040,5680,0.00
1994/04/19,13.650,14.040,13.650,13.650,3020,0.00
1994/04/20,13.460,13.650,13.370,13.460,2910,0.00
1994/04/21,13.080,13.270,12.980,13.080,3360,0.00
1994/04/22,13.460,13.560,13.270,13.460,3590,0.00
1994/04/25,13.270,13.650,13.170,13.270,3280,0.00
1994/04/26,13.560,13.560,13.370,13.560,1120,0.00
1994/04/27,13.370,13.560,13.270,13.370,2620,0.00
1994/04/28,13.460,13.560,13.370,13.460,1850,0.00
1994/04/29,13.270,13.370,13.170,13.270,3580,0.00
1994/05/02,12.980,13.270,12.980,12.980,1890,0.00
1994/05/03,12.690,12.980,12.310,12.690,5530,0.00
1994/05/04,11.730,12.500,11.730,11.730,8320,0.00
1994/05/05,11.540,12.120,11.540,11.540,5240,0.00
1994/05/06,12.310,12.310,11.830,12.310,3830,0.00
1994/05/09,12.400,12.400,11.730,12.400,3780,0.00
1994/05/10,12.210,12.310,11.830,12.210,2140,0.00
1994/05/11,12.600,12.600,12.400,12.600,4870,0.00
1994/05/12,12.600,12.980,12.310,12.600,5030,0.00
1994/05/13,13.650,13.750,12.890,13.650,12210,0.00
1994/05/16,13.560,13.850,13.270,13.560,8050,0.00
1994/05/17,12.980,13.460,12.980,12.980,5240,0.00
1994/05/18,13.460,13.650,13.080,13.460,9980,0.00
1994/05/19,13.560,13.560,13.370,13.560,5780,0.00
1994/05/20,14.140,14.330,13.560,14.140,16850,0.00
1994/05/23,14.520,15.480,14.420,14.520,38630,0.00
1994/05/24,14.330,14.520,14.140,14.330,13310,0.00
1994/05/25,14.330,14.620,14.330,14.330,7220,0.00
1994/05/26,14.230,14.420,14.140,14.230,7550,0.00
1994/05/27,13.940,14.140,13.850,13.940,7140,0.00
1994/05/30,13.940,14.140,13.940,13.940,6450,0.00
1994/05/31,13.850,14.040,13.850,13.850,2820,0.00
1994/06/01,13.750,13.940,13.650,13.750,4990,0.00
1994/06/02,13.460,13.750,13.370,13.460,4720,0.00
1994/06/03,13.460,13.750,13.460,13.460,4560,0.00
1994/06/06,13.560,13.850,13.560,13.560,4090,0.00
1994/06/07,13.460,13.750,13.460,13.460,5500,0.00
1994/06/08,13.560,13.750,13.460,13.560,7440,0.00
1994/06/09,13.100,13.600,12.900,13.100,2920,0.00
1994/06/10,12.600,13.100,12.400,12.600,4040,0.00
1994/06/15,12.600,12.800,12.500,12.600,1540,0.00
1994/06/16,12.300,12.800,12.200,12.300,1570,0.00
1994/06/17,12.200,12.300,12.000,12.200,4800,0.00
1994/06/20,12.000,12.200,12.000,12.000,2080,0.00
1994/06/21,11.700,11.800,11.400,11.700,2940,0.00
1994/06/22,11.600,11.700,11.400,11.600,3900,0.00
1994/06/23,11.300,11.600,11.300,11.300,2560,0.00
1994/06/24,11.400,11.500,10.900,11.400,14420,0.00
1994/06/27,11.000,11.200,11.000,11.000,5400,0.00
1994/06/28,11.100,11.200,11.000,11.100,4040,0.00
1994/06/29,10.900,11.000,10.800,10.900,2920,0.00
1994/06/30,11.000,11.200,11.000,11.000,2940,0.00
1994/07/01,10.900,11.000,10.750,10.900,1840,0.00
1994/07/04,10.800,11.000,10.750,10.800,680,0.00
1994/07/05,10.750,10.850,10.750,10.750,1770,0.00
1994/07/06,10.600,10.800,10.600,10.600,3500,0.00
1994/07/07,10.600,10.600,10.400,10.600,1890,0.00
1994/07/08,10.350,10.600,10.350,10.350,960,0.00
1994/07/11,10.000,10.300,10.000,10.000,8880,0.00
1994/07/12,10.400,10.600,10.000,10.400,3030,0.00
1994/07/13,10.250,10.650,10.200,10.250,3270,0.00
1994/07/14,10.350,10.400,10.250,10.350,3380,0.00
1994/07/15,10.450,10.600,10.300,10.450,7070,0.00
1994/07/18,10.400,10.550,10.400,10.400,3000,0.00
1994/07/19,10.300,10.300,10.150,10.300,1260,0.00
1994/07/20,10.250,10.300,10.200,10.250,2320,0.00
1994/07/21,10.050,10.150,10.000,10.050,1480,0.00
1994/07/22,9.850,10.000,9.820,9.850,3420,0.00
1994/07/25,10.250,10.300,10.000,10.250,5660,0.00
1994/07/26,10.200,10.250,10.200,10.200,2150,0.00
1994/07/27,10.300,10.350,10.200,10.300,6330,0.00
1994/07/28,10.250,10.350,10.200,10.250,5320,0.00
1994/07/29,10.250,10.350,10.200,10.250,4560,0.00
1994/08/01,10.550,10.800,10.350,10.550,5320,0.00
1994/08/02,10.550,10.650,10.550,10.550,2500,0.00
1994/08/03,10.400,10.550,10.350,10.400,1620,0.00
1994/08/04,10.600,10.700,10.400,10.600,2990,0.00
1994/08/05,10.550,10.550,10.500,10.550,2810,0.00
1994/08/08,10.450,10.450,10.400,10.450,1270,0.00
1994/08/09,10.350,10.400,10.300,10.350,880,0.00
1994/08/10,10.350,10.400,10.300,10.350,1740,0.00
1994/08/11,10.200,10.300,10.150,10.200,2970,0.00
1994/08/12,10.300,10.400,10.100,10.300,2250,0.00
1994/08/15,10.200,10.300,10.100,10.200,460,0.00
1994/08/16,10.050,10.200,10.050,10.050,1500,0.00
1994/08/17,10.100,10.150,10.050,10.100,3570,0.00
1994/08/18,10.100,10.150,10.100,10.100,1480,0.00
1994/08/19,10.000,10.150,9.950,10.000,2590,0.00
1994/08/22,9.950,9.950,9.900,9.950,670,0.00
1994/08/23,9.600,9.900,9.600,9.600,840,0.00
1994/08/24,9.750,9.800,9.300,9.750,2210,0.00
1994/08/25,9.700,9.750,9.550,9.700,2000,0.00
1994/08/26,9.650,9.800,9.650,9.650,1450,0.00
1994/08/29,9.650,9.650,9.650,9.650,0,0.00
1994/08/30,9.750,9.900,9.650,9.750,1320,0.00
1994/08/31,9.850,9.850,9.750,9.850,2920,0.00
1994/09/01,9.800,9.900,9.800,9.800,1580,0.00
1994/09/02,9.920,10.000,9.900,9.920,980,0.00
1994/09/05,9.900,10.100,9.900,9.900,2430,0.00
1994/09/06,9.950,9.950,9.850,9.950,2380,0.00
1994/09/07,10.050,10.050,9.950,10.050,5720,0.00
1994/09/08,10.350,10.450,10.050,10.350,8790,0.00
1994/09/09,10.550,10.700,10.400,10.550,6970,0.00
1994/09/12,10.200,10.400,10.200,10.200,3330,0.00
1994/09/13,10.250,10.250,10.150,10.250,3110,0.00
1994/09/14,10.100,10.300,10.100,10.100,2600,0.00
1994/09/15,10.100,10.100,10.050,10.100,1700,0.00
1994/09/16,10.200,10.200,10.100,10.200,1760,0.00
1994/09/19,10.200,10.200,10.100,10.200,3290,0.00
1994/09/20,10.300,10.300,10.150,10.300,2640,0.00
1994/09/22,10.100,10.100,10.000,10.100,1840,0.00
1994/09/23,10.100,10.100,10.000,10.100,2400,0.00
1994/09/26,10.200,10.200,10.100,10.200,2020,0.00
1994/09/27,10.050,10.100,10.000,10.050,4140,0.00
1994/09/28,10.100,10.100,10.000,10.100,1770,0.00
1994/09/29,10.000,10.100,10.000,10.000,1320,0.00
1994/09/30,9.850,9.950,9.850,9.850,1840,0.00
1994/10/03,9.800,9.850,9.800,9.800,460,0.00
1994/10/04,9.800,9.850,9.700,9.800,2280,0.00
1994/10/05,9.650,9.700,9.600,9.650,1160,0.00
1994/10/06,9.550,9.650,9.500,9.550,1050,0.00
1994/10/07,9.500,9.550,9.450,9.500,2040,0.00
1994/10/10,9.550,9.600,9.450,9.550,1220,0.00
1994/10/11,9.550,9.600,9.500,9.550,1420,0.00
1994/10/12,9.350,9.550,9.300,9.350,1380,0.00
1994/10/14,9.300,9.400,9.300,9.300,1800,0.00
1994/10/17,9.300,9.400,9.200,9.300,2120,0.00
1994/10/18,9.300,9.300,9.200,9.300,360,0.00
1994/10/19,9.050,9.250,9.050,9.050,810,0.00
1994/10/20,9.100,9.100,9.050,9.100,880,0.00
1994/10/21,9.100,9.100,8.850,9.100,2300,0.00
1994/10/24,9.050,9.050,9.000,9.050,1820,0.00
1994/10/25,9.000,9.050,9.000,9.000,3140,0.00
1994/10/26,9.000,9.000,9.000,9.000,620,0.00
1994/10/27,9.100,9.100,9.050,9.100,760,0.00
1994/10/28,9.200,9.250,9.200,9.200,840,0.00
1994/10/31,9.450,9.450,9.250,9.450,2160,0.00
1994/11/01,9.350,9.500,9.350,9.350,1460,0.00
1994/11/02,9.200,9.250,9.200,9.200,580,0.00
1994/11/03,9.250,9.350,9.250,9.250,2100,0.00
1994/11/04,9.200,9.350,9.150,9.200,470,0.00
1994/11/07,9.100,9.100,9.100,9.100,600,0.00
1994/11/08,9.000,9.100,9.000,9.000,1600,0.00
1994/11/09,9.100,9.150,9.050,9.100,1390,0.00
1994/11/10,9.050,9.100,9.050,9.050,1050,0.00
1994/11/11,9.050,9.100,9.000,9.050,560,0.00
1994/11/14,9.050,9.100,9.050,9.050,1730,0.00
1994/11/15,9.150,9.200,9.100,9.150,3780,0.00
1994/11/16,9.100,9.150,9.050,9.100,1840,0.00
1994/11/17,9.050,9.050,9.000,9.050,2280,0.00
1994/11/18,9.000,9.150,9.000,9.000,400,0.00
1994/11/21,8.900,9.000,8.800,8.900,770,0.00
1994/11/22,8.550,8.800,8.550,8.550,420,0.00
1994/11/23,8.250,8.500,8.150,8.250,4780,0.00
1994/11/24,8.350,8.400,8.250,8.350,2160,0.00
1994/11/25,8.300,8.400,8.250,8.300,910,0.00
1994/11/28,8.150,8.300,8.100,8.150,580,0.00
1994/11/29,8.000,8.150,7.950,8.000,2140,0.00
1994/11/30,7.650,7.750,7.600,7.650,3650,0.00
1994/12/01,7.650,8.000,7.450,7.650,6360,0.00
1994/12/02,7.300,7.600,7.250,7.300,5480,0.00
1994/12/05,7.300,7.350,7.200,7.300,7370,0.00
1994/12/06,7.200,7.300,7.100,7.200,6320,0.00
1994/12/07,7.200,7.200,7.100,7.200,5540,0.00
1994/12/08,7.050,7.200,7.000,7.050,5930,0.00
1994/12/09,6.800,6.800,6.650,6.800,3920,0.00
1994/12/12,6.800,6.800,6.600,6.800,2110,0.00
1994/12/13,6.900,6.900,6.700,6.900,1840,0.00
1994/12/14,6.900,7.100,6.850,6.900,2120,0.00
1994/12/15,7.150,7.150,7.050,7.150,5260,0.00
1994/12/16,7.100,7.200,7.100,7.100,700,0.00
1994/12/19,7.050,7.200,7.050,7.050,2200,0.00
1994/12/20,7.000,7.100,7.000,7.000,260,0.00
1994/12/21,7.050,7.050,7.000,7.050,1520,0.00
1994/12/22,6.950,7.050,6.950,6.950,4420,0.00
1994/12/23,7.000,7.000,6.900,7.000,1520,0.00
1994/12/28,6.900,7.000,6.900,6.900,1400,0.00
1994/12/29,6.900,6.900,6.900,6.900,1360,0.00
1994/12/30,7.000,7.000,6.850,7.000,1740,0.00
1995/01/03,6.800,6.900,6.800,6.800,2880,0.00
1995/01/04,6.850,6.850,6.650,6.850,1240,0.00
1995/01/05,6.900,6.900,6.800,6.900,1500,0.00
1995/01/06,6.800,6.800,6.600,6.800,1700,0.00
1995/01/09,6.550,6.750,6.550,6.550,2440,0.00
1995/01/10,6.650,6.650,6.350,6.650,1910,0.00
1995/01/11,6.600,6.850,6.600,6.600,4200,0.00
1995/01/12,6.600,6.650,6.550,6.600,2870,0.00
1995/01/13,6.600,6.600,6.450,6.600,3720,0.00
1995/01/16,6.700,6.750,6.650,6.700,1500,0.00
1995/01/17,6.800,6.800,6.750,6.800,2340,0.00
1995/01/18,6.800,6.800,6.700,6.800,1060,0.00
1995/01/19,6.850,6.850,6.700,6.850,1820,0.00
1995/01/20,6.800,6.800,6.700,6.800,2140,0.00
1995/01/23,6.650,6.700,6.400,6.650,3840,0.00
1995/01/24,6.700,6.700,6.600,6.700,2240,0.00
1995/01/25,6.700,6.700,6.650,6.700,1540,0.00
1995/01/26,6.600,6.650,6.500,6.600,740,0.00
1995/01/27,6.650,6.650,6.600,6.650,520,0.00
1995/01/30,6.700,6.700,6.650,6.700,220,0.00
1995/02/03,6.750,6.750,6.650,6.750,1540,0.00
1995/02/06,7.000,7.000,6.750,7.000,2980,0.00
1995/02/07,7.000,7.250,6.900,7.000,1300,0.00
1995/02/08,6.900,6.950,6.900,6.900,1280,0.00
1995/02/09,7.050,7.100,6.900,7.050,2120,0.00
1995/02/10,6.850,7.050,6.850,6.850,1700,0.00
1995/02/13,6.850,6.900,6.800,6.850,1480,0.00
1995/02/14,6.800,6.850,6.750,6.800,1180,0.00
1995/02/15,6.950,7.000,6.800,6.950,2130,0.00
1995/02/16,7.000,7.150,7.000,7.000,4630,0.00
1995/02/17,6.950,7.000,6.900,6.950,1480,0.00
1995/02/20,6.850,6.900,6.800,6.850,340,0.00
1995/02/21,6.950,6.950,6.850,6.950,960,0.00
1995/02/22,6.900,7.000,6.900,6.900,1260,0.00
1995/02/23,6.950,6.950,6.900,6.950,900,0.00
1995/02/24,7.000,7.050,6.900,7.000,3640,0.00
1995/02/27,6.900,6.900,6.850,6.900,970,0.00
1995/02/28,7.000,7.000,6.950,7.000,2060,0.00
1995/03/01,7.000,7.050,6.950,7.000,3200,0.00
1995/03/02,6.900,7.000,6.900,6.900,1440,0.00
1995/03/03,7.000,7.000,6.850,7.000,810,0.00
1995/03/06,7.000,7.000,6.950,7.000,1620,0.00
1995/03/07,7.100,7.150,6.950,7.100,4840,0.00
1995/03/08,6.850,7.000,6.800,6.850,3440,0.00
1995/03/09,6.950,6.950,6.850,6.950,5820,0.00
1995/03/10,6.900,7.050,6.900,6.900,2810,0.00
1995/03/13,7.000,7.000,6.900,7.000,1720,0.00
1995/03/14,6.950,7.000,6.950,6.950,640,0.00
1995/03/15,7.050,7.100,7.000,7.050,7360,0.00
1995/03/16,7.000,7.050,7.000,7.000,4120,0.00
1995/03/17,7.050,7.100,7.000,7.050,3680,0.00
1995/03/20,7.050,7.100,7.000,7.050,5140,0.00
1995/03/21,7.200,7.250,7.050,7.200,6820,0.00
1995/03/22,7.200,7.200,7.150,7.200,2080,0.00
1995/03/23,7.050,7.100,7.000,7.050,6060,0.00
1995/03/24,7.000,7.100,6.900,7.000,5300,0.00
1995/03/27,7.050,7.150,7.050,7.050,3260,0.00
1995/03/28,7.000,7.050,7.000,7.000,6700,0.00
1995/03/29,7.150,7.250,7.000,7.150,4690,0.00
1995/03/30,7.100,7.150,7.100,7.100,2640,0.00
1995/03/31,7.050,7.150,7.050,7.050,2080,0.00
1995/04/03,7.000,7.050,6.950,7.000,2180,0.00
1995/04/04,7.050,7.050,7.000,7.050,900,0.00
1995/04/06,6.950,7.000,6.950,6.950,660,0.00
1995/04/07,7.000,7.000,6.950,7.000,1780,0.00
1995/04/10,7.000,7.050,6.950,7.000,3260,0.00
1995/04/11,7.000,7.050,7.000,7.000,2830,0.00
1995/04/12,6.650,6.650,6.600,6.650,690,0.00
1995/04/13,6.750,6.750,6.650,6.750,280,0.00
1995/04/18,6.650,6.750,6.650,6.650,1540,0.00
1995/04/19,6.550,6.600,6.550,6.550,1620,0.00
1995/04/20,6.550,6.600,6.550,6.550,2480,0.00
1995/04/21,6.600,6.600,6.500,6.600,2400,0.00
1995/04/24,6.500,6.550,6.500,6.500,1120,0.00
1995/04/25,6.450,6.500,6.450,6.450,760,0.00
1995/04/26,6.300,6.400,6.200,6.300,1560,0.00
1995/04/27,6.300,6.350,6.300,6.300,1080,0.00
1995/04/28,6.250,6.350,6.200,6.250,840,0.00
1995/05/01,6.200,6.200,6.150,6.200,1280,0.00
1995/05/02,6.100,6.100,6.000,6.100,3500,0.00
1995/05/03,6.200,6.200,6.100,6.200,920,0.00
1995/05/04,6.450,6.450,6.250,6.450,3960,0.00
1995/05/05,6.550,6.550,6.350,6.550,3640,0.00
1995/05/08,6.550,6.600,6.450,6.550,2080,0.00
1995/05/09,6.600,6.650,6.500,6.600,5360,0.00
1995/05/10,6.750,6.750,6.650,6.750,6440,0.00
1995/05/11,6.850,6.950,6.750,6.850,9620,0.00
1995/05/12,6.900,7.200,6.800,6.900,11980,0.00
1995/05/15,6.850,7.050,6.800,6.850,4700,0.00
1995/05/16,6.800,6.950,6.800,6.800,3600,0.00
1995/05/17,6.800,6.850,6.800,6.800,3820,0.00
1995/05/18,6.700,6.750,6.700,6.700,1510,0.00
1995/05/19,6.600,6.600,6.550,6.600,300,0.00
1995/05/22,6.650,6.650,6.600,6.650,660,0.00
1995/05/23,6.700,6.800,6.700,6.700,3430,0.00
1995/05/24,6.650,6.750,6.650,6.650,3420,0.00
1995/05/25,6.700,6.700,6.600,6.700,1550,0.00
1995/05/26,6.650,6.700,6.650,6.650,760,0.00
1995/05/29,6.650,6.650,6.600,6.650,1120,0.00
1995/05/30,6.550,6.600,6.550,6.550,560,0.00
1995/05/31,6.650,6.700,6.650,6.650,1200,0.00
1995/06/01,6.750,6.800,6.650,6.750,6040,0.00
1995/06/05,6.850,6.900,6.750,6.850,6520,0.00
1995/06/06,6.750,6.900,6.750,6.750,4780,0.00
1995/06/07,6.650,6.750,6.650,6.650,880,0.00
1995/06/08,6.650,6.650,6.600,6.650,920,0.00
1995/06/09,6.550,6.650,6.550,6.550,2760,0.00
1995/06/12,6.600,6.600,6.550,6.600,460,0.00
1995/06/13,6.550,6.600,6.550,6.550,1060,0.00
1995/06/14,6.600,6.600,6.550,6.600,1040,0.00
1995/06/15,6.550,6.650,6.550,6.550,1970,0.00
1995/06/16,6.550,6.650,6.500,6.550,400,0.00
1995/06/19,6.550,6.550,6.550,6.550,0,0.00
1995/06/20,6.500,6.550,6.500,6.500,460,0.00
1995/06/21,6.450,6.450,6.400,6.450,840,0.00
1995/06/22,6.450,6.550,6.450,6.450,1500,0.00
1995/06/23,6.450,6.600,6.450,6.450,1940,0.00
1995/06/26,6.500,6.500,6.450,6.500,1300,0.00
1995/06/27,6.500,6.550,6.500,6.500,1000,0.00
1995/06/28,6.500,6.550,6.450,6.500,1340,0.00
1995/06/29,6.500,6.500,6.500,6.500,5560,0.00
1995/06/30,6.450,6.500,6.450,6.450,2110,0.00
1995/07/03,6.400,6.450,6.400,6.400,1450,0.00
1995/07/04,6.450,6.450,6.400,6.450,2500,0.00
1995/07/05,6.650,6.650,6.500,6.650,5630,0.00
1995/07/06,6.500,6.700,6.500,6.500,3140,0.00
1995/07/07,6.700,6.900,6.550,6.700,7420,0.00
1995/07/10,6.950,7.000,6.850,6.950,12360,0.00
1995/07/11,6.950,6.950,6.900,6.950,1440,0.00
1995/07/12,6.800,6.900,6.800,6.800,2560,0.00
1995/07/13,6.850,6.950,6.850,6.850,6480,0.00
1995/07/14,6.900,6.900,6.750,6.900,7440,0.00
1995/07/17,6.800,6.900,6.800,6.800,2060,0.00
1995/07/18,6.800,6.800,6.750,6.800,1400,0.00
1995/07/19,6.650,6.750,6.650,6.650,1740,0.00
1995/07/20,6.700,6.700,6.550,6.700,1360,0.00
1995/07/21,6.700,6.700,6.650,6.700,1160,0.00
1995/07/24,6.700,6.750,6.650,6.700,500,0.00
1995/07/25,6.700,6.750,6.650,6.700,2780,0.00
1995/07/26,6.700,6.700,6.700,6.700,980,0.00
1995/07/27,6.800,6.800,6.650,6.800,880,0.00
1995/07/28,7.000,7.000,6.800,7.000,4820,0.00
1995/07/31,7.100,7.200,7.050,7.100,9400,0.00
1995/08/01,7.200,7.200,7.050,7.200,10050,0.00
1995/08/02,7.750,7.750,7.250,7.750,29880,0.00
1995/08/03,7.650,7.850,7.600,7.650,17890,0.00
1995/08/04,7.700,7.750,7.600,7.700,11660,0.00
1995/08/07,8.000,8.000,7.750,8.000,11760,0.00
1995/08/08,8.150,8.150,8.000,8.150,19870,0.00
1995/08/09,8.150,8.200,7.850,8.150,7380,0.00
1995/08/10,7.750,8.150,7.750,7.750,4960,0.00
1995/08/11,7.650,7.750,7.550,7.650,7000,0.00
1995/08/14,7.600,7.700,7.550,7.600,3470,0.00
1995/08/15,7.600,7.650,7.600,7.600,2980,0.00
1995/08/16,7.550,7.650,7.550,7.550,1820,0.00
1995/08/17,7.450,7.550,7.450,7.450,2220,0.00
1995/08/18,7.400,7.400,7.300,7.400,2900,0.00
1995/08/21,7.450,7.450,7.250,7.450,1680,0.00
1995/08/22,7.350,7.400,7.350,7.350,1160,0.00
1995/08/23,7.500,7.600,7.400,7.500,1380,0.00
1995/08/24,7.400,7.400,7.350,7.400,1060,0.00
1995/08/25,7.400,7.500,7.400,7.400,3400,0.00
1995/08/28,7.400,7.400,7.400,7.400,0,0.00
1995/08/29,7.550,7.650,7.500,7.550,2700,0.00
1995/08/30,7.550,7.550,7.500,7.550,2120,0.00
1995/08/31,7.500,7.500,7.500,7.500,160,0.00
1995/09/01,7.500,7.550,7.500,7.500,260,0.00
1995/09/04,7.600,7.650,7.550,7.600,4540,0.00
1995/09/05,7.650,7.700,7.600,7.650,1360,0.00
1995/09/06,7.700,7.750,7.700,7.700,1240,0.00
1995/09/07,7.750,7.800,7.600,7.750,6840,0.00
1995/09/08,7.950,8.000,7.800,7.950,4600,0.00
1995/09/11,8.050,8.050,7.950,8.050,8940,0.00
1995/09/12,8.100,8.100,7.950,8.100,4210,0.00
1995/09/13,8.100,8.150,8.050,8.100,7180,0.00
1995/09/14,8.100,8.100,8.050,8.100,3980,0.00
1995/09/15,8.450,8.450,8.100,8.450,8830,0.00
1995/09/18,8.400,8.400,8.250,8.400,5040,0.00
1995/09/19,8.300,8.300,8.100,8.300,3580,0.00
1995/09/20,8.300,8.300,8.250,8.300,3420,0.00
1995/09/21,8.100,8.100,8.050,8.100,10480,0.00
1995/09/22,8.050,8.150,8.000,8.050,2840,0.00
1995/09/25,8.000,8.000,7.950,8.000,2180,0.00
1995/09/26,8.050,8.050,7.950,8.050,2860,0.00
1995/09/27,8.100,8.100,8.000,8.100,1220,0.00
1995/09/28,8.100,8.100,8.050,8.100,4660,0.00
1995/09/29,8.100,8.100,8.000,8.100,1560,0.00
1995/10/02,8.100,8.150,8.100,8.100,1550,0.00
1995/10/03,8.100,8.100,8.050,8.100,1320,0.00
1995/10/04,8.250,8.250,8.050,8.250,2220,0.00
1995/10/05,8.150,8.200,8.150,8.150,3000,0.00
1995/10/06,8.200,8.200,8.050,8.200,1500,0.00
1995/10/09,8.150,8.150,8.050,8.150,3620,0.00
1995/10/10,8.150,8.150,8.050,8.150,1640,0.00
1995/10/11,8.050,8.100,7.950,8.050,800,0.00
1995/10/12,8.100,8.100,8.000,8.100,1360,0.00
1995/10/13,8.150,8.150,8.100,8.150,1360,0.00
1995/10/16,8.200,8.200,8.150,8.200,3380,0.00
1995/10/17,8.150,8.150,8.000,8.150,1040,0.00
1995/10/18,8.000,8.150,8.000,8.000,920,0.00
1995/10/19,7.950,8.050,7.950,7.950,630,0.00
1995/10/20,7.950,8.000,7.950,7.950,520,0.00
1995/10/23,8.000,8.000,8.000,8.000,20,0.00
1995/10/24,7.900,7.900,7.900,7.900,100,0.00
1995/10/25,7.850,7.900,7.850,7.850,310,0.00
1995/10/26,7.750,7.800,7.750,7.750,780,0.00
1995/10/27,7.650,7.700,7.650,7.650,600,0.00
1995/10/30,7.600,7.700,7.600,7.600,580,0.00
1995/10/31,7.650,7.700,7.600,7.650,640,0.00
1995/11/02,7.700,7.700,7.650,7.700,220,0.00
1995/11/03,7.750,7.750,7.700,7.750,1340,0.00
1995/11/06,7.700,7.750,7.700,7.700,540,0.00
1995/11/07,7.600,7.650,7.600,7.600,300,0.00
1995/11/08,7.450,7.550,7.450,7.450,1000,0.00
1995/11/09,7.500,7.550,7.500,7.500,410,0.00
1995/11/10,7.400,7.450,7.400,7.400,1100,0.00
1995/11/13,7.500,7.500,7.400,7.500,480,0.00
1995/11/14,7.400,7.500,7.400,7.400,1340,0.00
1995/11/15,7.400,7.400,7.400,7.400,2140,0.00
1995/11/16,7.350,7.450,7.300,7.350,1240,0.00
1995/11/17,7.350,7.350,7.250,7.350,820,0.00
1995/11/20,7.350,7.350,7.250,7.350,5640,0.00
1995/11/21,7.350,7.350,7.300,7.350,1650,0.00
1995/11/22,7.350,7.400,7.300,7.350,7700,0.00
1995/11/23,7.300,7.400,7.300,7.300,9420,0.00
1995/11/24,7.350,7.350,7.300,7.350,7650,0.00
1995/11/27,7.350,7.550,7.350,7.350,3690,0.00
1995/11/28,7.400,7.400,7.350,7.400,3460,0.00
1995/11/29,7.400,7.450,7.400,7.400,2920,0.00
1995/11/30,7.450,7.500,7.400,7.450,8300,0.00
1995/12/01,7.450,7.550,7.450,7.450,2040,0.00
1995/12/04,7.500,7.550,7.500,7.500,630,0.00
1995/12/05,7.500,7.600,7.500,7.500,1820,0.00
1995/12/06,7.550,7.550,7.450,7.550,1580,0.00
1995/12/07,7.500,7.500,7.450,7.500,880,0.00
1995/12/08,7.450,7.450,7.450,7.450,960,0.00
1995/12/11,7.450,7.450,7.400,7.450,160,0.00
1995/12/12,7.450,7.500,7.400,7.450,1400,0.00
1995/12/13,7.450,7.500,7.450,7.450,740,0.00
1995/12/14,7.400,7.450,7.400,7.400,2050,0.00
1995/12/15,7.300,7.350,7.300,7.300,3200,0.00
1995/12/18,7.350,7.350,7.300,7.350,840,0.00
1995/12/19,7.300,7.350,7.200,7.300,2720,0.00
1995/12/20,7.400,7.400,7.350,7.400,480,0.00
1995/12/21,7.400,7.400,7.400,7.400,720,0.00
1995/12/22,7.450,7.450,7.450,7.450,620,0.00
1995/12/27,7.450,7.450,7.450,7.450,300,0.00
1995/12/28,7.450,7.500,7.450,7.450,360,0.00
1995/12/29,7.500,7.500,7.400,7.500,1020,0.00
1996/01/02,7.550,7.550,7.500,7.550,1180,0.00
1996/01/03,7.700,7.700,7.550,7.700,2200,0.00
1996/01/04,7.800,7.900,7.800,7.800,2660,0.00
1996/01/05,7.950,8.000,7.750,7.950,3520,0.00
1996/01/08,7.950,8.100,7.950,7.950,2980,0.00
1996/01/09,7.850,7.950,7.850,7.850,460,0.00
1996/01/10,7.800,7.850,7.750,7.800,1800,0.00
1996/01/11,7.900,8.000,7.700,7.900,2170,0.00
1996/01/12,8.050,8.100,8.000,8.050,6100,0.00
1996/01/15,8.250,8.300,8.100,8.250,3220,0.00
1996/01/16,8.600,8.600,8.250,8.600,5810,0.00
1996/01/17,8.500,8.700,8.500,8.500,6480,0.00
1996/01/18,8.450,8.550,8.400,8.450,4620,0.00
1996/01/19,8.500,8.600,8.500,8.500,4900,0.00
1996/01/22,8.800,8.800,8.650,8.800,7040,0.00
1996/01/23,8.850,8.850,8.700,8.850,4980,0.00
1996/01/24,8.850,8.900,8.800,8.850,3450,0.00
1996/01/25,8.950,9.000,8.850,8.950,5640,0.00
1996/01/26,8.900,8.950,8.850,8.900,3400,0.00
1996/01/29,8.800,8.900,8.800,8.800,690,0.00
1996/01/30,8.950,8.950,8.800,8.950,3920,0.00
1996/01/31,9.000,9.050,8.950,9.000,11720,0.00
1996/02/01,9.200,9.200,8.950,9.200,5290,0.00
1996/02/02,9.150,9.250,9.100,9.150,2360,0.00
1996/02/05,9.150,9.200,9.100,9.150,3710,0.00
1996/02/06,9.100,9.150,9.050,9.100,2210,0.00
1996/02/07,9.100,9.100,9.000,9.100,2960,0.00
1996/02/08,9.000,9.100,8.950,9.000,1920,0.00
1996/02/09,9.000,9.000,9.000,9.000,310,0.00
1996/02/12,8.850,8.900,8.850,8.850,620,0.00
1996/02/13,8.750,8.950,8.750,8.750,2520,0.00
1996/02/14,8.800,8.900,8.750,8.800,2460,0.00
1996/02/15,8.900,8.900,8.900,8.900,800,0.00
1996/02/16,8.950,8.950,8.900,8.950,960,0.00
1996/02/22,8.900,8.950,8.900,8.900,680,0.00
1996/02/23,8.850,9.000,8.850,8.850,860,0.00
1996/02/26,8.750,8.850,8.750,8.750,640,0.00
1996/02/27,8.800,8.800,8.750,8.800,300,0.00
1996/02/28,8.950,9.000,8.850,8.950,920,0.00
1996/02/29,8.900,9.100,8.850,8.900,2390,0.00
1996/03/01,8.900,8.950,8.850,8.900,1740,0.00
1996/03/04,9.350,9.350,9.000,9.350,5920,0.00
1996/03/05,9.550,9.650,9.300,9.550,6350,0.00
1996/03/06,9.500,9.650,9.450,9.500,3280,0.00
1996/03/07,9.550,9.600,9.450,9.550,5910,0.00
1996/03/08,9.600,9.650,9.550,9.600,1860,0.00
1996/03/11,8.750,9.400,8.400,8.750,5440,0.00
1996/03/12,9.100,9.400,8.950,9.100,3500,0.00
1996/03/13,8.600,8.800,8.600,8.600,8740,0.00
1996/03/14,8.500,8.700,8.450,8.500,10500,0.00
1996/03/15,8.600,8.750,8.500,8.600,6100,0.00
1996/03/18,8.450,8.600,8.450,8.450,4110,0.00
1996/03/19,8.600,8.600,8.550,8.600,1720,0.00
1996/03/20,8.650,8.700,8.650,8.650,940,0.00
1996/03/21,8.700,8.750,8.650,8.700,4560,0.00
1996/03/22,8.850,8.850,8.800,8.850,2520,0.00
1996/03/25,8.900,9.000,8.900,8.900,1260,0.00
1996/03/26,8.750,8.950,8.750,8.750,1640,0.00
1996/03/27,8.800,8.800,8.700,8.800,1540,0.00
1996/03/28,8.700,8.800,8.700,8.700,180,0.00
1996/03/29,8.750,8.750,8.750,8.750,1000,0.00
1996/04/01,8.600,8.700,8.600,8.600,1290,0.00
1996/04/02,8.800,8.800,8.600,8.800,840,0.00
1996/04/03,8.800,8.800,8.750,8.800,770,0.00
1996/04/09,8.750,8.800,8.600,8.750,510,0.00
1996/04/10,8.700,8.800,8.700,8.700,660,0.00
1996/04/11,8.700,8.800,8.650,8.700,110,0.00
1996/04/12,8.800,8.800,8.700,8.800,820,0.00
1996/04/15,8.800,8.800,8.800,8.800,1120,0.00
1996/04/16,8.900,8.950,8.850,8.900,2280,0.00
1996/04/17,8.500,8.600,8.500,8.500,1640,0.00
1996/04/18,8.400,8.500,8.400,8.400,2420,0.00
1996/04/19,8.300,8.350,8.300,8.300,1480,0.00
1996/04/22,8.300,8.550,8.300,8.300,1380,0.00
1996/04/23,8.250,8.350,8.250,8.250,2800,0.00
1996/04/24,8.150,8.300,8.150,8.150,1180,0.00
1996/04/25,8.100,8.150,8.100,8.100,780,0.00
1996/04/26,8.100,8.100,8.100,8.100,3400,0.00
1996/04/29,8.150,8.200,8.150,8.150,1380,0.00
1996/04/30,8.100,8.150,8.100,8.100,3340,0.00
1996/05/01,8.100,8.150,8.100,8.100,1220,0.00
1996/05/02,8.100,8.100,8.100,8.100,620,0.00
1996/05/03,7.950,8.050,7.950,7.950,1280,0.00
1996/05/06,7.950,7.950,7.950,7.950,840,0.00
1996/05/07,7.900,7.950,7.900,7.900,2350,0.00
1996/05/08,7.750,7.800,7.750,7.750,4400,0.00
1996/05/09,7.650,7.850,7.650,7.650,6500,0.00
1996/05/10,7.650,7.750,7.650,7.650,1660,0.00
1996/05/13,7.650,7.700,7.650,7.650,2440,0.00
1996/05/14,7.650,7.750,7.650,7.650,8680,0.00
1996/05/15,7.700,7.750,7.700,7.700,980,0.00
1996/05/16,7.700,7.700,7.700,7.700,500,0.00
1996/05/17,7.700,7.700,7.650,7.700,720,0.00
1996/05/20,7.700,7.800,7.700,7.700,3200,0.00
1996/05/21,7.750,7.800,7.750,7.750,3880,0.00
1996/05/22,7.700,7.800,7.700,7.700,4620,0.00
1996/05/23,7.700,7.800,7.700,7.700,2710,0.00
1996/05/24,7.700,7.750,7.700,7.700,2100,0.00
1996/05/27,7.700,7.750,7.700,7.700,1980,0.00
1996/05/28,7.700,7.700,7.650,7.700,2300,0.00
1996/05/29,7.600,7.650,7.600,7.600,5600,0.00
1996/05/30,7.650,7.700,7.650,7.650,1760,0.00
1996/05/31,7.650,7.750,7.650,7.650,6260,0.00
1996/06/03,7.550,7.750,7.550,7.550,7140,0.00
1996/06/04,7.650,7.650,7.600,7.650,3740,0.00
1996/06/05,7.600,7.650,7.600,7.600,3260,0.00
1996/06/06,7.600,7.700,7.600,7.600,8280,0.00
1996/06/07,7.550,7.700,7.550,7.550,6740,0.00
1996/06/10,7.600,7.600,7.600,7.600,1880,0.00
1996/06/11,7.550,7.600,7.550,7.550,6220,0.00
1996/06/12,7.650,7.650,7.600,7.650,1660,0.00
1996/06/13,7.650,7.650,7.600,7.650,2180,0.00
1996/06/14,7.650,7.700,7.650,7.650,780,0.00
1996/06/17,7.650,7.650,7.650,7.650,0,0.00
1996/06/18,7.750,7.750,7.700,7.750,120,0.00
1996/06/19,7.700,7.750,7.700,7.700,320,0.00
1996/06/21,7.650,7.700,7.650,7.650,440,0.00
1996/06/24,7.550,7.650,7.500,7.550,5400,0.00
1996/06/25,7.550,7.650,7.550,7.550,3020,0.00
1996/06/26,7.550,7.600,7.550,7.550,2940,0.00
1996/06/27,7.550,7.650,7.550,7.550,5060,0.00
1996/06/28,7.650,7.650,7.600,7.650,680,0.00
1996/07/01,7.750,7.750,7.650,7.750,2380,0.00
1996/07/02,7.750,7.750,7.700,7.750,1400,0.00
1996/07/03,7.750,7.750,7.700,7.750,1900,0.00
1996/07/04,8.000,8.000,7.800,8.000,4790,0.00
1996/07/05,8.000,8.000,7.900,8.000,3600,0.00
1996/07/08,7.750,7.850,7.750,7.750,1480,0.00
1996/07/09,7.950,7.950,7.800,7.950,1980,0.00
1996/07/10,7.800,8.050,7.800,7.800,1000,0.00
1996/07/11,7.750,7.800,7.750,7.750,1080,0.00
1996/07/12,7.750,7.800,7.700,7.750,1420,0.00
1996/07/15,7.750,7.800,7.750,7.750,400,0.00
1996/07/16,7.650,7.650,7.550,7.650,2280,0.00
1996/07/17,7.650,7.700,7.600,7.650,1520,0.00
1996/07/18,7.700,7.750,7.700,7.700,640,0.00
1996/07/19,7.700,7.850,7.700,7.700,670,0.00
1996/07/22,7.650,7.700,7.650,7.650,740,0.00
1996/07/23,7.700,7.700,7.650,7.700,880,0.00
1996/07/24,7.600,7.750,7.600,7.600,2690,0.00
1996/07/25,7.650,7.800,7.600,7.650,480,0.00
1996/07/26,7.700,7.700,7.700,7.700,260,0.00
1996/07/29,7.650,7.700,7.600,7.650,1300,0.00
1996/07/30,7.600,7.650,7.600,7.600,780,0.00
1996/07/31,7.600,7.600,7.600,7.600,440,0.00
1996/08/01,7.600,7.600,7.550,7.600,1860,0.00
1996/08/02,7.650,7.650,7.650,7.650,1620,0.00
1996/08/05,7.700,7.750,7.700,7.700,820,0.00
1996/08/06,7.700,7.800,7.700,7.700,910,0.00
1996/08/07,7.750,7.750,7.700,7.750,1720,0.00
1996/08/08,7.850,7.900,7.800,7.850,1020,0.00
1996/08/09,7.850,7.850,7.750,7.850,720,0.00
1996/08/12,7.800,7.950,7.800,7.800,1190,0.00
1996/08/13,7.650,7.800,7.650,7.650,3200,0.00
1996/08/14,7.700,7.700,7.650,7.700,920,0.00
1996/08/15,7.700,7.700,7.600,7.700,1520,0.00
1996/08/16,7.700,7.700,7.650,7.700,540,0.00
1996/08/19,7.700,7.750,7.700,7.700,320,0.00
1996/08/20,7.700,7.750,7.700,7.700,1140,0.00
1996/08/21,7.800,7.800,7.800,7.800,740,0.00
1996/08/22,7.850,7.850,7.800,7.850,1890,0.00
1996/08/23,7.800,7.850,7.750,7.800,2360,0.00
1996/08/26,7.800,7.800,7.800,7.800,0,0.00
1996/08/27,7.800,7.800,7.800,7.800,1740,0.00
1996/08/28,7.700,7.800,7.700,7.700,1580,0.00
1996/08/29,7.700,7.800,7.700,7.700,3920,0.00
1996/08/30,7.650,7.650,7.550,7.650,1810,0.00
1996/09/02,7.650,7.750,7.600,7.650,690,0.00
1996/09/03,7.600,7.600,7.600,7.600,200,0.00
1996/09/04,7.650,7.650,7.600,7.650,1000,0.00
1996/09/05,7.600,7.650,7.600,7.600,340,0.00
1996/09/06,7.650,7.650,7.600,7.650,220,0.00
1996/09/09,7.650,7.700,7.650,7.650,1440,0.00
1996/09/10,7.600,7.650,7.600,7.600,800,0.00
1996/09/11,7.550,7.600,7.550,7.550,880,0.00
1996/09/12,7.550,7.550,7.550,7.550,1660,0.00
1996/09/13,7.700,7.700,7.550,7.700,5730,0.00
1996/09/16,7.700,7.750,7.650,7.700,6500,0.00
1996/09/17,7.750,7.750,7.700,7.750,4770,0.00
1996/09/18,7.800,7.850,7.700,7.800,4040,0.00
1996/09/19,7.500,7.600,7.500,7.500,1200,0.00
1996/09/20,7.500,7.550,7.500,7.500,1960,0.00
1996/09/23,7.400,7.450,7.350,7.400,4360,0.00
1996/09/24,7.350,7.450,7.350,7.350,2360,0.00
1996/09/25,7.350,7.450,7.350,7.350,4370,0.00
1996/09/26,7.400,7.400,7.400,7.400,760,0.00
1996/09/27,7.550,7.550,7.450,7.550,1520,0.00
1996/09/30,7.650,7.700,7.550,7.650,2180,0.00
1996/10/01,7.750,7.750,7.650,7.750,3800,0.00
1996/10/02,7.650,7.750,7.600,7.650,2040,0.00
1996/10/03,7.750,7.750,7.700,7.750,1580,0.00
1996/10/04,7.650,7.700,7.650,7.650,890,0.00
1996/10/07,7.650,7.750,7.650,7.650,4060,0.00
1996/10/08,7.700,7.700,7.650,7.700,2480,0.00
1996/10/09,7.700,7.700,7.650,7.700,1540,0.00
1996/10/10,7.850,7.850,7.700,7.850,5510,0.00
1996/10/11,7.950,7.950,7.800,7.950,3680,0.00
1996/10/14,8.300,8.300,8.000,8.300,8800,0.00
1996/10/15,8.450,8.500,8.300,8.450,11050,0.00
1996/10/16,8.300,8.600,8.250,8.300,8400,0.00
1996/10/17,8.350,8.400,8.200,8.350,6660,0.00
1996/10/18,8.450,8.450,8.350,8.450,3240,0.00
1996/10/22,8.550,8.700,8.500,8.550,8120,0.00
1996/10/23,8.500,8.600,8.450,8.500,2080,0.00
1996/10/24,8.400,8.450,8.400,8.400,2680,0.00
1996/10/25,8.400,8.600,8.400,8.400,2520,0.00
1996/10/28,8.350,8.400,8.350,8.350,2660,0.00
1996/10/29,8.400,8.450,8.350,8.400,3790,0.00
1996/10/30,8.450,8.500,8.400,8.450,2060,0.00
1996/10/31,8.450,8.500,8.400,8.450,1240,0.00
1996/11/01,8.450,8.550,8.450,8.450,3560,0.00
1996/11/04,8.700,8.700,8.450,8.700,5870,0.00
1996/11/05,8.650,8.850,8.650,8.650,4000,0.00
1996/11/06,8.750,8.800,8.600,8.750,3600,0.00
1996/11/07,8.700,9.000,8.700,8.700,8340,0.00
1996/11/08,8.650,8.750,8.600,8.650,4200,0.00
1996/11/11,8.700,8.700,8.450,8.700,1120,0.00
1996/11/12,8.700,8.750,8.600,8.700,5040,0.00
1996/11/13,8.800,8.800,8.700,8.800,4840,0.00
1996/11/14,8.800,8.850,8.750,8.800,1480,0.00
1996/11/15,8.750,8.900,8.700,8.750,1580,0.00
1996/11/18,8.850,8.900,8.800,8.850,2460,0.00
1996/11/19,8.800,8.950,8.800,8.800,2720,0.00
1996/11/20,8.900,9.000,8.600,8.900,4680,0.00
1996/11/21,9.050,9.150,8.950,9.050,6060,0.00
1996/11/22,9.400,9.400,9.100,9.400,6430,0.00
1996/11/25,9.550,9.600,9.400,9.550,5920,0.00
1996/11/26,9.800,9.850,9.600,9.800,10830,0.00
1996/11/27,9.800,9.800,9.550,9.800,7450,0.00
1996/11/28,9.600,9.850,9.600,9.600,2440,0.00
1996/11/29,9.550,9.800,9.450,9.550,2430,0.00
1996/12/02,9.550,9.650,9.550,9.550,2030,0.00
1996/12/03,9.450,9.550,9.400,9.450,2040,0.00
1996/12/04,9.350,9.400,9.250,9.350,1740,0.00
1996/12/05,9.400,9.450,9.350,9.400,1860,0.00
1996/12/06,9.100,9.350,9.000,9.100,3680,0.00
1996/12/09,9.050,9.050,8.900,9.050,1700,0.00
1996/12/10,9.300,9.350,9.150,9.300,1320,0.00
1996/12/11,9.100,9.400,9.100,9.100,3330,0.00
1996/12/12,9.100,9.100,9.000,9.100,1720,0.00
1996/12/13,9.000,9.050,9.000,9.000,1840,0.00
1996/12/16,9.100,9.100,8.950,9.100,590,0.00
1996/12/17,9.100,9.150,9.050,9.100,1620,0.00
1996/12/18,9.100,9.150,9.050,9.100,2680,0.00
1996/12/19,9.150,9.150,9.100,9.150,1100,0.00
1996/12/20,9.300,9.350,9.200,9.300,2720,0.00
1996/12/23,9.300,9.350,9.300,9.300,780,0.00
1996/12/24,9.400,9.450,9.350,9.400,1230,0.00
1996/12/27,9.450,9.500,9.400,9.450,1220,0.00
1996/12/30,9.500,9.500,9.450,9.500,3860,0.00
1996/12/31,9.550,9.550,9.450,9.550,1180,0.00
1997/01/02,9.350,9.400,9.300,9.350,2960,0.00
1997/01/03,9.300,9.350,9.300,9.300,880,0.00
1997/01/06,9.500,9.500,9.400,9.500,1680,0.00
1997/01/07,9.500,9.550,9.500,9.500,1890,0.00
1997/01/08,9.750,9.750,9.500,9.750,3560,0.00
1997/01/09,9.600,9.800,9.550,9.600,3480,0.00
1997/01/10,9.800,9.800,9.650,9.800,2420,0.00
1997/01/13,9.800,9.800,9.650,9.800,5140,0.00
1997/01/14,9.750,9.800,9.750,9.750,3800,0.00
1997/01/15,9.850,9.950,9.800,9.850,4750,0.00
1997/01/16,9.900,9.900,9.750,9.900,2480,0.00
1997/01/17,10.200,10.200,9.950,10.200,9900,0.00
1997/01/20,10.350,10.550,10.250,10.350,7760,0.00
1997/01/21,10.000,10.200,10.000,10.000,1980,0.00
1997/01/22,9.950,10.100,9.950,9.950,2810,0.00
1997/01/23,9.950,10.000,9.950,9.950,2800,0.00
1997/01/24,9.900,9.900,9.750,9.900,1480,0.00
1997/01/27,9.800,9.900,9.800,9.800,3700,0.00
1997/01/28,9.900,9.900,9.800,9.900,2560,0.00
1997/01/29,9.750,10.000,9.700,9.750,1490,0.00
1997/01/30,9.700,9.800,9.700,9.700,1480,0.00
1997/01/31,9.700,9.700,9.700,9.700,640,0.00
1997/02/03,9.750,9.750,9.750,9.750,840,0.00
1997/02/04,9.700,9.900,9.700,9.700,12020,0.00
1997/02/05,9.900,9.900,9.750,9.900,6360,0.00
1997/02/10,9.650,10.000,9.650,9.650,7430,0.00
1997/02/11,9.700,9.700,9.650,9.700,4080,0.00
1997/02/12,9.800,10.000,9.700,9.800,1540,0.00
1997/02/13,9.700,9.800,9.650,9.700,1160,0.00
1997/02/14,9.600,9.650,9.400,9.600,920,0.00
1997/02/17,9.500,9.700,9.400,9.500,920,0.00
1997/02/18,9.450,9.450,9.400,9.450,830,0.00
1997/02/19,9.450,9.450,9.450,9.450,1040,0.00
1997/02/20,9.550,9.600,9.450,9.550,2240,0.00
1997/02/21,9.500,9.600,9.500,9.500,2620,0.00
1997/02/24,9.600,9.600,9.500,9.600,780,0.00
1997/02/25,9.650,9.650,9.600,9.650,2260,0.00
1997/02/26,9.600,9.700,9.600,9.600,820,0.00
1997/02/27,9.600,9.600,9.550,9.600,1180,0.00
1997/02/28,9.650,9.700,9.550,9.650,3020,0.00
1997/03/03,9.750,9.800,9.650,9.750,2660,0.00
1997/03/04,9.650,9.700,9.650,9.650,2420,0.00
1997/03/05,9.650,9.700,9.650,9.650,560,0.00
1997/03/06,9.650,9.700,9.650,9.650,1740,0.00
1997/03/07,9.800,9.800,9.650,9.800,1680,0.00
1997/03/10,9.700,9.800,9.650,9.700,820,0.00
1997/03/11,9.600,9.700,9.550,9.600,2030,0.00
1997/03/12,9.500,9.650,9.450,9.500,2860,0.00
1997/03/13,9.300,9.550,9.300,9.300,4040,0.00
1997/03/14,9.150,9.300,9.050,9.150,3660,0.00
1997/03/17,9.250,9.250,9.150,9.250,1760,0.00
1997/03/18,9.200,9.250,9.150,9.200,980,0.00
1997/03/19,9.150,9.200,9.150,9.150,1240,0.00
1997/03/20,8.900,9.150,8.900,8.900,5060,0.00
1997/03/21,9.000,9.000,8.900,9.000,3580,0.00
1997/03/24,9.100,9.200,9.000,9.100,2210,0.00
1997/03/25,9.250,9.300,9.150,9.250,2770,0.00
1997/03/26,9.300,9.400,9.300,9.300,3240,0.00
1997/03/27,9.150,9.200,9.150,9.150,1220,0.00
1997/04/01,9.000,9.300,8.850,9.000,1400,0.00
1997/04/02,9.000,9.050,9.000,9.000,4060,0.00
1997/04/03,9.000,9.050,8.900,9.000,1300,0.00
1997/04/04,9.050,9.100,9.050,9.050,840,0.00
1997/04/07,9.200,9.200,9.100,9.200,960,0.00
1997/04/08,9.300,9.300,9.200,9.300,600,0.00
1997/04/09,9.250,9.300,9.200,9.250,740,0.00
1997/04/10,9.000,9.000,8.950,9.000,560,0.00
1997/04/11,8.950,9.000,8.950,8.950,1180,0.00
1997/04/14,8.900,8.950,8.900,8.900,420,0.00
1997/04/15,8.850,8.900,8.850,8.850,2540,0.00
1997/04/16,8.850,8.950,8.800,8.850,1660,0.00
1997/04/17,8.850,8.900,8.850,8.850,620,0.00
1997/04/18,8.900,8.900,8.800,8.900,1540,0.00
1997/04/21,8.850,8.850,8.800,8.850,500,0.00
1997/04/22,8.850,8.850,8.750,8.850,500,0.00
1997/04/23,8.750,8.850,8.750,8.750,440,0.00
1997/04/24,8.750,8.750,8.750,8.750,400,0.00
1997/04/25,8.650,8.750,8.600,8.650,760,0.00
1997/04/28,8.700,8.700,8.600,8.700,2340,0.00
1997/04/29,8.750,8.850,8.750,8.750,2920,0.00
1997/04/30,8.850,8.900,8.800,8.850,4240,0.00
1997/05/01,8.900,9.000,8.850,8.900,3940,0.00
1997/05/02,9.050,9.050,8.950,9.050,5580,0.00
1997/05/05,9.200,9.250,9.100,9.200,640,0.00
1997/05/06,9.200,9.350,9.200,9.200,3220,0.00
1997/05/07,9.100,9.300,9.100,9.100,5740,0.00
1997/05/08,9.200,9.200,9.150,9.200,760,0.00
1997/05/09,9.350,9.400,9.350,9.350,2400,0.00
1997/05/12,9.250,9.350,9.200,9.250,2700,0.00
1997/05/13,9.300,9.300,9.200,9.300,5580,0.00
1997/05/14,9.350,9.400,9.250,9.350,540,0.00
1997/05/15,9.300,9.400,9.300,9.300,3220,0.00
1997/05/16,9.350,9.350,9.150,9.350,1900,0.00
1997/05/19,9.500,9.550,9.350,9.500,5440,0.00
1997/05/20,9.700,9.700,9.450,9.700,2960,0.00
1997/05/21,9.750,9.850,9.750,9.750,5960,0.00
1997/05/22,9.700,9.850,9.700,9.700,7540,0.00
1997/05/23,9.850,9.850,9.750,9.850,5060,0.00
1997/05/26,10.000,10.050,9.950,10.000,5200,0.00
1997/05/27,10.050,10.100,9.950,10.050,6200,0.00
1997/05/28,10.250,10.300,10.000,10.250,8190,0.00
1997/05/29,10.200,10.250,10.050,10.200,5510,0.00
1997/05/30,10.350,10.400,10.200,10.350,7080,0.00
1997/06/02,10.800,10.800,10.400,10.800,6540,0.00
1997/06/03,10.700,11.000,10.600,10.700,6360,0.00
1997/06/04,10.650,10.800,10.650,10.650,2960,0.00
1997/06/05,10.600,10.750,10.600,10.600,1320,0.00
1997/06/06,10.400,10.700,10.350,10.400,2240,0.00
1997/06/10,10.050,10.300,10.000,10.050,3570,0.00
1997/06/11,9.800,9.950,9.800,9.800,2540,0.00
1997/06/12,9.400,9.750,9.300,9.400,3230,0.00
1997/06/13,9.600,9.600,9.450,9.600,2000,0.00
1997/06/16,9.650,9.700,9.600,9.650,1940,0.00
1997/06/17,9.850,10.100,9.650,9.850,4380,0.00
1997/06/18,9.850,9.900,9.800,9.850,2180,0.00
1997/06/19,10.050,10.100,9.800,10.050,4780,0.00
1997/06/20,10.800,10.800,10.200,10.800,15730,0.00
1997/06/23,11.000,11.200,10.650,11.000,20500,0.00
1997/06/24,10.750,10.950,10.650,10.750,10860,0.00
1997/06/25,11.250,11.300,10.950,11.250,17550,0.00
1997/06/26,11.200,11.400,11.100,11.200,7520,0.00
1997/06/27,11.300,11.400,11.100,11.300,9140,0.00
1997/07/03,11.800,12.100,11.350,11.800,14820,0.00
1997/07/04,11.500,11.850,11.350,11.500,6390,0.00
1997/07/07,11.800,11.800,11.500,11.800,3110,0.00
1997/07/08,11.800,12.100,11.600,11.800,7370,0.00
1997/07/09,11.400,11.700,11.400,11.400,5190,0.00
1997/07/10,12.950,13.100,11.300,12.950,34360,0.00
1997/07/11,12.950,12.950,12.950,12.950,0,0.00
1997/07/14,12.950,12.950,12.950,12.950,0,0.00
1997/07/15,12.850,13.200,12.600,12.850,38300,0.00
1997/07/16,12.000,12.750,11.800,12.000,8010,0.00
1997/07/17,11.800,12.200,11.800,11.800,10780,0.00
1997/07/18,12.100,12.200,11.850,12.100,6180,0.00
1997/07/21,11.850,12.050,11.800,11.850,2220,0.00
1997/07/22,11.600,11.800,11.600,11.600,6100,0.00
1997/07/23,11.650,11.700,11.600,11.650,2610,0.00
1997/07/24,11.300,11.600,11.300,11.300,3330,0.00
1997/07/25,11.100,11.250,11.100,11.100,2320,0.00
1997/07/28,11.200,11.300,11.150,11.200,1400,0.00
1997/07/29,11.250,11.400,11.150,11.250,2720,0.00
1997/07/30,11.400,11.800,11.200,11.400,1860,0.00
1997/07/31,11.500,11.600,11.500,11.500,6660,0.00
1997/08/01,11.500,11.600,11.500,11.500,1380,0.00
1997/08/04,11.550,11.600,11.500,11.550,1720,0.00
1997/08/05,11.500,11.600,11.500,11.500,2920,0.00
1997/08/06,11.500,11.600,11.350,11.500,6820,0.00
1997/08/07,11.600,11.600,11.500,11.600,7580,0.00
1997/08/08,11.500,11.600,11.400,11.500,1580,0.00
1997/08/11,11.500,11.500,11.200,11.250,3680,0.00
1997/08/12,11.200,11.300,11.200,11.250,2240,0.00
1997/08/13,11.200,11.400,11.200,11.350,1360,0.00
1997/08/14,11.350,11.600,11.350,11.600,2360,0.00
1997/08/15,11.550,11.750,11.550,11.650,3990,0.00
1997/08/18,11.650,11.650,11.650,11.650,0,0.00
1997/08/19,11.500,11.700,11.200,11.500,2580,0.00
1997/08/20,11.800,11.900,11.400,11.600,3474,0.00
1997/08/21,11.700,11.850,11.500,11.500,2480,0.00
1997/08/22,11.450,11.600,11.450,11.450,1980,0.00
1997/08/25,11.400,11.600,11.400,11.450,2820,0.00
1997/08/26,11.450,11.550,11.450,11.500,1180,0.00
1997/08/27,11.300,11.400,11.250,11.400,1860,0.00
1997/08/28,11.300,11.400,11.200,11.300,3880,0.00
1997/08/29,10.850,10.850,10.700,10.850,2140,0.00
1997/09/01,10.800,10.900,10.700,10.700,1560,0.00
1997/09/02,10.100,10.400,10.100,10.400,1040,0.00
1997/09/03,10.500,10.800,10.500,10.800,2260,0.00
1997/09/04,10.400,10.600,10.300,10.350,1160,0.00
1997/09/05,10.400,10.400,10.300,10.400,2080,0.00
1997/09/08,10.500,10.550,10.400,10.500,940,0.00
1997/09/09,10.400,10.600,10.400,10.600,1580,0.00
1997/09/10,10.600,10.600,10.400,10.500,2340,0.00
1997/09/11,10.300,10.400,10.300,10.400,120,0.00
1997/09/12,10.300,10.300,10.300,10.300,1648,0.00
1997/09/15,10.400,10.700,10.400,10.600,240,0.00
1997/09/16,10.600,10.700,10.550,10.700,2920,0.00
1997/09/18,10.600,10.600,10.300,10.500,1240,0.00
1997/09/19,10.300,10.700,10.300,10.650,1800,0.00
1997/09/22,10.500,10.500,10.400,10.450,1400,0.00
1997/09/23,10.300,10.500,10.300,10.500,960,0.00
1997/09/24,10.400,10.500,10.400,10.400,1480,0.00
1997/09/25,10.400,10.400,10.350,10.350,3540,0.00
1997/09/26,10.400,10.400,10.350,10.400,1420,0.00
1997/09/29,10.400,10.450,10.400,10.400,540,0.00
1997/09/30,10.400,10.450,10.400,10.500,440,0.00
1997/10/03,10.450,10.450,10.400,10.400,1640,0.00
1997/10/06,10.400,10.400,10.250,10.300,2360,0.00
1997/10/07,10.000,10.150,10.000,10.100,2260,0.00
1997/10/08,10.100,10.200,10.100,10.150,380,0.00
1997/10/09,9.950,10.000,9.850,10.000,1204,0.00
1997/10/13,9.900,9.900,9.600,9.600,3080,0.00
1997/10/14,9.700,9.800,9.500,9.650,5480,0.00
1997/10/15,9.500,9.500,8.750,9.000,9280,0.00
1997/10/16,9.000,9.050,9.000,9.050,6060,0.00
1997/10/17,8.950,9.100,8.950,9.100,1071,0.00
1997/10/20,9.100,9.100,8.900,8.900,1960,0.00
1997/10/21,8.900,8.900,8.700,8.700,2020,0.00
1997/10/22,8.600,8.600,8.200,8.250,10660,0.00
1997/10/23,8.050,8.050,6.600,7.600,5124,0.00
1997/10/24,7.600,7.700,7.400,7.700,7220,0.00
1997/10/27,7.600,7.700,7.500,7.400,80,0.00
1997/10/28,6.700,6.700,6.000,6.600,6040,0.00
1997/10/29,7.000,7.100,6.900,7.100,7000,0.00
1997/10/30,7.000,7.000,6.800,7.000,5420,0.00
1997/10/31,7.100,7.300,7.000,7.250,4420,0.00
1997/11/03,7.250,7.650,7.250,7.500,2800,0.00
1997/11/04,7.750,7.800,7.350,7.500,4040,0.00
1997/11/05,7.500,7.500,7.400,7.400,860,0.00
1997/11/06,7.350,7.350,7.050,7.200,1635,0.00
1997/11/07,7.000,7.100,6.900,7.000,1320,0.00
1997/11/10,7.000,7.050,6.900,7.000,6900,0.00
1997/11/11,7.000,7.200,6.800,6.900,2264,0.00
1997/11/12,6.900,7.000,6.800,6.800,1280,0.00
1997/11/13,6.850,7.200,6.800,7.200,2800,0.00
1997/11/14,7.250,7.250,7.100,7.200,2600,0.00
1997/11/17,7.500,7.600,7.500,7.500,1110,0.00
1997/11/18,7.500,7.500,7.300,7.300,480,0.00
1997/11/19,7.300,7.300,7.200,7.200,1040,0.00
1997/11/20,7.200,7.200,7.200,7.200,40,0.00
1997/11/21,7.250,7.250,7.250,7.250,720,0.00
1997/11/24,7.250,7.250,7.250,7.250,0,0.00
1997/11/25,7.800,7.800,7.350,7.400,1850,0.00
1997/11/26,7.450,7.500,7.450,7.450,2720,0.00
1997/11/27,7.500,7.500,7.300,7.300,440,0.00
1997/11/28,7.400,7.400,7.400,7.400,1260,0.00
1997/12/01,7.400,7.600,7.400,7.600,624,0.00
1997/12/02,7.700,7.800,7.700,7.750,720,0.00
1997/12/03,7.800,7.900,7.800,7.800,340,0.00
1997/12/04,7.800,8.100,7.800,8.100,492,0.00
1997/12/05,8.150,8.200,8.150,8.150,640,0.00
1997/12/08,8.300,8.300,8.200,8.200,590,0.00
1997/12/09,8.200,8.200,8.100,8.100,680,0.00
1997/12/10,8.100,8.100,7.900,7.900,1040,0.00
1997/12/11,7.800,7.800,7.500,7.500,1880,0.00
1997/12/12,7.500,7.650,7.500,7.700,520,0.00
1997/12/15,7.700,7.700,7.700,7.700,780,0.00
1997/12/16,7.700,7.700,7.550,7.550,1526,0.00
1997/12/17,7.600,7.600,7.450,7.500,5480,0.00
1997/12/18,7.500,7.500,7.400,7.450,1760,0.00
1997/12/19,7.400,7.400,7.300,7.400,2420,0.00
1997/12/22,7.150,7.150,7.000,7.100,240,0.00
1997/12/23,7.200,7.200,7.150,7.150,240,0.00
1997/12/24,7.150,7.150,7.150,7.150,0,0.00
1997/12/29,7.250,7.250,7.250,7.250,140,0.00
1997/12/30,7.250,7.250,7.200,7.250,840,0.00
1997/12/31,7.300,7.300,7.300,7.300,500,0.00
1998/01/02,7.250,7.250,7.200,7.250,160,0.00
1998/01/05,7.200,7.300,7.200,7.300,880,0.00
1998/01/06,7.200,7.300,7.150,7.150,828,0.00
1998/01/07,7.050,7.050,7.050,7.050,0,0.00
1998/01/08,6.850,6.850,6.850,6.850,0,0.00
1998/01/09,6.800,6.800,6.100,6.250,4640,0.00
1998/01/12,5.900,5.900,5.100,5.350,9060,0.00
1998/01/13,5.450,5.500,5.100,5.250,3580,0.00
1998/01/14,5.450,5.550,5.300,5.300,3740,0.00
1998/01/15,5.250,5.250,4.875,5.000,6460,0.00
1998/01/16,5.100,5.100,4.850,5.000,4100,0.00
1998/01/19,5.000,5.100,4.975,5.000,8280,0.00
1998/01/20,5.000,5.000,4.900,4.900,700,0.00
1998/01/21,4.900,4.900,4.550,4.825,3980,0.00
1998/01/22,4.775,4.800,4.725,4.725,700,0.00
1998/01/23,4.800,4.800,4.300,4.300,3080,0.00
1998/01/26,4.300,4.500,4.300,4.475,2780,0.00
1998/01/27,4.475,4.825,4.475,4.800,3480,0.00
1998/02/02,5.050,5.200,4.975,5.150,4780,0.00
1998/02/03,5.200,5.450,5.100,5.300,5680,0.00
1998/02/04,5.500,5.900,5.500,5.600,3380,0.00
1998/02/05,5.700,5.750,5.650,5.700,2544,0.00
1998/02/06,5.600,6.200,5.600,6.200,3020,0.00
1998/02/09,6.200,6.300,6.150,6.250,5180,0.00
1998/02/10,6.250,6.250,6.000,6.100,6040,0.00
1998/02/11,6.250,6.350,5.900,5.900,6320,0.00
1998/02/12,5.900,6.100,5.900,6.000,2420,0.00
1998/02/13,5.800,5.800,5.750,5.800,460,0.00
1998/02/16,5.600,5.600,5.600,5.600,160,0.00
1998/02/17,5.800,5.800,5.700,5.800,740,0.00
1998/02/18,5.850,6.000,5.850,6.000,960,0.00
1998/02/19,6.100,6.200,5.900,6.200,680,0.00
1998/02/20,6.100,6.100,6.050,6.050,620,0.00
1998/02/23,6.150,6.200,6.150,6.200,440,0.00
1998/02/24,6.000,6.100,6.000,6.100,640,0.00
1998/02/25,6.200,6.250,6.200,6.250,1185,0.00
1998/02/26,6.350,6.600,6.250,6.500,3000,0.00
1998/02/27,6.600,6.800,6.500,6.650,3100,0.00
1998/03/02,6.700,6.950,6.700,6.850,3230,0.00
1998/03/03,6.700,6.750,6.700,6.750,720,0.00
1998/03/04,6.700,6.700,6.650,6.750,1080,0.00
1998/03/05,6.550,6.550,6.450,6.450,660,0.00
1998/03/06,6.450,6.500,6.450,6.500,960,0.00
1998/03/09,6.400,6.500,6.400,6.500,80,0.00
1998/03/10,6.500,6.500,6.500,6.500,180,0.00
1998/03/11,6.550,6.550,6.500,6.550,440,0.00
1998/03/12,6.550,6.600,6.450,6.550,1720,0.00
1998/03/13,6.550,6.550,6.350,6.500,7113,0.00
1998/03/16,6.600,6.600,6.400,6.600,1992,0.00
1998/03/17,6.600,6.650,6.600,6.650,740,0.00
1998/03/18,6.600,6.600,6.550,6.550,940,0.00
1998/03/19,6.600,6.750,6.500,6.750,3060,0.00
1998/03/20,6.700,6.700,6.550,6.700,2140,0.00
1998/03/23,6.550,6.550,6.550,6.550,620,0.00
1998/03/24,6.550,6.700,6.500,6.600,4300,0.00
1998/03/25,6.650,6.900,6.650,6.850,4960,0.00
1998/03/26,6.650,6.800,6.650,6.750,3140,0.00
1998/03/27,6.750,6.800,6.700,6.700,1560,0.00
1998/03/30,6.600,6.650,6.500,6.500,2540,0.00
1998/03/31,6.500,6.600,6.500,6.500,3000,0.00
1998/04/01,6.500,6.500,6.500,6.500,860,0.00
1998/04/02,6.500,6.500,6.450,6.450,840,0.00
1998/04/03,6.400,6.500,6.400,6.500,860,0.00
1998/04/07,6.500,6.500,6.450,6.450,2624,0.00
1998/04/08,6.150,6.200,6.150,6.150,2680,0.00
1998/04/09,6.050,6.200,6.050,6.200,180,0.00
1998/04/14,6.100,6.100,6.100,6.100,340,0.00
1998/04/15,6.100,6.100,6.100,6.100,600,0.00
1998/04/16,6.100,6.100,6.100,6.100,700,0.00
1998/04/17,6.100,6.200,6.000,6.150,2060,0.00
1998/04/20,6.150,6.150,6.150,6.150,0,0.00
1998/04/21,6.100,6.150,6.050,6.150,1100,0.00
1998/04/22,6.000,6.000,6.000,6.050,60,0.00
1998/04/23,5.850,5.950,5.850,5.950,640,0.00
1998/04/24,5.950,5.950,5.950,5.950,260,0.00
1998/04/27,5.950,5.950,5.700,5.700,820,0.00
1998/04/28,5.650,5.800,5.650,5.800,320,0.00
1998/04/29,5.850,5.850,5.800,5.800,880,0.00
1998/04/30,5.900,5.900,5.750,5.850,1520,0.00
1998/05/01,5.900,5.900,5.900,5.900,60,0.00
1998/05/04,5.900,5.900,5.800,5.800,520,0.00
1998/05/05,5.800,5.800,5.750,5.750,980,0.00
1998/05/06,5.650,5.800,5.650,5.800,840,0.00
1998/05/07,5.700,5.700,5.650,5.650,1026,0.00
1998/05/08,5.800,5.800,5.750,5.750,280,0.00
1998/05/11,5.700,5.850,5.700,5.850,2080,0.00
1998/05/12,5.800,5.900,5.800,5.800,2800,0.00
1998/05/13,5.700,5.750,5.700,5.700,840,0.00
1998/05/14,5.700,5.700,5.650,5.650,500,0.00
1998/05/15,5.500,5.600,5.500,5.600,2600,0.00
1998/05/18,5.600,5.600,5.550,5.550,2000,0.00
1998/05/19,5.550,5.550,5.500,5.550,1460,0.00
1998/05/20,5.550,5.550,5.500,5.500,1620,0.00
1998/05/21,5.600,5.650,5.600,5.650,1000,0.00
1998/05/22,5.650,5.650,5.550,5.550,1580,0.00
1998/05/25,5.500,5.500,5.500,5.500,400,0.00
1998/05/26,5.500,5.500,5.500,5.500,4760,0.00
1998/05/27,5.400,5.400,5.300,5.300,1500,0.00
1998/05/28,5.350,5.350,5.150,5.150,14940,0.00
1998/05/29,5.000,5.150,5.000,5.100,2680,0.00
1998/06/01,5.050,5.050,4.900,5.000,8280,0.00
1998/06/02,4.900,5.000,4.850,5.000,1780,0.00
1998/06/03,5.000,5.000,5.000,5.150,280,0.00
1998/06/04,5.000,5.000,4.900,4.900,3060,0.00
1998/06/05,4.900,4.900,4.800,4.875,2160,0.00
1998/06/08,4.875,4.875,4.675,4.800,2200,0.00
1998/06/09,4.700,4.700,4.500,4.500,1720,0.00
1998/06/10,4.500,4.500,4.275,4.350,5760,0.00
1998/06/11,4.300,4.300,4.175,4.175,4340,0.00
1998/06/12,4.100,4.200,4.100,4.175,1900,0.00
1998/06/15,4.100,4.150,4.100,4.125,2080,0.00
1998/06/16,4.100,4.175,4.000,4.075,2560,0.00
1998/06/17,4.200,4.300,4.175,4.300,2300,0.00
1998/06/18,4.500,4.650,4.500,4.550,1220,0.00
1998/06/19,4.500,4.550,4.500,4.550,1200,0.00
1998/06/22,4.500,4.525,4.400,4.400,600,0.00
1998/06/23,4.525,4.525,4.350,4.450,1500,0.00
1998/06/24,4.400,4.400,4.300,4.350,2900,0.00
1998/06/25,4.600,4.700,4.600,4.700,460,0.00
1998/06/26,4.600,4.600,4.600,4.600,900,0.00
1998/06/29,4.700,4.700,4.600,4.600,1500,0.00
1998/06/30,4.625,4.625,4.550,4.600,3100,0.00
1998/07/02,4.650,4.750,4.650,4.750,2240,0.00
1998/07/03,4.575,4.575,4.550,4.575,580,0.00
1998/07/06,4.500,4.500,4.475,4.475,800,0.00
1998/07/07,4.450,4.450,4.450,4.450,20,0.00
1998/07/08,4.500,4.525,4.500,4.525,140,0.00
1998/07/09,4.550,4.600,4.525,4.525,1940,0.00
1998/07/10,4.500,4.500,4.450,4.450,340,0.00
1998/07/13,4.400,4.400,4.400,4.400,200,0.00
1998/07/14,4.425,4.425,4.425,4.425,300,0.00
1998/07/15,4.500,4.500,4.500,4.500,200,0.00
1998/07/16,4.500,4.500,4.500,4.500,20,0.00
1998/07/17,4.500,4.525,4.500,4.525,300,0.00
1998/07/20,4.500,4.500,4.450,4.450,340,0.00
1998/07/21,4.525,4.525,4.500,4.500,200,0.00
1998/07/22,4.450,4.450,4.450,4.450,200,0.00
1998/07/23,4.400,4.400,4.400,4.400,580,0.00
1998/07/24,4.350,4.425,4.350,4.350,3000,0.00
1998/07/27,4.300,4.300,4.200,4.200,200,0.00
1998/07/28,4.200,4.200,4.200,4.200,200,0.00
1998/07/29,4.200,4.200,4.100,4.200,480,0.00
1998/07/30,4.200,4.200,4.100,4.100,400,0.00
1998/07/31,4.100,4.100,4.050,4.050,760,0.00
1998/08/03,3.900,3.900,3.800,3.800,260,0.00
1998/08/04,3.800,3.800,3.625,3.725,3340,0.00
1998/08/05,3.700,3.700,3.700,3.725,1540,0.00
1998/08/06,3.725,3.725,3.650,3.650,1200,0.00
1998/08/07,3.600,3.600,3.500,3.500,1360,0.00
1998/08/10,3.550,3.550,3.500,3.500,920,0.00
1998/08/11,3.450,3.450,3.300,3.350,3660,0.00
1998/08/12,3.400,3.450,3.400,3.450,3452,0.00
1998/08/13,3.400,3.450,3.375,3.450,2080,0.00
1998/08/14,3.400,3.550,3.400,3.550,1040,0.00
1998/08/17,3.550,3.550,3.550,3.550,0,0.00
1998/08/18,3.500,3.500,3.475,3.475,680,0.00
1998/08/19,3.500,3.500,3.325,3.350,1620,0.00
1998/08/20,3.450,3.500,3.450,3.450,220,0.00
1998/08/21,3.375,3.425,3.375,3.425,400,0.00
1998/08/24,3.400,3.400,3.350,3.400,1080,0.00
1998/08/25,3.450,3.600,3.450,3.600,580,0.00
1998/08/26,3.600,3.675,3.600,3.675,2700,0.00
1998/08/27,3.650,3.650,3.550,3.625,3640,0.00
1998/08/28,3.625,3.625,3.325,3.400,1620,0.00
1998/08/31,3.300,3.600,3.300,3.600,420,0.00
1998/09/01,3.475,3.500,3.475,3.500,300,0.00
1998/09/02,3.600,3.600,3.500,3.500,233,0.00
1998/09/03,3.600,3.600,3.525,3.525,600,0.00
1998/09/04,3.525,3.650,3.500,3.650,720,0.00
1998/09/07,3.700,4.050,3.700,4.050,1780,0.00
1998/09/08,4.200,4.550,4.200,4.500,2700,0.00
1998/09/09,4.500,4.500,4.225,4.300,1480,0.00
1998/09/10,4.125,4.125,4.125,4.125,80,0.00
1998/09/11,4.125,4.125,4.125,4.125,0,0.00
1998/09/14,4.100,4.100,4.100,4.100,200,0.00
1998/09/15,4.200,4.325,4.200,4.300,800,0.00
1998/09/16,4.275,4.275,4.275,4.275,0,0.00
1998/09/17,4.275,4.275,4.100,4.100,240,0.00
1998/09/18,4.000,4.050,4.000,4.000,900,0.00
1998/09/21,4.000,4.000,3.900,4.000,500,0.00
1998/09/22,4.000,4.000,4.000,4.000,1000,0.00
1998/09/23,3.925,4.000,3.925,4.000,120,0.00
1998/09/24,4.000,4.000,4.000,4.000,0,0.00
1998/09/25,3.925,4.000,3.925,4.000,3460,0.00
1998/09/28,4.000,4.000,3.900,3.900,820,0.00
1998/09/29,3.900,3.925,3.900,3.925,2080,0.00
1998/09/30,3.925,4.025,3.925,4.025,500,0.00
1998/10/05,3.900,3.900,3.775,3.775,260,0.00
1998/10/07,3.775,3.900,3.775,3.900,560,0.00
1998/10/08,3.900,4.075,3.900,4.050,240,0.00
1998/10/09,4.150,4.225,4.150,4.225,1840,0.00
1998/10/12,4.400,4.550,4.400,4.500,2080,0.00
1998/10/13,4.450,4.450,4.450,4.450,200,0.00
1998/10/14,4.450,4.500,4.425,4.500,6180,0.00
1998/10/15,4.500,4.550,4.500,4.500,1220,0.00
1998/10/16,4.575,4.825,4.575,4.775,2300,0.00
1998/10/19,4.725,4.975,4.725,4.775,5070,0.00
1998/10/20,4.850,5.150,4.825,4.950,2159,0.00
1998/10/21,5.000,5.300,5.000,5.100,2740,0.00
1998/10/22,5.200,5.200,5.050,5.050,1640,0.00
1998/10/23,4.950,5.050,4.850,5.050,1320,0.00
1998/10/26,5.050,5.050,4.900,4.900,1420,0.00
1998/10/27,4.900,5.000,4.900,4.950,1320,0.00
1998/10/29,5.000,5.000,4.875,4.900,1080,0.00
1998/10/30,4.900,5.100,4.900,5.050,3200,0.00
1998/11/02,5.050,5.100,5.050,5.100,2700,0.00
1998/11/03,5.100,5.700,5.100,5.250,9220,0.00
1998/11/04,5.250,5.450,5.200,5.350,2780,0.00
1998/11/05,5.450,5.600,5.300,5.300,5540,0.00
1998/11/06,5.500,5.700,5.400,5.500,7640,0.00
1998/11/09,5.350,5.400,5.300,5.300,1480,0.00
1998/11/10,5.200,5.250,5.200,5.200,780,0.00
1998/11/11,5.200,5.300,5.200,5.250,2300,0.00
1998/11/12,5.250,5.250,5.200,5.200,800,0.00
1998/11/13,5.200,5.200,5.200,5.200,1120,0.00
1998/11/16,5.250,5.300,5.200,5.200,2820,0.00
1998/11/17,5.250,5.250,5.200,5.200,2540,0.00
1998/11/18,5.250,5.650,5.250,5.550,5120,0.00
1998/11/19,5.750,6.050,5.750,6.000,16140,0.00
1998/11/20,6.250,6.300,6.000,6.000,8000,0.00
1998/11/23,6.100,6.100,5.900,6.050,1660,0.00
1998/11/24,6.100,6.500,6.100,6.350,12560,0.00
1998/11/25,6.250,6.350,6.050,6.100,3640,0.00
1998/11/26,6.050,6.100,5.950,6.000,2460,0.00
1998/11/27,5.950,5.950,5.900,5.900,1580,0.00
1998/11/30,5.850,5.850,5.750,5.750,2540,0.00
1998/12/01,5.500,5.700,5.500,5.600,2080,0.00
1998/12/02,5.650,5.650,5.600,5.650,420,0.00
1998/12/03,5.500,5.700,5.500,5.750,760,0.00
1998/12/04,5.850,5.850,5.650,5.650,320,0.00
1998/12/07,5.950,5.950,5.850,5.900,2620,0.00
1998/12/08,5.900,5.900,5.800,5.800,2820,0.00
1998/12/09,5.800,5.950,5.800,5.950,960,0.00
1998/12/10,6.000,6.000,5.850,5.950,1120,0.00
1998/12/11,5.800,5.800,5.700,5.800,1040,0.00
1998/12/14,5.500,5.550,5.500,5.550,715,0.00
1998/12/15,5.500,5.600,5.500,5.600,700,0.00
1998/12/16,5.600,5.650,5.600,5.600,600,0.00
1998/12/17,5.600,5.600,5.500,5.600,370,0.00
1998/12/18,5.700,5.700,5.600,5.600,160,0.00
1998/12/21,5.650,5.650,5.600,5.600,420,0.00
1998/12/22,5.550,5.550,5.500,5.550,640,0.00
1998/12/23,5.500,5.500,5.450,5.550,600,0.00
1998/12/24,5.550,5.550,5.550,5.550,60,0.00
1998/12/28,5.550,5.550,5.550,5.500,100,0.00
1998/12/29,5.450,5.450,5.450,5.450,160,0.00
1998/12/30,5.500,5.500,5.400,5.400,540,0.00
1998/12/31,5.300,5.400,5.300,5.400,460,0.00
1999/01/04,5.200,5.250,5.200,5.250,500,0.00
1999/01/05,5.200,5.350,5.200,5.300,404,0.00
1999/01/06,5.300,5.500,5.300,5.450,1312,0.00
1999/01/07,5.500,5.600,5.400,5.450,3105,0.00
1999/01/08,5.450,5.550,5.400,5.550,3140,0.00
1999/01/11,5.500,5.600,5.450,5.550,1408,0.00
1999/01/12,5.500,5.500,5.450,5.450,920,0.00
1999/01/13,5.450,5.450,5.400,5.400,720,0.00
1999/01/14,5.250,5.300,5.200,5.300,2700,0.00
1999/01/15,5.300,5.300,5.250,5.300,420,0.00
1999/01/18,5.400,5.400,5.350,5.400,880,0.00
1999/01/19,5.350,5.350,5.150,5.250,2520,0.00
1999/01/20,5.200,5.200,5.150,5.200,1400,0.00
1999/01/21,5.150,5.150,4.950,5.100,2180,0.00
1999/01/22,5.100,5.100,4.900,4.975,1360,0.00
1999/01/25,4.900,4.900,4.775,4.900,400,0.00
1999/01/26,5.050,5.150,4.800,4.850,580,0.00
1999/01/27,4.925,5.000,4.925,5.000,340,0.00
1999/01/28,4.950,4.950,4.850,4.950,400,0.00
1999/01/29,4.975,4.975,4.975,4.925,20,0.00
1999/02/01,4.925,4.925,4.900,4.900,60,0.00
1999/02/02,4.900,4.900,4.800,4.900,680,0.00
1999/02/03,4.900,4.900,4.900,4.900,0,0.00
1999/02/04,4.900,4.900,4.875,4.875,240,0.00
1999/02/05,4.800,4.800,4.800,4.800,40,0.00
1999/02/08,4.800,4.800,4.725,4.725,280,0.00
1999/02/09,4.650,4.800,4.650,4.800,100,0.00
1999/02/10,4.700,4.700,4.700,4.700,100,0.00
1999/02/11,4.675,4.700,4.675,4.700,620,0.00
1999/02/12,4.750,4.750,4.650,4.700,2240,0.00
1999/02/15,4.700,4.750,4.700,4.700,300,0.00
1999/02/19,4.700,4.700,4.700,4.700,0,0.00
1999/02/22,4.650,4.675,4.625,4.675,280,0.00
1999/02/23,4.675,4.700,4.675,4.700,620,0.00
1999/02/24,4.700,4.800,4.700,4.700,420,0.00
1999/02/25,4.700,4.700,4.700,4.700,340,0.00
1999/02/26,4.700,4.750,4.700,4.750,240,0.00
1999/03/01,4.775,4.850,4.775,4.850,600,0.00
1999/03/02,4.875,4.875,4.800,4.800,880,0.00
1999/03/03,4.900,4.900,4.850,4.850,140,0.00
1999/03/04,4.850,4.850,4.825,4.850,300,0.00
1999/03/05,4.825,4.900,4.825,4.900,940,0.00
1999/03/08,4.850,4.975,4.850,4.975,220,0.00
1999/03/09,4.975,5.100,4.975,5.100,2720,0.00
1999/03/10,5.100,5.450,5.100,5.300,3860,0.00
1999/03/11,5.300,5.450,5.250,5.350,1500,0.00
1999/03/12,5.400,5.400,5.300,5.350,1183,0.00
1999/03/15,5.400,5.400,5.300,5.300,850,0.00
1999/03/16,5.300,5.350,5.300,5.350,320,0.00
1999/03/17,5.300,5.300,5.300,5.300,503,0.00
1999/03/18,5.300,5.300,5.200,5.200,140,0.00
1999/03/19,5.300,5.350,5.250,5.350,970,0.00
1999/03/22,5.350,5.500,5.350,5.500,600,0.00
1999/03/23,5.450,5.750,5.450,5.750,760,0.00
1999/03/24,5.650,5.650,5.400,5.550,500,0.00
1999/03/25,5.500,5.500,5.450,5.500,260,0.00
1999/03/26,5.400,5.450,5.400,5.400,260,0.00
1999/03/29,5.350,5.350,5.250,5.250,780,0.00
1999/03/30,5.300,5.300,5.250,5.250,1650,0.00
1999/03/31,5.300,5.400,5.300,5.300,100,0.00
1999/04/01,5.300,5.400,5.300,5.400,820,0.00
1999/04/07,5.450,5.600,5.450,5.600,2165,0.00
1999/04/08,5.750,5.750,5.600,5.600,2280,0.00
1999/04/09,5.650,5.750,5.650,5.700,7500,0.00
1999/04/12,5.500,5.500,5.500,5.500,665,0.00
1999/04/13,5.600,5.650,5.550,5.600,1780,0.00
1999/04/14,5.600,5.650,5.500,5.500,2320,0.00
1999/04/15,5.400,5.500,5.400,5.500,880,0.00
1999/04/16,5.500,5.650,5.500,5.650,2740,0.00
1999/04/19,5.700,5.950,5.700,5.700,5320,0.00
1999/04/20,5.700,5.700,5.550,5.600,2120,0.00
1999/04/21,5.650,5.650,5.500,5.550,1800,0.00
1999/04/22,5.600,5.750,5.600,5.750,3180,0.00
1999/04/23,5.800,5.900,5.750,5.750,3792,0.00
1999/04/26,5.650,5.750,5.650,5.650,2470,0.00
1999/04/27,5.650,5.850,5.650,5.800,2425,0.00
1999/04/28,5.800,5.800,5.700,5.700,3665,0.00
1999/04/29,5.650,5.800,5.600,5.800,2660,0.00
1999/04/30,5.700,5.800,5.700,5.750,2040,0.00
1999/05/03,5.750,5.800,5.750,5.800,650,0.00
1999/05/04,5.800,5.850,5.750,5.750,2700,0.00
1999/05/05,5.700,5.800,5.700,5.750,1980,0.00
1999/05/06,5.750,5.850,5.750,5.850,4090,0.00
1999/05/07,5.800,5.800,5.700,5.700,2660,0.00
1999/05/10,5.550,5.650,5.550,5.550,3580,0.00
1999/05/11,5.500,5.500,5.500,5.500,1160,0.00
1999/05/12,5.500,5.550,5.500,5.550,440,0.00
1999/05/13,5.500,5.550,5.500,5.500,1524,0.00
1999/05/14,5.500,5.550,5.500,5.550,1160,0.00
1999/05/17,5.500,5.500,5.450,5.450,1000,0.00
1999/05/18,5.500,5.600,5.500,5.600,700,0.00
1999/05/19,5.600,5.600,5.600,5.600,0,0.00
1999/05/20,5.600,5.650,5.500,5.650,340,0.00
1999/05/21,5.500,5.500,5.450,5.450,240,0.00
1999/05/24,5.500,5.500,5.450,5.450,520,0.00
1999/05/25,5.500,5.600,5.500,5.600,740,0.00
1999/05/26,5.600,5.600,5.600,5.600,140,0.00
1999/05/27,5.600,5.600,5.600,5.600,40,0.00
1999/05/28,5.500,5.500,5.400,5.400,900,0.00
1999/05/31,5.400,5.500,5.400,5.400,260,0.00
1999/06/01,5.500,5.500,5.450,5.450,820,0.00
1999/06/02,5.500,5.500,5.500,5.500,500,0.00
1999/06/03,5.450,5.450,5.450,5.450,500,0.00
1999/06/04,5.500,5.500,5.450,5.450,520,0.00
1999/06/07,5.500,5.500,5.500,5.500,220,0.00
1999/06/08,5.550,5.550,5.500,5.550,2105,0.00
1999/06/09,5.700,5.800,5.700,5.750,2780,0.00
1999/06/10,5.750,5.850,5.700,5.650,2960,0.00
1999/06/11,5.650,5.800,5.650,5.800,1240,0.00
1999/06/14,5.750,5.750,5.650,5.650,1640,0.00
1999/06/15,5.650,5.650,5.650,5.650,540,0.00
1999/06/16,5.700,5.700,5.700,5.700,560,0.00
1999/06/17,5.700,5.700,5.650,5.700,1120,0.00
1999/06/21,5.700,5.800,5.650,5.800,6480,0.00
1999/06/22,5.850,5.900,5.750,5.800,4596,0.00
1999/06/23,5.900,6.050,5.800,5.950,4180,0.00
1999/06/24,6.000,6.000,5.800,5.850,1480,0.00
1999/06/25,5.900,5.900,5.800,5.800,560,0.00
1999/06/28,5.800,5.850,5.800,5.800,1240,0.00
1999/06/29,5.800,5.850,5.800,5.850,1960,0.00
1999/06/30,5.900,5.950,5.850,5.850,2120,0.00
1999/07/02,5.900,6.000,5.900,5.950,2780,0.00
1999/07/05,6.050,6.300,6.050,6.250,6240,0.00
1999/07/06,6.400,6.450,6.350,6.450,7460,0.00
1999/07/07,6.450,6.450,6.300,6.300,2160,0.00
1999/07/08,6.300,6.400,6.050,6.150,1560,0.00
1999/07/09,6.100,6.100,6.100,6.100,360,0.00
1999/07/12,6.250,6.350,6.100,6.100,1423,0.00
1999/07/13,6.050,6.100,6.000,6.100,1120,0.00
1999/07/14,5.950,5.950,5.800,5.900,1080,0.00
1999/07/15,5.900,6.000,5.900,6.000,1340,0.00
1999/07/16,5.900,5.900,5.850,5.900,340,0.00
1999/07/19,5.800,5.850,5.800,5.800,2100,0.00
1999/07/20,5.850,5.850,5.850,5.850,720,0.00
1999/07/21,5.800,5.800,5.750,5.800,340,0.00
1999/07/22,5.800,5.800,5.800,5.800,126,0.00
1999/07/23,5.750,5.750,5.700,5.750,920,0.00
1999/07/26,5.650,5.700,5.650,5.700,740,0.00
1999/07/27,5.550,5.700,5.550,5.700,243,0.00
1999/07/28,5.800,5.800,5.750,5.750,720,0.00
1999/07/29,5.700,5.750,5.700,5.750,280,0.00
1999/07/30,5.700,5.700,5.700,5.700,300,0.00
1999/08/02,5.600,5.800,5.600,5.750,620,0.00
1999/08/03,5.750,5.750,5.750,5.750,0,0.00
1999/08/04,5.900,5.950,5.900,5.900,500,0.00
1999/08/05,5.850,5.850,5.800,5.800,668,0.00
1999/08/06,5.750,5.750,5.600,5.600,661,0.00
1999/08/09,5.600,5.600,5.550,5.550,380,0.00
1999/08/10,5.600,5.600,5.300,5.300,1260,0.00
1999/08/11,5.250,5.300,5.200,5.300,1500,0.00
1999/08/12,5.400,5.600,5.400,5.500,1120,0.00
1999/08/13,5.500,5.500,5.400,5.450,1044,0.00
1999/08/16,5.500,5.650,5.400,5.400,880,0.00
1999/08/17,5.450,5.450,5.400,5.450,843,0.00
1999/08/18,5.550,5.550,5.500,5.500,300,0.00
1999/08/19,5.500,5.550,5.500,5.600,480,0.00
1999/08/20,5.650,5.700,5.600,5.600,380,0.00
1999/08/23,5.600,5.600,5.600,5.600,0,0.00
1999/08/24,5.500,5.600,5.500,5.600,212,0.00
1999/08/25,5.500,5.500,5.450,5.450,640,0.00
1999/08/26,5.550,5.550,5.450,5.450,420,0.00
1999/08/27,5.500,5.500,5.450,5.450,2080,0.00
1999/08/30,5.600,5.650,5.600,5.650,920,0.00
1999/08/31,5.600,5.600,5.550,5.550,180,0.00
1999/09/01,5.500,5.700,5.500,5.550,880,0.00
1999/09/02,5.350,5.350,5.300,5.350,660,0.00
1999/09/03,5.350,5.350,5.250,5.300,80,0.00
1999/09/06,5.450,5.450,5.400,5.400,680,0.00
1999/09/07,5.350,5.350,5.350,5.400,120,0.00
1999/09/08,5.400,5.400,5.300,5.350,320,0.00
1999/09/09,5.400,5.500,5.400,5.500,1640,0.00
1999/09/10,5.450,5.500,5.450,5.450,160,0.00
1999/09/13,5.450,5.450,5.450,5.450,480,0.00
1999/09/14,5.400,5.450,5.400,5.450,320,0.00
1999/09/15,5.350,5.350,5.350,5.350,860,0.00
1999/09/17,5.350,5.350,5.350,5.350,300,0.00
1999/09/20,5.350,5.350,5.350,5.350,144,0.00
1999/09/21,5.250,5.450,5.250,5.450,420,0.00
1999/09/22,5.400,5.400,5.400,5.400,600,0.00
1999/09/23,5.400,5.400,5.300,5.300,60,0.00
1999/09/24,5.200,5.300,5.200,5.300,860,0.00
1999/09/27,5.150,5.250,5.150,5.200,420,0.00
1999/09/28,5.200,5.300,5.200,5.200,106,0.00
1999/09/29,5.200,5.200,5.200,5.200,40,0.00
1999/09/30,5.250,5.250,5.200,5.200,240,0.00
1999/10/04,5.300,5.300,5.150,5.150,2060,0.00
1999/10/05,5.200,5.200,5.200,5.200,160,0.00
1999/10/06,5.250,5.350,5.250,5.250,560,0.00
1999/10/07,5.300,5.300,5.150,5.200,590,0.00
1999/10/08,5.150,5.200,5.150,5.150,220,0.00
1999/10/11,5.150,5.250,5.150,5.200,600,0.00
1999/10/12,5.000,5.000,5.000,5.000,500,0.00
1999/10/13,5.050,5.050,4.950,5.000,760,0.00
1999/10/14,5.000,5.000,4.950,5.000,200,0.00
1999/10/15,4.950,5.000,4.900,5.000,500,0.00
1999/10/19,5.000,5.000,4.900,4.975,220,0.00
1999/10/20,5.100,5.100,5.000,5.000,400,0.00
1999/10/21,5.000,5.000,4.975,5.000,240,0.00
1999/10/22,4.975,5.000,4.950,5.000,1080,0.00
1999/10/25,5.100,5.100,5.050,5.050,910,0.00
1999/10/26,5.000,5.000,5.000,5.000,200,0.00
1999/10/27,5.000,5.000,5.000,5.000,80,0.00
1999/10/28,5.000,5.000,5.000,5.000,340,0.00
1999/10/29,5.000,5.000,4.975,5.000,670,0.00
1999/11/01,5.000,5.000,5.000,5.000,180,0.00
1999/11/02,5.050,5.050,5.000,5.050,420,0.00
1999/11/03,5.050,5.050,5.050,5.050,0,0.00
1999/11/04,5.050,5.100,5.050,5.100,100,0.00
1999/11/05,5.100,5.100,5.100,5.100,0,0.00
1999/11/08,5.100,5.100,5.100,5.100,40,0.00
1999/11/09,5.050,5.050,5.050,5.050,100,0.00
1999/11/10,5.000,5.050,5.000,5.050,140,0.00
1999/11/11,5.000,5.000,5.000,5.000,412,0.00
1999/11/12,4.900,5.000,4.900,5.000,272,0.00
1999/11/15,5.000,5.000,4.950,5.000,485,0.00
1999/11/16,5.000,5.000,4.950,4.975,1940,0.00
1999/11/17,5.000,5.000,5.000,5.000,308,0.00
1999/11/18,5.000,5.000,5.000,5.000,0,0.00
1999/11/19,5.050,5.050,5.000,5.000,272,0.00
1999/11/22,5.050,5.050,5.000,5.000,460,0.00
1999/11/23,5.000,5.000,4.925,4.925,320,0.00
1999/11/24,5.050,5.050,5.050,5.000,80,0.00
1999/11/25,4.950,5.000,4.900,5.000,480,0.00
1999/11/26,4.975,5.000,4.975,5.000,80,0.00
1999/11/29,4.950,5.000,4.950,4.950,680,0.00
1999/11/30,4.950,4.950,4.875,4.875,200,0.00
1999/12/01,4.900,5.000,4.875,4.975,448,0.00
1999/12/02,5.000,5.050,5.000,5.000,620,0.00
1999/12/03,5.000,5.100,5.000,5.050,1996,0.00
1999/12/06,5.200,5.400,5.200,5.400,1660,0.00
1999/12/07,5.300,5.400,5.250,5.400,140,0.00
1999/12/08,5.250,5.250,5.250,5.250,470,0.00
1999/12/09,5.300,5.400,5.300,5.350,1660,0.00
1999/12/10,5.400,5.600,5.400,5.400,3320,0.00
1999/12/13,5.350,5.500,5.300,5.400,1140,624000.00
1999/12/14,5.400,5.400,5.250,5.300,500,268800.00
1999/12/15,5.250,5.250,5.250,5.250,100,52500.00
1999/12/16,5.200,5.200,5.200,5.200,60,31200.00
1999/12/17,5.350,5.350,5.300,5.300,120,63700.00
1999/12/20,5.300,5.300,5.300,5.300,1020,540600.00
1999/12/21,5.300,5.300,5.200,5.250,1080,566600.00
1999/12/22,5.200,5.250,5.150,5.250,840,435800.00
1999/12/23,5.250,5.250,5.250,5.250,40,21000.00
1999/12/24,5.150,5.300,5.150,5.300,400,209200.00
1999/12/28,5.150,5.300,5.150,5.300,580,302400.00
1999/12/29,5.300,5.300,5.200,5.200,560,293200.00
1999/12/30,5.200,5.200,5.150,5.150,1100,570500.00
2000/01/03,5.150,5.200,5.150,5.150,1860,958400.00
2000/01/04,5.200,5.200,5.100,5.100,600,310900.00
2000/01/05,5.000,5.000,4.800,5.000,1740,853100.00
2000/01/06,4.950,4.950,4.800,4.900,460,223700.00
2000/01/07,4.900,4.900,4.850,4.925,600,292600.00
2000/01/10,4.975,4.975,4.975,4.975,0,0.00
2000/01/11,4.950,4.950,4.950,4.950,100,49500.00
2000/01/12,4.950,4.950,4.950,4.950,0,0.00
2000/01/14,4.900,4.900,4.900,4.900,180,88200.00
2000/01/17,4.900,4.900,4.900,4.900,80,0.00
2000/01/18,4.900,4.900,4.900,4.900,100,0.00
2000/01/19,4.900,4.900,4.900,4.900,100,0.00
2000/01/20,4.900,4.900,4.900,4.900,0,0.00
2000/01/21,4.900,4.900,4.900,4.900,0,0.00
2000/01/24,4.800,4.800,4.800,4.800,40,19200.00
2000/01/25,4.700,4.800,4.700,4.800,560,265200.00
2000/01/26,4.900,4.950,4.800,4.950,300,146700.00
2000/01/27,4.800,5.050,4.800,4.950,160,58500.00
2000/01/28,4.950,4.950,4.850,4.950,200,98700.00
2000/01/31,4.875,4.900,4.800,4.900,140,68250.00
2000/02/01,4.850,4.900,4.850,4.875,640,311850.00
2000/02/02,4.900,4.900,4.900,4.900,660,284200.00
2000/02/03,4.900,4.925,4.850,4.925,300,146150.00
2000/02/08,4.900,4.900,4.875,4.875,240,117500.00
2000/02/09,4.800,4.875,4.750,4.800,1100,524950.00
2000/02/10,4.850,4.850,4.750,4.750,980,469000.00
2000/02/11,4.750,4.750,4.725,4.725,720,341350.00
2000/02/14,4.725,4.725,4.625,4.725,620,291400.00
2000/02/15,4.725,4.725,4.650,4.700,360,169350.00
2000/02/16,4.700,4.900,4.700,4.825,920,443250.00
2000/02/17,4.800,4.800,4.700,4.800,620,295250.00
2000/02/18,4.800,4.800,4.800,4.800,880,422400.00
2000/02/21,4.700,4.725,4.700,4.725,300,140250.00
2000/02/22,4.700,4.700,4.600,4.700,600,277750.00
2000/02/23,4.700,4.700,4.650,4.675,1440,0.00
2000/02/24,4.675,4.675,4.625,4.625,820,0.00
2000/02/25,4.500,4.700,4.400,4.500,1440,650000.00
2000/02/28,4.400,4.500,4.200,4.375,1600,694350.00
2000/02/29,4.400,4.400,4.350,4.375,1060,463800.00
2000/03/01,4.400,4.400,4.325,4.400,300,131550.00
2000/03/02,4.300,4.325,4.250,4.300,945,405270.00
2000/03/03,4.300,4.400,4.250,4.300,966,415627.00
2000/03/06,4.300,4.375,4.300,4.300,1388,597930.00
2000/03/07,4.300,4.350,4.300,4.325,1100,476250.00
2000/03/08,4.325,4.375,4.325,4.350,1380,0.00
2000/03/09,4.400,4.400,4.300,4.300,1420,0.00
2000/03/10,4.375,4.375,4.350,4.350,1300,0.00
2000/04/06,4.600,4.650,4.600,4.600,320,147300.00
2000/04/07,4.700,4.700,4.600,4.650,171,79962.00
2000/04/10,4.650,4.650,4.625,4.625,720,333800.00
2000/04/11,4.625,4.625,4.625,4.625,20,9250.00
2000/04/12,4.625,4.700,4.625,4.675,556,259650.00
2000/04/13,4.550,4.550,4.400,4.500,200,89900.00
2000/04/14,4.475,4.475,4.475,4.475,0,0.00
2000/04/17,4.250,4.350,4.250,4.325,1788,769140.00
2000/04/18,4.400,4.400,4.300,4.400,400,173600.00
2000/04/19,4.400,4.450,4.400,4.450,120,53000.00
2000/04/20,4.400,4.500,4.300,4.500,540,237600.00
2000/04/25,4.450,4.500,4.450,4.500,140,62500.00
2000/04/26,4.400,4.400,4.400,4.400,40,17600.00
2000/04/27,4.400,4.400,4.400,4.400,200,88000.00
2000/04/28,4.500,4.600,4.500,4.600,300,137600.00
2000/05/02,4.600,4.600,4.400,4.400,740,333000.00
2000/05/04,4.400,4.400,4.400,4.400,0,0.00
2000/05/05,4.375,4.400,4.350,4.375,340,148850.00
2000/05/08,4.300,4.350,4.300,4.350,340,147700.00
2000/05/09,4.350,4.350,4.275,4.350,220,94950.00
2000/05/10,4.350,4.350,4.350,4.350,100,43500.00
2000/05/12,4.250,4.350,4.125,4.275,3430,1451950.00
2000/05/15,4.275,4.275,4.200,4.200,1520,648050.00
2000/05/16,4.250,4.275,4.250,4.275,400,170650.00
2000/05/17,4.200,4.275,4.200,4.275,140,59550.00
2000/05/18,4.150,4.275,4.100,4.150,2740,1133200.00
2000/05/19,4.100,4.150,4.100,4.150,1300,536000.00
2000/05/22,4.000,4.100,4.000,4.100,900,363000.00
2000/05/23,4.100,4.100,4.000,4.100,680,274900.00
2000/05/24,3.950,4.000,3.900,3.950,2500,988350.00
2000/05/25,3.950,3.950,3.850,3.900,1100,429500.00
2000/05/26,3.825,3.875,3.800,3.875,740,283750.00
2000/05/29,3.775,3.925,3.775,3.925,160,62000.00
2000/05/30,3.900,3.900,3.900,3.900,100,39000.00
2000/05/31,3.900,3.900,3.900,3.900,1790,697950.00
2000/06/01,3.900,3.900,3.900,3.900,400,156000.00
2000/06/02,3.900,4.000,3.900,4.000,760,299550.00
2000/06/05,4.000,4.050,4.000,4.050,1000,400500.00
2000/06/08,4.075,4.175,4.075,4.150,1260,521450.00
2000/06/09,4.100,4.150,4.000,4.100,1880,762050.00
2000/06/12,4.100,4.100,4.100,4.100,260,106600.00
2000/06/13,4.100,4.100,4.000,4.050,1220,489100.00
2000/06/14,4.050,4.050,4.025,4.025,480,193300.00
2000/06/15,4.075,4.075,4.075,4.075,640,260800.00
2000/06/16,4.100,4.200,4.100,4.125,1860,772050.00
2000/06/19,4.150,4.150,4.150,4.150,1100,456500.00
2000/06/20,4.175,4.175,4.125,4.125,640,265700.00
2000/06/21,4.100,4.100,4.075,4.100,1660,679900.00
2000/06/22,4.050,4.100,4.050,4.050,560,227300.00
2000/06/23,4.050,4.050,4.000,4.050,600,241200.00
2000/06/26,4.050,4.050,4.050,4.050,1917,773880.00
2000/06/27,4.050,4.050,4.050,4.050,1020,413100.00
2000/06/28,4.050,4.100,4.050,4.075,3060,1241500.00
2000/06/29,4.050,4.050,4.025,4.050,800,322850.00
2000/06/30,4.050,4.050,4.025,4.050,800,322850.00
2000/07/03,4.050,4.050,4.050,4.050,1100,445500.00
2000/07/04,4.100,4.100,4.100,4.100,20,8200.00
2000/07/05,4.050,4.100,4.050,4.100,920,376450.00
2000/07/06,4.050,4.100,4.050,4.075,1160,472300.00
2000/07/07,4.100,4.125,4.100,4.100,1100,451350.00
2000/07/10,4.150,4.250,4.100,4.175,3920,1641250.00
2000/07/11,4.250,4.400,4.250,4.400,2420,1046300.00
2000/07/12,4.400,4.525,4.400,4.500,3320,1487800.00
2000/07/13,4.475,4.475,4.300,4.300,2020,886400.00
2000/07/14,4.300,4.375,4.275,4.300,460,197700.00
2000/07/17,4.300,4.375,4.250,4.350,600,258600.00
2000/07/18,4.300,4.300,4.300,4.300,100,43000.00
2000/07/19,4.300,4.300,4.250,4.300,320,136500.00
2000/07/20,4.250,4.325,4.250,4.325,820,352950.00
2000/07/21,4.250,4.525,4.350,4.450,3640,1622600.00
2000/07/24,4.400,4.500,4.400,4.500,1720,771050.00
2000/07/25,4.500,4.500,4.500,4.500,600,270000.00
2000/07/26,4.500,4.500,4.450,4.500,1580,709100.00
2000/07/27,4.400,4.450,4.400,4.450,466,205705.00
2000/07/28,4.450,4.450,4.400,4.400,600,265000.00
2000/07/31,4.350,4.400,4.350,4.400,340,148200.00
2000/08/01,4.425,4.425,4.375,4.375,160,70300.00
2000/08/02,4.425,4.450,4.425,4.450,700,310000.00
2000/08/03,4.450,4.450,4.425,4.425,780,346050.00
2000/08/04,4.450,4.500,4.450,4.475,360,160900.00
2000/08/07,4.550,4.600,4.500,4.600,2520,1141600.00
2000/08/08,4.600,4.625,4.575,4.600,1960,901950.00
2000/08/09,4.500,4.600,4.500,4.600,460,210600.00
2000/08/10,4.600,4.675,4.600,4.625,240,110800.00
2000/08/11,4.600,4.625,4.600,4.625,380,175250.00
2000/08/14,4.675,4.750,4.650,4.700,1120,525950.00
2000/08/15,4.775,4.800,4.700,4.750,3440,1638950.00
2000/08/16,4.700,4.775,4.600,4.700,2320,1085750.00
2000/08/17,4.725,4.750,4.625,4.650,1943,905490.00
2000/08/18,4.650,4.675,4.650,4.675,1000,465900.00
2000/08/21,4.725,4.725,4.700,4.700,640,302100.00
2000/08/22,4.725,4.800,4.700,4.800,2345,1110318.00
2000/08/23,4.700,4.775,4.700,4.750,600,283800.00
2000/08/24,4.750,4.750,4.700,4.725,1180,557600.00
2000/08/25,4.725,4.725,4.650,4.650,1240,580500.00
2000/08/28,4.625,4.650,4.625,4.650,480,223100.00
2000/08/29,4.700,4.700,4.675,4.675,520,244050.00
2000/08/30,4.625,4.800,4.625,4.800,1980,942600.00
2000/08/31,4.825,4.975,4.825,4.900,3640,1784200.00
2000/09/01,4.950,4.975,4.950,4.975,1600,793600.00
2000/09/04,5.000,5.050,5.000,5.000,2620,1310400.00
2000/09/05,5.000,5.050,5.000,5.000,1320,664300.00
2000/09/06,5.000,5.050,5.000,5.050,1560,781200.00
2000/09/07,4.925,4.925,4.850,4.850,310,151400.00
2000/09/08,4.800,4.800,4.700,4.725,1120,531400.00
2000/09/11,4.825,4.850,4.775,4.775,520,249900.00
2000/09/12,4.675,4.675,4.575,4.575,500,232200.00
2000/09/14,4.700,4.700,4.550,4.550,420,192150.00
2000/09/15,4.500,4.600,4.500,4.600,200,91000.00
2000/09/18,4.500,4.525,4.450,4.525,1280,571800.00
2000/09/19,4.450,4.450,4.400,4.400,780,344400.00
2000/09/20,4.375,4.450,4.375,4.450,100,44350.00
2000/09/21,4.450,4.450,4.275,4.275,1500,647800.00
2000/09/22,4.250,4.325,4.225,4.275,2220,953150.00
2000/09/25,4.325,4.500,4.300,4.375,2800,1217000.00
2000/09/26,4.300,4.300,4.275,4.300,420,180450.00
2000/09/27,4.250,4.375,4.250,4.300,5820,2481000.00
2000/09/28,4.000,4.400,4.325,4.400,604,264296.00
2000/09/29,4.400,4.400,4.375,4.400,1500,658350.00
2000/10/03,4.400,4.425,4.350,4.425,920,405000.00
2000/10/04,4.400,4.400,4.375,4.375,219,95910.00
2000/10/05,4.400,4.400,4.375,4.375,560,245500.00
2000/10/09,4.400,4.325,4.300,4.325,350,151200.00
2000/10/10,4.300,4.325,4.300,4.325,180,77750.00
2000/10/11,4.300,4.300,4.300,4.300,80,34400.00
2000/10/12,4.300,4.300,4.200,4.225,420,177750.00
2000/10/13,4.150,4.200,4.125,4.200,800,332500.00
2000/10/16,4.350,4.350,4.300,4.300,360,155300.00
2000/10/17,4.300,4.300,4.250,4.300,520,222200.00
2000/10/18,4.200,4.200,4.100,4.225,2040,843700.00
2000/10/19,4.175,4.225,4.150,4.225,1260,527100.00
2000/10/20,4.375,4.375,4.250,4.300,180,77250.00
2000/10/23,4.250,4.250,4.250,4.250,200,85000.00
2000/10/24,4.300,4.300,4.300,4.300,80,34400.00
2000/10/25,4.225,4.300,4.225,4.275,440,187500.00
2000/10/26,4.250,4.275,4.250,4.275,920,393150.00
2000/10/27,4.300,4.300,4.250,4.275,820,349550.00
2000/10/30,4.375,4.375,4.375,4.300,100,43750.00
2000/10/31,4.325,4.325,4.300,4.300,320,138150.00
2000/11/01,4.400,4.425,4.400,4.425,60,26500.00
2000/11/02,4.450,4.450,4.350,4.375,240,105950.00
2000/11/03,4.425,4.425,4.400,4.400,560,246550.00
2000/11/06,4.400,4.425,4.400,4.425,400,176550.00
2000/11/07,4.425,4.425,4.425,4.425,400,176550.00
2000/11/08,4.450,4.475,4.425,4.425,760,338050.00
2000/11/09,4.400,4.400,4.375,4.375,300,131750.00
2000/11/10,4.375,4.375,4.375,4.375,300,131750.00
2000/11/13,4.200,4.200,4.200,4.200,300,126000.00
2000/11/14,4.250,4.325,4.225,4.325,380,161900.00
2000/11/15,4.250,4.250,4.250,4.275,200,85250.00
2000/11/16,4.350,4.350,4.350,4.350,60,26100.00
2000/11/17,4.225,4.225,4.225,4.250,780,329550.00
2000/11/20,4.300,4.300,4.300,4.300,100,43000.00
2000/11/21,4.250,4.250,4.250,4.275,160,68000.00
2000/11/22,4.275,4.275,4.275,4.275,300,128250.00
2000/11/23,4.250,4.250,4.250,4.250,180,76500.00
2000/11/24,4.300,4.300,4.275,4.275,400,171250.00
2000/11/27,4.300,4.300,4.300,4.325,100,43000.00
2000/11/28,4.350,4.350,4.350,4.350,100,43000.00
2000/11/29,4.150,4.350,4.350,4.350,206,89490.00
2000/11/30,4.250,4.275,4.250,4.250,660,280750.00
2000/12/01,4.225,4.300,4.300,4.300,0,0.00
2000/12/04,4.275,4.325,4.275,4.275,1025,439157.00
2000/12/05,4.300,4.300,4.275,4.275,820,351600.00
2000/12/06,4.350,4.400,4.350,4.400,1325,579136.00
2000/12/07,4.400,4.400,4.350,4.400,1325,579136.00
2000/12/08,4.400,4.425,4.400,4.425,320,141100.00
2000/12/11,4.425,4.500,4.425,4.500,300,133250.00
2000/12/12,4.450,4.450,4.450,4.450,460,204700.00
2000/12/13,4.450,4.525,4.450,4.525,199,89106.00
2000/12/14,4.475,4.500,4.475,4.500,440,197900.00
2000/12/15,4.450,4.500,4.450,4.500,346,154552.00
2000/12/18,4.450,4.450,4.400,4.450,460,204050.00
2000/12/19,4.450,4.550,4.450,4.550,780,349050.00
2000/12/20,4.500,4.500,4.500,4.500,80,36000.00
2000/12/21,4.300,4.575,4.450,4.525,1024,462731.00
2000/12/22,4.600,4.600,4.550,4.600,280,128300.00
2000/12/27,4.625,4.650,4.600,4.650,600,277750.00
2000/12/28,4.650,4.650,4.600,4.625,900,417350.00
2000/12/29,4.625,4.700,4.550,4.675,660,308050.00
2001/01/02,4.675,4.675,4.625,4.625,660,306400.00
2001/01/03,4.575,4.575,4.575,4.575,524,239260.00
2001/01/04,4.675,4.750,4.675,4.725,1300,613500.00
2001/01/05,4.750,4.825,4.750,4.800,2980,1427000.00
2001/01/08,4.800,4.875,4.800,4.875,1240,599650.00
2001/01/09,4.900,4.900,4.800,4.900,1726,837500.00
2001/01/10,4.900,4.900,4.800,4.850,1400,680100.00
2001/01/11,4.825,4.825,4.775,4.775,600,288550.00
2001/01/12,4.775,4.775,4.775,4.775,600,288550.00
2001/01/15,4.700,4.725,4.700,4.750,420,197950.00
2001/01/16,4.725,4.725,4.675,4.675,3600,1687250.00
2001/01/17,4.675,4.775,4.675,4.750,2120,1003450.00
2001/01/18,4.750,4.775,4.750,4.750,800,380500.00
2001/01/19,4.775,4.825,4.775,4.825,2800,1342150.00
2001/01/22,4.825,4.825,4.750,4.750,520,248800.00
2001/01/23,4.775,4.775,4.775,4.775,140,66850.00
2001/01/29,4.750,4.775,4.750,4.775,400,190550.00
2001/01/30,4.800,4.850,4.775,4.825,1340,646050.00
2001/01/31,4.875,4.950,4.850,4.925,3380,1667350.00
2001/02/01,4.950,5.000,4.950,4.975,3560,1769350.00
2001/02/02,5.050,5.100,4.975,5.000,1840,925950.00
2001/02/05,5.000,5.050,5.000,5.000,2240,1124800.00
2001/02/06,5.050,5.100,5.000,5.100,1440,729600.00
2001/02/07,5.100,5.150,5.050,5.050,1100,562100.00
2001/02/08,5.100,5.100,5.000,5.000,140,71000.00
2001/02/09,5.000,5.050,5.000,5.050,180,90500.00
2001/02/12,5.000,5.050,5.000,5.050,680,343200.00
2001/02/13,5.050,5.100,5.050,5.050,480,242700.00
2001/02/14,5.100,5.100,5.050,5.050,2260,1151200.00
2001/02/15,5.100,5.050,5.050,5.050,1240,626500.00
2001/02/16,5.050,5.050,5.000,5.000,500,251500.00
2001/02/19,5.000,5.100,5.000,5.050,1940,987700.00
2001/02/20,5.100,5.100,5.050,5.050,1680,849900.00
2001/02/21,5.050,5.050,5.050,5.050,920,464600.00
2001/02/22,5.000,5.000,4.900,4.975,1740,858700.00
2001/02/23,5.000,5.050,5.000,5.050,1360,683600.00
2001/02/26,5.050,5.150,5.050,5.100,1180,600100.00
2001/02/27,5.050,5.050,5.000,5.000,3520,1765800.00
2001/02/28,5.000,5.050,4.975,4.975,1900,950000.00
2001/03/01,5.000,5.000,4.950,4.950,1100,547600.00
2001/03/02,4.925,5.050,4.925,5.050,2880,1437500.00
2001/03/05,5.050,5.050,5.050,5.050,1740,878700.00
2001/03/06,5.050,5.100,5.050,5.100,940,478500.00
2001/03/07,5.050,5.100,5.050,5.100,80,40500.00
2001/03/08,5.050,5.150,5.050,5.150,1360,693100.00
2001/03/09,5.100,5.100,5.100,5.100,1040,530900.00
2001/03/12,5.150,5.150,4.925,4.950,2366,1179934.00
2001/03/13,4.800,4.850,4.775,4.850,1686,811369.00
2001/03/14,4.850,4.850,4.825,4.825,2140,1036700.00
2001/03/15,4.900,4.900,4.800,4.875,1640,793800.00
2001/03/16,4.925,4.950,4.900,4.925,2060,1014800.00
2001/03/19,4.950,5.050,4.950,5.000,3440,1719300.00
2001/03/20,5.050,5.050,5.000,5.000,3200,1600500.00
2001/03/21,5.000,5.000,4.900,5.000,1404,693290.00
2001/03/22,4.900,4.900,4.825,4.825,2220,1081000.00
2001/03/23,4.900,4.900,4.875,4.900,660,322100.00
2001/03/26,4.950,5.000,4.950,4.975,1340,663900.00
2001/03/27,4.925,4.950,4.925,4.950,1200,593950.00
2001/03/28,4.950,5.000,4.950,5.000,1460,728600.00
2001/03/29,4.900,4.950,4.900,4.950,1060,521700.00
2001/03/30,4.950,4.950,4.950,4.950,140,69300.00
2001/04/02,4.850,4.950,4.850,4.950,200,97850.00
2001/04/03,4.900,4.925,4.900,4.900,900,442000.00
2001/04/04,4.825,4.825,4.800,4.800,580,278950.00
2001/04/06,4.850,4.925,4.850,4.875,860,418650.00
2001/04/09,4.800,4.850,4.775,4.850,1620,781450.00
2001/04/10,4.900,4.950,4.825,4.950,700,345350.00
2001/04/11,4.800,4.800,4.700,4.800,240,114800.00
2001/04/12,4.825,5.000,4.825,4.950,1640,808800.00
2001/04/17,5.000,5.000,4.900,4.950,2420,1192500.00
2001/04/18,5.000,5.000,4.900,4.925,1560,771600.00
2001/04/19,5.000,5.000,4.900,4.950,4140,2049800.00
2001/04/20,4.950,4.975,4.925,4.975,940,465850.00
2001/04/23,4.950,5.000,4.925,4.975,4240,2109400.00
2001/04/24,4.950,5.350,4.950,5.250,6860,3550100.00
2001/04/25,5.350,5.350,5.050,5.050,7000,3654900.00
2001/04/26,5.000,5.000,4.925,4.950,3300,1635100.00
2001/04/27,4.925,4.975,4.925,4.975,960,474300.00
2001/05/02,4.975,5.000,4.975,5.000,2560,1276650.00
2001/05/03,5.050,5.050,4.925,4.925,1960,972700.00
2001/05/04,4.950,4.950,4.900,4.900,1200,588500.00
2001/05/07,4.900,4.900,4.850,4.875,3680,1801750.00
2001/05/08,4.875,4.900,4.875,4.900,3440,1677600.00
2001/05/09,4.900,5.000,4.900,4.950,8440,4183300.00
2001/05/10,4.950,4.975,4.900,4.950,1280,630500.00
2001/05/11,4.925,4.950,4.925,4.925,1660,818050.00
2001/05/14,4.925,4.925,4.850,4.875,1040,508800.00
2001/05/15,4.900,4.900,4.875,4.875,1620,790800.00
2001/05/16,4.900,4.900,4.875,4.875,2082,1017394.00
2001/05/17,4.900,4.900,4.875,4.900,6152,3010960.00
2001/05/18,4.750,4.925,4.900,4.900,2913,1428425.00
2001/05/21,4.900,4.925,4.850,4.850,4739,2321666.00
2001/05/22,4.900,4.900,4.875,4.900,3820,1866300.00
2001/05/23,4.875,4.950,4.875,4.900,8660,4250950.00
2001/05/24,4.950,5.000,4.950,4.950,3860,1919900.00
2001/05/25,4.950,5.050,4.950,4.975,4942,2465759.00
2001/05/28,5.000,5.050,5.000,5.050,3640,1830800.00
2001/05/29,5.050,5.050,5.000,5.050,1380,696200.00
2001/05/30,5.050,5.100,5.050,5.100,7065,3585742.00
2001/05/31,5.100,5.150,5.100,5.100,4500,2301300.00
2001/06/01,5.100,5.100,5.000,5.050,4340,2202400.00
2001/06/04,5.050,5.100,5.050,5.050,2916,1482840.00
2001/06/05,5.100,5.100,5.100,5.100,1800,918000.00
2001/06/06,5.100,5.150,5.100,5.100,2380,1219800.00
2001/06/07,5.100,5.150,5.100,5.150,820,421700.00
2001/06/08,5.150,5.200,5.150,5.200,2740,1418500.00
2001/06/11,5.200,5.250,5.150,5.150,620,321800.00
2001/06/12,5.200,5.200,5.100,5.150,926,477200.00
2001/06/13,5.150,5.150,5.100,5.150,1860,957400.00
2001/06/14,5.150,5.150,5.050,5.050,760,386100.00
2001/06/15,5.000,5.000,4.950,5.000,860,429000.00
2001/06/18,5.000,5.000,5.000,5.000,260,130000.00
2001/06/19,5.050,5.050,5.000,5.050,1580,792500.00
2001/06/20,4.950,4.975,4.950,5.000,688,342090.00
2001/06/21,5.000,5.050,5.000,5.050,920,463000.00
2001/06/22,5.000,5.150,5.000,5.050,2040,1033100.00
2001/06/26,5.050,5.100,5.000,5.050,840,425400.00
2001/06/27,5.050,5.100,5.050,5.050,460,232800.00
2001/06/28,5.050,5.050,5.000,5.000,640,321700.00
2001/06/29,5.050,5.100,5.000,5.050,1440,726100.00
2001/07/03,5.050,5.100,5.050,5.100,600,303900.00
2001/07/04,5.100,5.100,5.050,5.050,300,151800.00
2001/07/05,5.050,5.100,5.000,5.100,320,161700.00
2001/07/09,4.900,4.950,4.900,4.950,300,148200.00
2001/07/10,4.950,5.000,4.900,5.000,260,129000.00
2001/07/11,5.000,5.000,4.900,4.900,560,276450.00
2001/07/12,5.000,5.000,5.000,5.000,60,30000.00
2001/07/13,5.000,5.000,5.000,5.000,140,70000.00
2001/07/16,4.975,5.000,4.975,5.000,120,59750.00
2001/07/17,4.950,5.000,4.950,4.975,340,168500.00
2001/07/18,4.900,4.975,4.900,4.900,520,255200.00
2001/07/19,4.900,4.900,4.900,4.900,240,117600.00
2001/07/20,4.900,4.900,4.850,4.900,380,185600.00
2001/07/23,4.900,4.925,4.850,4.925,340,166350.00
2001/07/24,4.850,4.900,4.850,4.900,500,244700.00
2001/07/26,4.900,4.900,4.875,4.875,220,107700.00
2001/07/27,4.900,4.900,4.900,4.900,60,29400.00
2001/07/30,4.900,4.900,4.850,4.900,140,68500.00
2001/07/31,4.950,4.950,4.950,4.950,60,29700.00
2001/08/01,4.950,4.950,4.900,4.925,380,187700.00
2001/08/02,4.950,5.000,4.950,5.000,720,358950.00
2001/08/03,5.000,5.000,4.975,4.975,420,209350.00
2001/08/06,4.950,4.950,4.900,4.900,700,345250.00
2001/08/07,4.900,4.900,4.900,4.900,500,245000.00
2001/08/08,4.875,5.000,4.875,5.000,420,205000.00
2001/08/09,4.850,4.950,4.850,4.900,800,392700.00
2001/08/10,4.900,4.950,4.900,4.950,200,98100.00
2001/08/13,4.900,4.950,4.900,4.925,240,117550.00
2001/08/14,4.900,4.950,4.900,4.950,580,286700.00
2001/08/15,4.950,5.000,4.925,5.000,1700,841450.00
2001/08/16,4.950,4.950,4.800,4.825,820,396700.00
2001/08/17,4.700,4.750,4.600,4.600,3480,1617900.00
2001/08/20,4.500,4.550,4.500,4.550,1200,540500.00
2001/08/21,4.500,4.575,4.450,4.550,1782,803160.00
2001/08/22,4.550,4.575,4.550,4.550,820,373850.00
2001/08/23,4.600,4.675,4.550,4.550,480,221500.00
2001/08/24,4.550,4.550,4.500,4.550,420,190750.00
2001/08/27,4.550,4.550,4.550,4.550,660,300300.00
2001/08/28,4.550,4.550,4.550,4.550,100,45500.00
2001/08/29,4.525,4.550,4.525,4.550,340,153950.00
2001/08/30,4.550,4.550,4.550,4.550,560,254800.00
2001/08/31,4.550,4.550,4.550,4.550,400,182000.00
2001/09/03,4.550,4.575,4.450,4.450,400,181200.00
2001/09/04,4.550,4.550,4.500,4.550,880,398300.00
2001/09/05,4.550,4.550,4.450,4.450,240,108000.00
2001/09/06,4.450,4.450,4.300,4.400,480,208900.00
2001/09/07,4.400,4.400,4.400,4.400,200,88000.00
2001/09/10,4.400,4.400,4.300,4.300,100,43400.00
2001/09/11,4.500,4.500,4.375,4.375,160,71250.00
2001/09/12,4.300,4.300,3.925,4.100,1000,405700.00
2001/09/13,4.100,4.175,4.025,4.100,320,130250.00
2001/09/14,4.150,4.150,4.000,4.100,180,73200.00
2001/09/17,4.075,4.075,3.825,4.000,1580,625550.00
2001/09/18,4.075,4.075,3.850,4.000,660,261850.00
2001/09/19,4.025,4.025,3.900,4.000,500,198000.00
2001/09/20,3.950,3.975,3.875,3.975,920,359400.00
2001/09/21,3.900,3.900,3.775,3.900,760,291250.00
2001/09/24,3.800,3.900,3.800,3.900,620,238800.00
2001/09/25,3.975,3.975,3.900,3.950,200,78650.00
2001/09/26,3.950,3.950,3.875,3.900,7280,2843000.00
2001/09/27,3.900,3.900,3.875,3.900,980,380950.00
2001/09/28,3.900,3.975,3.900,3.950,1600,625150.00
2001/10/03,4.050,4.050,3.925,3.925,1620,644950.00
2001/10/04,4.000,4.050,4.000,4.025,700,282000.00
2001/10/05,4.025,4.025,4.025,4.025,100,40250.00
2001/10/08,3.975,3.975,3.925,3.950,300,118550.00
2001/10/09,4.025,4.025,3.975,4.000,1500,600650.00
2001/10/10,4.100,4.100,3.975,4.000,260,104350.00
2001/10/11,4.050,4.050,4.050,4.050,600,243000.00
2001/10/12,4.050,4.050,3.900,4.000,220,87200.00
2001/10/15,4.000,4.000,4.000,4.000,40,16000.00
2001/10/16,4.000,4.000,4.000,4.000,200,80000.00
2001/10/17,4.000,4.000,4.000,4.000,460,184000.00
2001/10/18,3.950,4.000,3.950,4.000,380,150550.00
2001/10/19,3.975,4.000,3.950,4.000,520,207250.00
2001/10/22,3.950,4.000,3.950,4.000,180,71300.00
2001/10/23,3.850,4.025,3.950,4.000,446,178591.00
2001/10/24,4.000,4.000,3.950,4.000,240,95400.00
2001/10/26,3.950,4.025,3.950,4.025,340,136450.00
2001/10/29,4.025,4.025,4.025,4.025,340,136450.00
2001/10/30,4.000,4.000,4.000,4.000,20,8000.00
2001/10/31,4.075,4.075,4.075,4.075,100,40750.00
2001/11/01,4.050,4.050,4.025,4.025,120,48350.00
2001/11/02,4.000,4.025,3.975,4.000,900,360000.00
2001/11/05,3.975,4.000,3.975,4.000,1000,399250.00
2001/11/06,4.000,4.000,3.975,4.000,1120,447250.00
2001/11/07,4.000,4.000,4.000,4.000,20,8000.00
2001/11/08,4.000,4.000,4.000,4.000,2020,808000.00
2001/11/09,4.000,4.050,4.000,4.025,720,290050.00
2001/11/12,4.050,4.100,4.050,4.050,700,283600.00
2001/11/13,4.150,4.150,4.025,4.075,600,245250.00
2001/11/14,4.125,4.125,4.100,4.125,940,385950.00
2001/11/15,4.100,4.150,4.075,4.150,1160,476400.00
2001/11/16,4.200,4.200,4.175,4.175,1005,421770.00
2001/11/19,4.225,4.225,4.200,4.200,140,58900.00
2001/11/20,4.300,4.300,4.200,4.200,180,76000.00
2001/11/21,4.250,4.200,4.200,4.200,180,76000.00
2001/11/22,4.200,4.200,4.150,4.150,620,259900.00
2001/11/23,4.150,4.200,4.150,4.150,1160,484400.00
2001/11/26,4.150,4.300,4.150,4.250,645,273835.00
2001/11/27,4.200,4.200,4.200,4.200,300,126000.00
2001/11/28,4.200,4.200,4.200,4.200,400,168000.00
2001/11/29,4.200,4.200,4.150,4.175,640,266050.00
2001/11/30,4.200,4.250,4.200,4.200,300,127000.00
2001/12/03,4.200,4.300,4.200,4.200,1440,606500.00
2001/12/04,4.250,4.250,4.250,4.250,400,170000.00
2001/12/05,4.250,4.325,4.250,4.300,880,377850.00
2001/12/06,4.350,4.400,4.300,4.400,1238,540534.00
2001/12/07,4.400,4.400,4.400,4.400,100,44000.00
2001/12/10,4.325,4.400,4.325,4.400,880,385850.00
2001/12/11,4.300,4.400,4.300,4.300,640,280000.00
2001/12/12,4.350,4.350,4.350,4.350,300,130500.00
2001/12/13,4.350,4.350,4.350,4.350,300,130500.00
2001/12/14,4.300,4.350,4.300,4.350,240,103900.00
2001/12/17,4.350,4.375,4.350,4.350,620,270800.00
2001/12/18,4.350,4.350,4.350,4.350,200,87000.00
2001/12/19,4.300,4.300,4.300,4.300,391,168272.00
2001/12/20,4.350,4.350,4.350,4.350,160,69600.00
2001/12/21,4.350,4.350,4.250,4.250,780,333850.00
2001/12/24,4.200,4.200,4.200,4.200,700,294000.00
2001/12/27,4.250,4.250,4.250,4.250,0,0.00
2001/12/28,4.275,4.275,4.275,4.300,210,89600.00
2001/12/31,4.350,4.350,4.350,4.350,40,17400.00
2002/01/02,4.350,4.375,4.350,4.375,220,95850.00
2002/01/03,4.450,4.450,4.350,4.375,540,235900.00
2002/01/04,4.400,4.500,4.400,4.500,1280,570500.00
2002/01/07,4.600,4.600,4.500,4.550,1065,486381.00
2002/01/08,4.600,4.600,4.525,4.525,700,319650.00
2002/01/09,4.525,4.525,4.525,4.500,60,27150.00
2002/01/10,4.450,4.450,4.400,4.400,420,185300.00
2002/01/11,4.400,4.425,4.400,4.425,1360,598950.00
2002/01/14,4.400,4.400,4.400,4.400,360,158400.00
2002/01/15,4.500,4.500,4.500,4.500,600,270000.00
2002/01/16,4.450,4.450,4.450,4.450,100,44500.00
2002/01/17,4.450,4.450,4.450,4.450,100,44500.00
2002/01/18,4.450,4.450,4.450,4.450,640,284800.00
2002/01/21,4.475,4.475,4.400,4.450,820,364700.00
2002/01/22,4.450,4.450,4.400,4.400,120,52900.00
2002/01/23,4.425,4.425,4.425,4.425,100,44250.00
2002/01/24,4.425,4.425,4.425,4.425,560,247800.00
2002/01/25,4.425,4.450,4.425,4.425,140,62050.00
2002/01/28,4.450,4.450,4.450,4.450,1000,445000.00
2002/01/29,4.475,4.525,4.475,4.525,920,413500.00
2002/01/30,4.475,4.500,4.475,4.500,600,269500.00
2002/01/31,4.500,4.525,4.475,4.500,820,369150.00
2002/02/01,4.450,4.500,4.450,4.500,5020,2246450.00
2002/02/04,4.475,4.500,4.475,4.500,80,35850.00
2002/02/05,4.350,4.500,4.350,4.475,560,246350.00
2002/02/06,4.475,4.475,4.475,4.475,100,44750.00
2002/02/07,4.400,4.475,4.350,4.475,344,151580.00
2002/02/08,4.475,4.450,4.450,4.450,200,89250.00
2002/02/11,4.500,4.550,4.425,4.550,840,376000.00
2002/02/15,4.500,4.500,4.500,4.500,40,18000.00
2002/02/18,4.500,4.500,4.500,4.500,196,88080.00
2002/02/19,4.450,4.450,4.450,4.450,100,44500.00
2002/02/20,4.475,4.500,4.475,4.500,220,98600.00
2002/02/21,4.575,4.575,4.525,4.550,1020,463900.00
2002/02/22,4.550,4.600,4.550,4.600,1400,641650.00
2002/02/25,4.600,4.700,4.600,4.700,2120,989950.00
2002/02/26,4.750,4.750,4.625,4.625,1480,693300.00
2002/02/27,4.625,4.650,4.550,4.550,1640,756600.00
2002/02/28,4.550,4.575,4.550,4.575,300,136900.00
2002/03/01,4.600,4.600,4.525,4.525,580,263950.00
2002/03/04,4.550,4.575,4.550,4.575,320,145850.00
2002/03/05,4.600,4.650,4.600,4.650,820,378500.00
2002/03/06,4.650,4.650,4.600,4.600,720,333300.00
2002/03/07,4.600,4.600,4.550,4.600,1140,524100.00
2002/03/08,4.600,4.650,4.600,4.650,1480,685800.00
2002/03/11,4.650,4.675,4.650,4.650,800,372550.00
2002/03/12,4.650,4.725,4.650,4.725,1100,516400.00
2002/03/13,4.725,4.725,4.700,4.700,260,122350.00
2002/03/14,4.700,4.700,4.375,4.400,5372,2394054.00
2002/03/15,4.350,4.400,4.350,4.400,3600,1572400.00
2002/03/18,4.325,4.325,4.200,4.300,6716,2858050.00
2002/03/19,4.300,4.300,4.175,4.175,6180,2592650.00
2002/03/20,4.150,4.300,4.150,4.175,4360,1826800.00
2002/03/21,4.200,4.200,4.150,4.200,1100,458850.00
2002/03/22,4.175,4.250,4.175,4.225,2400,1011350.00
2002/03/25,4.200,4.225,4.200,4.225,2080,876100.00
2002/03/26,4.200,4.250,4.200,4.250,60,25400.00
2002/03/27,4.250,4.325,4.250,4.300,1240,529250.00
2002/03/28,4.350,4.350,4.300,4.325,10820,4653600.00
2002/04/02,4.300,4.300,4.275,4.300,400,171750.00
2002/04/03,4.250,4.250,4.250,4.250,100,42500.00
2002/04/04,4.275,4.275,4.250,4.250,300,128000.00
2002/04/08,4.250,4.250,4.225,4.225,700,297450.00
2002/04/09,4.225,4.225,4.225,4.225,0,0.00
2002/04/10,4.250,4.275,4.250,4.275,240,102450.00
2002/04/11,4.200,4.200,4.200,4.200,900,378000.00
2002/04/12,4.200,4.200,4.200,4.200,80,33600.00
2002/04/15,4.200,4.200,4.200,4.200,180,75600.00
2002/04/16,4.200,4.200,4.175,4.200,600,251500.00
2002/04/17,4.250,4.300,4.200,4.300,920,390650.00
2002/04/18,4.300,4.375,4.275,4.350,3520,1523900.00
2002/04/19,4.350,4.375,4.350,4.375,1140,497250.00
2002/04/22,4.375,4.450,4.375,4.400,840,368750.00
2002/04/23,4.400,4.400,4.375,4.375,2120,927700.00
2002/04/24,4.350,4.350,4.350,4.350,40,17400.00
2002/04/25,4.325,4.375,4.325,4.375,360,156350.00
2002/04/26,4.375,4.425,4.300,4.425,1820,788900.00
2002/04/29,4.375,4.375,4.350,4.375,380,166150.00
2002/04/30,4.375,4.375,4.350,4.375,2400,1049750.00
2002/05/02,4.400,4.450,4.400,4.450,1840,813800.00
2002/05/03,4.475,4.575,4.425,4.550,4246,1915418.00
2002/05/06,4.575,4.600,4.550,4.600,2560,1173700.00
2002/05/07,4.575,4.600,4.575,4.600,340,155900.00
2002/05/08,4.550,4.550,4.550,4.550,0,0.00
2002/05/09,4.550,4.550,4.500,4.500,540,243800.00
2002/05/10,4.500,4.500,4.500,4.500,300,135000.00
2002/05/13,4.500,4.500,4.450,4.475,380,170450.00
2002/05/14,4.450,4.450,4.400,4.425,1200,530000.00
2002/05/15,4.450,4.475,4.450,4.450,544,242790.00
2002/05/16,4.425,4.425,4.425,4.425,200,88500.00
2002/05/17,4.425,4.500,4.425,4.500,1180,525700.00
2002/05/21,4.500,4.500,4.400,4.400,480,213950.00
2002/05/22,4.475,4.550,4.400,4.500,860,385300.00
2002/05/23,4.500,4.500,4.500,4.500,0,0.00
2002/05/24,4.450,4.450,4.450,4.450,478,212704.00
2002/05/27,4.425,4.500,4.425,4.500,100,44700.00
2002/05/28,4.450,4.450,4.400,4.400,740,328550.00
2002/05/29,4.400,4.400,4.400,4.400,4740,2085600.00
2002/05/30,4.400,4.400,4.400,4.400,340,149600.00
2002/05/31,4.400,4.400,4.350,4.350,340,149400.00
2002/06/03,4.350,4.350,4.350,4.400,200,87000.00
2002/06/04,4.350,4.400,4.350,4.400,460,200200.00
2002/06/05,4.350,4.375,4.350,4.350,760,330700.00
2002/06/06,4.450,4.450,4.400,4.400,100,44300.00
2002/06/07,4.350,4.400,4.350,4.400,205,89565.00
2002/06/10,4.350,4.400,4.350,4.400,420,184700.00
2002/06/11,4.400,4.400,4.375,4.400,320,140650.00
2002/06/12,4.375,4.400,4.350,4.350,880,383750.00
2002/06/13,4.350,4.375,4.325,4.375,360,156650.00
2002/06/14,4.350,4.425,4.325,4.425,980,425900.00
2002/06/17,4.350,4.400,4.300,4.375,1020,441750.00
2002/06/18,4.350,4.350,4.300,4.325,760,328650.00
2002/06/19,4.300,4.350,4.175,4.350,1280,546100.00
2002/06/20,4.200,4.325,4.200,4.325,520,223500.00
2002/06/21,4.325,4.325,4.250,4.325,140,60100.00
2002/06/24,4.275,4.300,4.275,4.300,480,206250.00
2002/06/25,4.300,4.300,4.300,4.300,360,154800.00
2002/06/26,4.225,4.350,4.175,4.350,680,290050.00
2002/06/27,4.325,4.350,4.300,4.350,480,207000.00
2002/06/28,4.300,4.425,4.300,4.425,600,263000.00
2002/07/02,4.350,4.350,4.300,4.300,160,69000.00
2002/07/03,4.300,4.300,4.300,4.300,60,25800.00
2002/07/04,4.350,4.350,4.350,4.350,0,0.00
2002/07/05,4.300,4.350,4.300,4.350,140,60550.00
2002/07/08,4.300,4.325,4.300,4.300,443,190978.00
2002/07/09,4.300,4.300,4.300,4.300,260,111800.00
2002/07/10,4.250,4.275,4.250,4.275,520,221050.00
2002/07/11,4.275,4.275,4.200,4.200,600,253850.00
2002/07/12,4.225,4.350,4.200,4.275,1540,653150.00
2002/07/15,4.200,4.350,4.200,4.350,500,213800.00
2002/07/16,4.225,4.325,4.225,4.325,720,305900.00
2002/07/17,4.175,4.200,4.175,4.250,100,41950.00
2002/07/18,4.200,4.300,4.200,4.250,540,230150.00
2002/07/19,4.200,4.250,4.200,4.250,100,42300.00
2002/07/22,4.200,4.200,4.050,4.150,180,74100.00
2002/07/23,4.050,4.100,4.000,4.100,720,292500.00
2002/07/24,4.100,4.100,4.075,4.100,800,327400.00
2002/07/25,4.050,4.050,4.000,4.000,240,96500.00
2002/07/26,4.000,4.000,3.925,3.950,1280,506250.00
2002/07/29,3.950,4.000,3.950,4.000,360,142700.00
2002/07/30,4.075,4.075,4.025,4.050,900,365500.00
2002/07/31,3.950,4.050,3.950,4.050,80,32000.00
2002/08/01,4.050,4.050,4.050,4.050,0,0.00
2002/08/02,4.025,4.025,4.025,4.025,20,8050.00
2002/08/05,3.950,4.025,4.025,4.025,0,0.00
2002/08/06,3.950,3.950,3.850,3.850,360,141400.00
2002/08/07,4.000,4.000,4.000,3.950,100,40000.00
2002/08/08,3.900,3.900,3.875,3.900,1500,584250.00
2002/08/09,4.050,4.050,4.000,4.000,140,56500.00
2002/08/12,4.000,4.000,4.000,3.900,40,16000.00
2002/08/13,4.000,4.000,3.800,3.825,700,269500.00
2002/08/14,3.850,3.925,3.850,3.875,220,85350.00
2002/08/15,3.900,3.900,3.900,3.900,140,54600.00
2002/08/16,3.950,4.000,3.825,3.850,933,364199.00
2002/08/19,3.850,3.975,3.850,3.975,906,353950.00
2002/08/20,4.000,4.000,3.975,3.975,1058,422408.00
2002/08/21,3.925,3.975,3.900,3.950,340,134100.00
2002/08/22,4.000,4.025,4.000,4.025,1060,426300.00
2002/08/23,4.000,4.025,4.000,4.025,1500,600500.00
2002/08/26,4.025,4.050,4.025,4.050,260,104900.00
2002/08/27,4.025,4.050,4.050,4.050,140,56700.00
2002/08/28,4.025,4.025,4.025,4.025,300,120750.00
2002/08/29,4.000,4.000,4.000,4.000,100,40000.00
2002/08/30,4.025,4.050,4.025,4.050,540,218100.00
2002/09/02,4.000,4.000,4.000,4.000,564,225716.00
2002/09/03,4.000,4.025,3.975,4.000,500,200100.00
2002/09/04,4.000,4.050,4.000,4.050,620,248900.00
2002/09/05,3.975,3.975,3.900,3.900,700,273450.00
2002/09/06,3.900,3.900,3.850,3.900,400,155650.00
2002/09/09,3.875,3.875,3.825,3.900,300,115300.00
2002/09/10,3.950,3.950,3.950,3.900,40,15800.00
2002/09/11,3.900,3.900,3.900,3.900,0,0.00
2002/09/12,3.975,3.975,3.975,3.975,20,7950.00
2002/09/13,3.975,3.975,3.850,3.875,180,70050.00
2002/09/16,3.875,3.900,3.800,3.800,560,215900.00
2002/09/17,3.750,3.850,3.750,3.850,320,122250.00
2002/09/18,3.850,3.850,3.750,3.750,440,167900.00
2002/09/19,3.800,3.850,3.800,3.850,120,45700.00
2002/09/20,3.850,3.850,3.800,3.850,7160,2755600.00
2002/09/23,3.725,3.825,3.725,3.825,80,30200.00
2002/09/24,3.750,3.800,3.750,3.800,7920,2989750.00
2002/09/25,3.725,3.750,3.725,3.750,280,104900.00
2002/09/26,3.800,3.800,3.800,3.800,240,91200.00
2002/09/27,3.800,3.800,3.725,3.725,2240,842050.00
2002/09/30,3.725,3.800,3.725,3.775,700,264000.00
2002/10/02,3.700,3.800,3.700,3.750,140,52600.00
2002/10/03,3.775,3.775,3.700,3.700,340,126550.00
2002/10/04,3.750,3.750,3.700,3.700,320,118600.00
2002/10/07,3.600,3.650,3.600,3.650,4685,1689530.00
2002/10/08,3.550,3.625,3.500,3.600,1220,431400.00
2002/10/09,3.600,3.600,3.575,3.600,780,280300.00
2002/10/10,3.575,3.575,3.500,3.575,360,126450.00
2002/10/11,3.600,3.600,3.525,3.525,60,21450.00
2002/10/15,3.550,3.600,3.550,3.600,880,315550.00
2002/10/16,3.650,3.750,3.600,3.600,2660,959850.00
2002/10/17,3.625,3.625,3.600,3.600,700,252500.00
2002/10/18,3.700,3.700,3.650,3.650,700,255950.00
2002/10/21,3.650,3.750,3.650,3.700,1420,523100.00
2002/10/22,3.750,3.750,3.700,3.700,160,59500.00
2002/10/23,3.725,3.800,3.725,3.775,720,269750.00
2002/10/24,3.850,3.850,3.850,3.850,40,15400.00
2002/10/25,3.850,3.850,3.850,3.850,40,15400.00
2002/10/28,3.850,3.850,3.775,3.800,320,121950.00
2002/10/29,3.800,3.850,3.800,3.800,560,213650.00
2002/10/30,3.850,3.850,3.850,3.850,100,38500.00
2002/10/31,3.800,3.800,3.775,3.775,460,174750.00
2002/11/01,3.800,3.800,3.800,3.800,40,15200.00
2002/11/04,3.900,3.900,3.800,3.800,341,130266.00
2002/11/05,3.750,3.800,3.750,3.800,46,17372.00
2002/11/06,3.875,3.900,3.850,3.900,360,139850.00
2002/11/07,3.900,3.900,3.875,3.950,100,38900.00
2002/11/08,3.950,3.950,3.950,3.950,20,7900.00
2002/11/11,3.850,3.850,3.850,3.900,60,23100.00
2002/11/12,3.900,3.900,3.850,3.850,180,69500.00
2002/11/13,3.875,3.875,3.875,3.875,0,0.00
2002/11/14,3.900,3.950,3.900,3.900,104,40740.00
2002/11/15,3.900,3.900,3.900,3.900,0,0.00
2002/11/18,3.900,3.900,3.825,3.900,1340,521350.00
2002/11/19,3.825,3.825,3.825,3.825,300,114750.00
2002/11/20,3.850,3.850,3.825,3.825,800,306250.00
2002/11/21,3.875,3.875,3.875,3.875,40,15500.00
2002/11/22,3.850,3.875,3.850,3.875,160,61850.00
2002/11/25,3.875,3.875,3.875,3.875,0,0.00
2002/11/26,3.850,3.875,3.850,3.875,80,30900.00
2002/11/27,3.875,3.875,3.875,3.875,20,7750.00
2002/11/28,3.875,3.975,3.875,3.975,320,125700.00
2002/11/29,3.975,3.975,3.975,3.975,0,0.00
2002/12/02,3.975,3.975,3.975,3.975,40,15900.00
2002/12/03,3.900,4.000,3.850,4.000,140,55200.00
2002/12/04,3.975,3.975,3.975,3.975,0,0.00
2002/12/05,3.975,3.975,3.975,3.975,40,15900.00
2002/12/06,3.975,3.975,3.975,3.975,60,23850.00
2002/12/09,3.975,3.975,3.975,3.975,100,39750.00
2002/12/10,3.975,3.975,3.975,3.975,0,0.00
2002/12/11,3.975,3.975,3.975,3.975,0,0.00
2002/12/12,3.950,3.975,3.950,3.975,60,23800.00
2002/12/13,3.975,3.975,3.975,3.975,0,0.00
2002/12/16,3.975,3.975,3.975,3.975,0,0.00
2002/12/17,3.950,3.975,3.950,3.975,80,31700.00
2002/12/18,3.975,3.975,3.975,3.975,20,7950.00
2002/12/19,3.950,3.950,3.950,3.950,0,0.00
2002/12/20,4.000,4.000,3.950,3.950,160,63800.00
2002/12/23,3.950,3.950,3.950,3.950,60,23700.00
2002/12/24,3.950,3.975,3.950,3.975,500,197800.00
2002/12/27,3.975,3.975,3.975,3.975,0,0.00
2002/12/30,3.950,3.950,3.875,3.900,240,94000.00
2002/12/31,3.875,3.875,3.875,3.925,480,186000.00
2003/01/02,3.925,3.925,3.925,3.925,0,0.00
2003/01/03,3.975,3.975,3.975,3.975,40,15900.00
2003/01/06,3.925,3.925,3.925,3.925,100,39250.00
2003/01/07,3.925,3.925,3.900,3.900,740,289800.00
2003/01/08,3.900,3.900,3.900,3.900,960,374400.00
2003/01/09,3.900,3.900,3.900,3.900,0,0.00
2003/01/10,3.925,3.925,3.900,3.900,1340,523250.00
2003/01/13,3.900,3.925,3.900,3.925,1120,437050.00
2003/01/14,3.900,3.925,3.900,3.900,1100,429150.00
2003/01/15,3.925,3.925,3.900,3.900,2340,918250.00
2003/01/16,3.900,3.950,3.900,3.900,220,85900.00
2003/01/17,3.900,3.900,3.900,3.900,0,0.00
2003/01/20,3.900,3.900,3.900,3.900,240,93600.00
2003/01/21,3.900,3.900,3.900,3.900,380,148200.00
2003/01/22,3.900,3.900,3.900,3.900,0,0.00
2003/01/23,3.850,3.900,3.850,3.900,60,23300.00
2003/01/24,3.900,3.900,3.850,3.850,280,108400.00
2003/01/27,3.800,3.850,3.800,3.850,240,91700.00
2003/01/28,3.850,3.850,3.850,3.850,1780,685300.00
2003/01/29,3.850,3.850,3.825,3.850,580,223250.00
2003/01/30,3.850,3.850,3.850,3.850,200,77000.00
2003/02/04,3.900,3.900,3.900,3.900,40,15600.00
2003/02/05,3.900,3.900,3.900,3.900,0,0.00
2003/02/06,3.800,3.900,3.800,3.875,260,99700.00
2003/02/07,3.875,3.875,3.875,3.875,0,0.00
2003/02/10,3.850,3.875,3.850,3.875,180,69700.00
2003/02/11,3.875,3.875,3.875,3.875,0,0.00
2003/02/12,3.850,3.850,3.850,3.850,40,15400.00
2003/02/13,3.800,3.800,3.800,3.800,900,342224.00
2003/02/14,3.875,3.875,3.800,3.800,280,107600.00
2003/02/17,3.825,3.850,3.825,3.850,300,115000.00
2003/02/18,3.850,3.850,3.850,3.850,100,38500.00
2003/02/19,3.850,3.850,3.850,3.850,400,154000.00
2003/02/20,3.900,3.900,3.900,3.900,300,117000.00
2003/02/21,3.850,3.900,3.850,3.900,53,20375.00
2003/02/24,3.900,3.900,3.900,3.900,20,7800.00
2003/02/25,3.900,3.900,3.900,3.900,0,0.00
2003/02/26,3.900,3.900,3.900,3.900,40,15600.00
2003/02/27,3.875,3.875,3.875,3.875,160,62000.00
2003/02/28,3.875,3.875,3.875,3.875,100,38750.00
2003/03/03,3.875,3.875,3.875,3.875,440,170500.00
2003/03/04,3.925,3.925,3.925,3.925,400,157000.00
2003/03/05,3.850,3.850,3.850,3.850,40,15400.00
2003/03/06,3.825,3.825,3.825,3.850,120,45900.00
2003/03/07,3.850,3.850,3.850,3.850,80,30800.00
2003/03/10,3.850,3.850,3.850,3.850,40,15400.00
2003/03/11,3.850,3.850,3.850,3.850,1020,392700.00
2003/03/12,3.850,3.850,3.850,3.850,0,0.00
2003/03/13,3.750,3.750,3.550,3.550,620,224100.00
2003/03/14,3.450,3.500,3.300,3.475,2940,993300.00
2003/03/17,3.475,3.475,3.375,3.375,236,80383.00
2003/03/18,3.350,3.400,3.350,3.400,700,235850.00
2003/03/19,3.350,3.375,3.350,3.350,3000,1006650.00
2003/03/20,3.400,3.400,3.350,3.350,540,181800.00
2003/03/21,3.350,3.350,3.350,3.350,1180,395300.00
2003/03/24,3.350,3.350,3.250,3.250,1192,391030.00
2003/03/25,3.250,3.300,3.250,3.300,220,71900.00
2003/03/26,3.300,3.325,3.275,3.325,480,158800.00
2003/03/27,3.300,3.300,3.300,3.300,0,0.00
2003/03/28,3.325,3.325,3.325,3.325,0,0.00
2003/03/31,3.275,3.275,3.200,3.200,400,129500.00
2003/04/01,3.200,3.200,3.175,3.175,260,82800.00
2003/04/02,3.175,3.200,3.175,3.175,540,172200.00
2003/04/03,3.200,3.200,3.175,3.175,500,159250.00
2003/04/04,3.200,3.275,3.175,3.275,860,273750.00
2003/04/07,3.275,3.275,3.275,3.275,0,0.00
2003/04/08,3.175,3.200,3.175,3.175,1020,324600.00
2003/04/09,3.100,3.100,3.100,3.100,400,124000.00
2003/04/10,3.125,3.125,3.125,3.100,40,12500.00
2003/04/11,3.100,3.000,3.000,3.000,120,36400.00
2003/04/14,2.950,3.000,2.950,3.000,240,71500.00
2003/04/15,3.000,3.000,2.975,3.000,900,269350.00
2003/04/16,3.000,3.000,3.000,3.000,40,12000.00
2003/04/17,3.000,3.000,2.975,3.000,600,179500.00
2003/04/22,3.050,3.050,3.050,3.050,40,12200.00
2003/04/23,3.050,3.050,3.050,3.050,0,0.00
2003/04/24,3.000,3.000,3.000,3.000,0,0.00
2003/04/25,3.000,3.000,3.000,3.000,40,12000.00
2003/04/28,3.000,3.000,2.975,3.000,2340,700750.00
2003/04/29,3.100,3.100,3.050,3.050,1920,585800.00
2003/04/30,3.025,3.050,3.000,3.000,2310,694925.00
2003/05/02,3.050,3.050,3.050,3.050,580,176900.00
2003/05/05,3.100,3.225,3.100,3.200,3280,1032550.00
2003/05/06,3.250,3.250,3.200,3.200,740,238000.00
2003/05/07,3.150,3.200,3.150,3.200,1860,586200.00
2003/05/09,3.225,3.250,3.225,3.250,680,219800.00
2003/05/12,3.200,3.200,3.200,3.200,1600,512000.00
2003/05/13,3.225,3.300,3.225,3.300,1740,568850.00
2003/05/14,3.300,3.300,3.275,3.300,1620,533500.00
2003/05/15,3.300,3.350,3.300,3.350,2780,917600.00
2003/05/16,3.275,3.325,3.275,3.300,568,187460.00
2003/05/19,3.300,3.300,3.275,3.300,560,184550.00
2003/05/20,3.300,3.300,3.275,3.275,500,164000.00
2003/05/21,3.275,3.375,3.250,3.375,2240,742950.00
2003/05/22,3.375,3.650,3.375,3.600,4280,1517200.00
2003/05/23,3.550,3.550,3.500,3.525,1360,477400.00
2003/05/26,3.550,3.725,3.550,3.725,5770,2104900.00
2003/05/27,3.725,3.725,3.675,3.700,320,118250.00
2003/05/28,3.750,3.750,3.600,3.650,1400,515300.00
2003/05/29,3.650,3.725,3.650,3.675,2700,995700.00
2003/05/30,3.575,3.750,3.550,3.650,3240,1184600.00
2003/06/02,3.700,3.925,3.700,3.900,9770,3760850.00
2003/06/03,3.975,3.975,3.825,3.900,3090,1197150.00
2003/06/05,3.900,3.900,3.800,3.850,2040,785600.00
2003/06/06,4.000,4.000,3.800,3.850,6440,2481800.00
2003/06/09,3.850,4.225,3.850,4.200,8780,3593050.00
2003/06/10,4.100,4.400,4.000,4.200,26988,11443920.00
2003/06/11,4.200,4.250,4.025,4.050,18760,7767100.00
2003/06/12,4.100,4.150,4.100,4.100,7020,2886600.00
2003/06/13,4.100,4.150,4.025,4.150,4020,1638300.00
2003/06/16,4.150,4.200,4.050,4.100,6260,2591200.00
2003/06/17,4.100,4.100,4.025,4.050,3140,1273800.00
2003/06/18,4.050,4.050,4.025,4.050,960,388000.00
2003/06/19,4.000,4.050,4.000,4.050,920,370700.00
2003/06/20,4.000,4.050,4.050,4.050,740,299200.00
2003/06/23,3.875,4.000,3.850,3.900,1583,619895.00
2003/06/24,3.950,3.950,3.850,3.875,880,340700.00
2003/06/25,3.925,3.925,3.875,3.900,1660,647350.00
2003/06/26,3.950,3.950,3.950,3.950,100,39500.00
2003/06/27,3.900,3.900,3.875,3.875,240,93500.00
2003/06/30,3.875,3.900,3.875,3.900,1140,442150.00
2003/07/02,3.975,4.000,3.975,4.000,1100,437500.00
2003/07/03,4.025,4.050,3.975,4.025,2380,956600.00
2003/07/04,4.025,4.150,4.000,4.100,4640,1877750.00
2003/07/07,4.275,4.350,4.200,4.300,35760,15249200.00
2003/07/08,4.200,4.450,4.200,4.300,12360,5335500.00
2003/07/09,4.250,4.250,4.125,4.150,3160,1322450.00
2003/07/10,4.125,4.200,4.100,4.200,2580,1064350.00
2003/07/11,4.150,4.200,4.150,4.175,1940,811850.00
2003/07/14,4.175,4.200,4.150,4.175,2040,851200.00
2003/07/15,4.225,4.225,4.100,4.100,2180,894550.00
2003/07/16,4.075,4.125,4.075,4.100,1120,458850.00
2003/07/17,4.075,4.100,3.975,3.975,2800,1130450.00
2003/07/18,4.000,4.000,3.950,3.975,1140,452700.00
2003/07/21,4.000,4.000,3.975,3.975,580,231900.00
2003/07/22,4.000,4.000,3.975,3.975,500,199500.00
2003/07/23,4.000,4.000,3.975,3.975,1920,766100.00
2003/07/24,3.975,4.000,3.925,4.000,2284,899394.00
2003/07/25,4.000,4.000,3.950,3.950,140,55500.00
2003/07/28,4.000,4.050,3.975,3.975,1440,579000.00
2003/07/29,4.025,4.025,3.950,3.975,1171,466184.00
2003/07/30,3.975,4.000,3.975,4.000,2313,922574.00
2003/07/31,3.975,4.050,4.000,4.050,1800,726000.00
2003/08/01,4.075,4.075,4.000,4.025,5100,2053000.00
2003/08/04,4.025,4.025,3.975,4.000,3615,1448083.00
2003/08/05,4.000,4.000,3.975,3.975,2800,1119150.00
2003/08/06,3.950,3.975,3.950,3.975,980,388050.00
2003/08/07,4.000,4.000,3.975,3.975,240,95900.00
2003/08/08,3.975,4.000,3.975,3.975,380,151200.00
2003/08/11,3.975,4.050,3.975,4.050,1700,686550.00
2003/08/12,4.075,4.150,4.050,4.100,6320,2585000.00
2003/08/13,4.100,4.125,4.050,4.100,11260,4599500.00
2003/08/14,4.100,4.100,4.025,4.075,5040,2047850.00
2003/08/15,4.050,4.100,4.025,4.100,2840,1149500.00
2003/08/18,4.100,4.250,4.075,4.225,6960,2885400.00
2003/08/19,4.250,4.250,4.150,4.150,6326,2652724.00
2003/08/20,4.250,4.300,4.150,4.300,3840,1628350.00
2003/08/21,4.325,4.500,4.325,4.425,13460,5969850.00
2003/08/22,4.500,4.775,4.500,4.725,24951,11626940.00
2003/08/25,4.850,5.000,4.800,4.975,28400,13983050.00
2003/08/26,4.950,4.975,4.875,4.900,13860,6825800.00
2003/08/27,4.950,4.950,4.850,4.900,9180,4522250.00
2003/08/28,4.900,4.900,4.800,4.825,3560,1729800.00
2003/08/29,4.900,4.975,4.900,4.975,9626,4750954.00
2003/09/01,5.050,5.050,4.975,5.000,9386,4708454.00
2003/09/02,5.000,5.000,4.950,4.975,2400,1195100.00
2003/09/03,5.000,5.200,5.000,5.200,18904,9689760.00
2003/09/04,5.300,5.300,4.950,4.950,12900,6515550.00
2003/09/05,4.825,5.000,4.900,4.925,6974,3448295.00
2003/09/08,4.925,4.950,4.900,4.950,5037,2481869.00
2003/09/09,5.000,5.000,4.800,4.800,6080,2973750.00
2003/09/10,4.725,4.725,4.600,4.625,8840,4118300.00
2003/09/11,4.625,4.675,4.600,4.675,5180,2397500.00
2003/09/15,4.725,4.900,4.700,4.900,4260,2036350.00
2003/09/16,4.800,5.350,4.800,5.050,15340,7826400.00
2003/09/17,5.100,5.200,4.975,5.000,15540,7843600.00
2003/09/18,4.950,5.000,4.925,4.975,2480,1230850.00
2003/09/19,5.000,5.000,4.900,4.900,5380,2666850.00
2003/09/22,4.875,4.900,4.800,4.875,2360,1142100.00
2003/09/23,4.875,4.875,4.775,4.875,3120,1502750.00
2003/09/24,4.900,4.975,4.900,4.975,2580,1273050.00
2003/09/25,4.975,5.050,4.900,4.900,9980,4962750.00
2003/09/26,4.925,4.950,4.875,4.925,4606,2262404.00
2003/09/29,4.900,4.925,4.900,4.925,1680,824550.00
2003/09/30,4.925,4.925,4.900,4.925,1000,491000.00
2003/10/02,4.950,4.950,4.900,4.900,2280,1125500.00
2003/10/03,4.975,5.100,4.925,5.050,8305,4167850.00
2003/10/06,5.100,5.150,5.000,5.150,12405,6277542.00
2003/10/07,5.050,5.050,4.975,5.050,4960,2488500.00
2003/10/08,5.150,5.150,4.950,4.950,4840,2419900.00
2003/10/09,4.975,4.975,4.950,4.950,2560,1270500.00
2003/10/10,5.000,5.000,4.950,4.950,1240,616750.00
2003/10/13,5.000,5.150,5.000,5.150,8520,4308800.00
2003/10/14,5.150,5.150,5.050,5.050,5800,2964412.00
2003/10/15,5.050,5.100,5.050,5.100,5120,2596900.00
2003/10/16,5.100,5.150,5.100,5.100,6520,3326900.00
2003/10/17,5.100,5.100,5.050,5.050,12040,6087500.00
2003/10/20,5.050,5.150,5.050,5.100,7860,4017000.00
2003/10/21,5.100,5.250,5.100,5.250,22175,11542620.00
2003/10/22,5.200,5.450,5.200,5.400,21359,11487040.00
2003/10/23,5.300,5.300,5.050,5.100,6939,3605896.00
2003/10/24,5.100,5.100,4.950,5.050,5200,2604900.00
2003/10/27,5.000,5.050,5.000,5.000,1180,595300.00
2003/10/28,5.100,5.150,5.100,5.100,1460,746900.00
2003/10/29,5.150,5.150,5.000,5.050,3675,1861550.00
2003/10/30,5.000,5.050,4.975,5.000,2450,1225150.00
2003/10/31,5.000,5.050,5.000,5.000,2040,1022700.00
2003/11/03,5.050,5.100,5.050,5.100,1720,872300.00
2003/11/04,5.100,5.200,5.100,5.150,3360,1727300.00
2003/11/05,5.150,5.200,5.050,5.200,12460,6359400.00
2003/11/06,5.100,5.150,5.100,5.150,3680,1885600.00
2003/11/07,5.150,5.250,5.150,5.200,3518,1832700.00
2003/11/10,5.200,5.200,5.050,5.150,3004,1535270.00
2003/11/11,5.100,5.150,5.100,5.100,2020,1030700.00
2003/11/12,5.100,5.100,5.050,5.100,2220,1124000.00
2003/11/13,5.150,5.150,5.050,5.150,2656,1347040.00
2003/11/14,5.100,5.400,5.100,5.350,8060,4248400.00
2003/11/17,5.200,5.300,5.200,5.250,880,460600.00
2003/11/18,5.200,5.450,5.150,5.400,4500,2363600.00
2003/11/19,5.350,5.350,5.250,5.300,940,495900.00
2003/11/20,5.250,5.250,5.200,5.200,3560,1852500.00
2003/11/21,5.150,5.200,5.100,5.200,1520,780300.00
2003/11/24,5.200,5.300,5.200,5.300,1520,795400.00
2003/11/25,5.300,5.300,5.250,5.250,260,137300.00
2003/11/26,5.250,5.250,5.250,5.250,384,201500.00
2003/11/27,5.300,5.350,5.250,5.350,1580,841400.00
2003/11/28,5.350,5.450,5.350,5.450,4940,2677600.00
2003/12/01,5.450,5.700,5.450,5.600,6980,3889600.00
2003/12/02,5.700,5.700,5.450,5.450,4532,2509600.00
2003/12/03,5.450,5.550,5.450,5.500,1260,693700.00
2003/12/04,5.550,5.550,5.500,5.500,2120,1169100.00
2003/12/05,5.600,5.600,5.550,5.550,2100,1168271.00
2003/12/08,5.500,5.500,5.500,5.500,1860,1023000.00
2003/12/09,5.500,5.500,5.450,5.500,1920,1049200.00
2003/12/10,5.450,5.450,5.450,5.450,1760,959200.00
2003/12/11,5.450,5.500,5.450,5.450,600,328500.00
2003/12/12,5.500,5.500,5.450,5.450,566,310322.00
2003/12/15,5.500,5.500,5.400,5.400,1860,1015800.00
2003/12/16,5.400,5.500,5.300,5.450,7460,4021900.00
2003/12/17,5.400,5.400,5.300,5.350,2460,1314500.00
2003/12/18,5.350,5.350,5.350,5.350,200,107000.00
2003/12/19,5.300,5.400,5.300,5.400,1818,974209.00
2003/12/22,5.400,5.400,5.350,5.350,3085,1657787.00
2003/12/23,5.400,5.400,5.350,5.400,2425,1305587.00
2003/12/24,5.400,5.400,5.300,5.300,1160,619800.00
2003/12/29,5.350,5.350,5.300,5.300,1380,732800.00
2003/12/30,5.300,5.450,5.300,5.400,4260,2268600.00
2003/12/31,5.300,5.350,5.300,5.350,620,330100.00
2004/01/02,5.400,5.450,5.400,5.450,2380,1292000.00
2004/01/05,5.400,5.550,5.400,5.550,1960,1070000.00
2004/01/06,5.600,5.700,5.550,5.600,2880,1614600.00
2004/01/07,5.650,5.650,5.600,5.600,4260,2388400.00
2004/01/08,5.600,5.650,5.550,5.600,2184,1225660.00
2004/01/09,5.600,5.600,5.500,5.550,1300,721300.00
2004/01/12,5.500,5.550,5.450,5.450,2460,1356700.00
2004/01/13,5.550,5.600,5.450,5.500,2040,1121400.00
2004/01/14,5.300,5.550,5.500,5.550,852,471066.00
2004/01/15,5.600,5.600,5.550,5.550,1972,1097420.00
2004/01/16,5.550,5.600,5.550,5.600,1000,559300.00
2004/01/19,5.650,5.900,5.600,5.900,6198,3583328.00
2004/01/20,5.950,6.050,5.950,6.050,3839,2309320.00
2004/01/21,5.900,6.100,5.900,6.050,1320,800800.00
2004/01/26,6.150,6.200,6.100,6.150,3080,1895700.00
2004/01/27,6.150,6.200,6.100,6.150,2160,1329308.00
2004/01/28,6.100,6.150,5.950,5.950,4610,2776900.00
2004/01/29,5.850,5.900,5.800,5.850,7920,4609900.00
2004/01/30,5.850,5.900,5.850,5.900,660,386700.00
2004/02/02,5.750,5.800,5.700,5.750,4220,2421700.00
2004/02/03,5.600,5.800,5.600,5.800,3060,1746700.00
2004/02/04,5.800,5.900,5.800,5.850,1500,873900.00
2004/02/05,5.900,5.900,5.800,5.850,2260,1329600.00
2004/02/06,5.900,5.950,5.900,5.900,2320,1369200.00
2004/02/09,6.000,6.200,6.000,6.200,11360,6997400.00
2004/02/10,6.200,6.250,6.150,6.200,5720,3535600.00
2004/02/11,6.100,6.250,6.100,6.150,4940,3045200.00
2004/02/12,6.150,6.200,6.150,6.150,2345,1452151.00
2004/02/13,6.150,6.200,6.150,6.200,1220,752400.00
2004/02/16,6.200,6.250,6.150,6.250,10580,6587800.00
2004/02/17,6.250,6.250,6.100,6.200,2900,1788500.00
2004/02/18,6.250,6.250,6.200,6.200,4940,3069400.00
2004/02/19,6.200,6.200,6.150,6.200,3760,2330900.00
2004/02/20,6.150,6.350,6.150,6.350,4572,2870740.00
2004/02/23,6.450,6.800,6.450,6.800,25985,17226170.00
2004/02/24,6.900,6.950,6.750,6.750,15600,10708400.00
2004/02/25,6.750,6.850,6.700,6.700,8760,5953200.00
2004/02/26,6.750,6.800,6.700,6.750,3260,2194700.00
2004/02/27,6.800,6.850,6.750,6.850,6440,4373200.00
2004/03/01,6.900,7.000,6.900,6.950,5660,3936300.00
2004/03/02,6.950,6.950,6.850,6.850,3920,2707100.00
2004/03/03,6.750,6.800,6.650,6.650,5240,3497000.00
2004/03/04,6.650,6.850,6.650,6.800,5900,3993200.00
2004/03/05,6.800,6.850,6.800,6.800,5440,3699700.00
2004/03/08,6.850,6.900,6.850,6.850,2140,1469300.00
2004/03/09,6.850,6.850,6.750,6.800,1760,1194600.00
2004/03/10,6.700,6.900,6.600,6.850,2200,1485800.00
2004/03/11,6.650,6.650,6.400,6.500,3000,1949400.00
2004/03/12,6.300,6.350,5.950,6.350,3500,2166500.00
2004/03/15,6.450,6.450,6.300,6.300,360,228900.00
2004/03/16,6.300,6.350,6.300,6.350,320,202100.00
2004/03/17,6.350,6.400,6.350,6.350,540,344500.00
2004/03/18,6.400,6.400,6.300,6.300,1620,1021100.00
2004/03/19,6.300,6.350,6.200,6.200,1120,703700.00
2004/03/22,6.100,6.200,6.100,6.100,1180,724500.00
2004/03/23,6.200,6.200,6.100,6.100,1940,1186900.00
2004/03/24,6.100,6.200,6.100,6.100,600,367700.00
2004/03/25,6.100,6.100,6.050,6.050,660,399900.00
2004/03/26,6.100,6.100,6.050,6.100,820,496900.00
2004/03/29,6.100,6.100,6.050,6.050,2092,1269180.00
2004/03/30,6.050,6.050,6.000,6.000,3032,1820300.00
2004/03/31,5.950,6.050,5.950,6.000,681,408926.00
2004/04/01,5.950,5.950,5.700,5.850,6400,3720800.00
2004/04/02,5.800,5.850,5.750,5.850,4460,2578100.00
2004/04/06,5.900,5.950,5.900,5.900,3640,2161800.00
2004/04/07,6.000,6.000,5.900,6.000,1680,1005900.00
2004/04/08,6.000,6.000,5.950,5.950,900,537000.00
2004/04/13,5.950,5.950,5.900,5.900,700,416200.00
2004/04/14,5.900,5.900,5.750,5.750,1000,582600.00
2004/04/15,5.750,5.800,5.700,5.700,2580,1472200.00
2004/04/16,5.700,5.750,5.650,5.650,840,478200.00
2004/04/19,5.650,5.700,5.650,5.700,800,453400.00
2004/04/20,5.650,5.700,5.600,5.650,1480,836400.00
2004/04/21,5.650,5.650,5.500,5.500,3160,1752100.00
2004/04/22,5.600,5.650,5.500,5.500,2020,1125500.00
2004/04/23,5.600,5.600,5.550,5.600,1840,1028900.00
2004/04/26,5.500,5.550,5.500,5.500,1880,1036700.00
2004/04/27,5.450,5.500,5.450,5.500,1620,885900.00
2004/04/28,5.500,5.550,5.500,5.550,800,443000.00
2004/04/29,5.500,5.500,5.300,5.300,1220,655400.00
2004/04/30,5.300,5.300,5.300,5.300,420,222600.00
2004/05/03,5.300,5.300,5.200,5.200,1140,597700.00
2004/05/04,5.300,5.400,5.300,5.350,960,510800.00
2004/05/05,5.350,5.350,5.300,5.350,700,372800.00
2004/05/06,5.350,5.350,5.350,5.350,100,53500.00
2004/05/07,5.300,5.300,5.250,5.250,1000,529000.00
2004/05/10,5.200,5.200,4.950,4.950,2420,1211200.00
2004/05/11,5.000,5.000,4.950,4.950,440,218450.00
2004/05/12,4.950,5.100,4.950,5.000,800,400500.00
2004/05/13,5.000,5.000,4.950,5.000,880,438600.00
2004/05/14,5.000,5.000,4.800,4.900,1340,645600.00
2004/05/17,4.700,4.700,4.400,4.400,1480,668550.00
2004/05/18,4.300,4.575,4.300,4.500,460,206000.00
2004/05/19,4.800,4.800,4.700,4.750,260,122900.00
2004/05/20,4.700,4.700,4.650,4.675,1140,533000.00
2004/05/21,4.675,4.925,4.675,4.900,600,284000.00
2004/05/24,4.925,4.925,4.750,4.750,720,345650.00
2004/05/25,4.750,4.750,4.725,4.750,360,170400.00
2004/05/27,4.850,5.000,4.850,4.900,1351,664968.00
2004/05/28,5.000,5.000,4.925,4.925,3180,1575250.00
2004/05/31,4.925,4.925,4.925,4.950,460,226550.00
2004/06/01,4.950,4.950,4.875,4.875,1140,561100.00
2004/06/02,4.875,4.925,4.850,4.900,2180,1064400.00
2004/06/03,4.900,4.900,4.875,4.875,1440,703050.00
2004/06/04,4.900,4.900,4.900,4.900,70,34300.00
2004/06/07,4.950,5.000,4.950,5.000,1020,506600.00
2004/06/08,5.050,5.050,5.000,5.000,760,380900.00
2004/06/09,5.000,5.050,5.000,5.000,480,240400.00
2004/06/10,5.000,5.000,4.950,4.975,1360,673850.00
2004/06/11,4.975,5.000,4.975,5.000,1140,568000.00
2004/06/14,4.975,5.050,4.975,4.975,1880,936650.00
2004/06/15,4.975,4.975,4.925,4.925,120,59600.00
2004/06/16,5.000,5.000,4.925,4.925,440,217300.00
2004/06/17,4.925,4.925,4.900,4.900,1060,521750.00
2004/06/18,4.850,4.850,4.800,4.800,760,365400.00
2004/06/21,4.800,4.800,4.750,4.800,725,346126.00
2004/06/23,4.800,4.800,4.800,4.800,500,240000.00
2004/06/24,4.850,4.975,4.850,4.975,1233,607673.00
2004/06/25,4.925,5.050,4.925,5.000,2120,1061300.00
2004/06/28,5.000,5.000,4.950,4.950,200,99500.00
2004/06/29,4.950,4.950,4.950,4.950,0,0.00
2004/06/30,4.950,4.950,4.950,4.950,400,198000.00
2004/07/02,4.900,4.900,4.900,4.900,300,147000.00
2004/07/05,4.925,4.975,4.925,4.950,650,322100.00
2004/07/06,5.000,5.050,4.975,5.050,2259,1130404.00
2004/07/07,5.000,5.000,4.975,4.975,3200,1594500.00
2004/07/08,5.000,5.000,4.950,4.975,802,398820.00
2004/07/09,4.950,4.975,4.925,4.975,179,88712.00
2004/07/12,4.950,5.050,4.950,5.000,1180,589000.00
2004/07/13,4.975,4.975,4.975,4.975,660,328350.00
2004/07/14,4.950,4.950,4.950,4.950,220,108900.00
2004/07/15,4.925,4.950,4.925,4.950,485,240263.00
2004/07/16,4.950,4.950,4.950,4.950,0,0.00
2004/07/19,4.950,4.950,4.950,4.950,2840,1405800.00
2004/07/20,4.950,4.975,4.950,4.975,1600,794150.00
2004/07/21,5.000,5.000,5.000,5.000,1741,870965.00
2004/07/22,4.950,4.975,4.950,4.975,400,198750.00
2004/07/23,4.975,5.000,4.975,4.975,1300,648000.00
2004/07/26,4.975,4.975,4.975,4.975,1680,835800.00
2004/07/27,4.975,5.050,4.975,5.000,1060,529500.00
2004/07/28,5.000,5.000,4.975,5.000,360,179600.00
2004/07/29,4.925,4.925,4.925,4.925,320,157600.00
2004/07/30,5.050,5.100,5.000,5.000,1860,934800.00
2004/08/02,4.950,4.950,4.900,4.900,766,377445.00
2004/08/03,5.000,5.000,4.975,5.000,520,259800.00
2004/08/04,5.000,5.000,4.950,4.975,1740,862150.00
2004/08/05,4.975,5.000,4.975,5.000,796,398165.00
2004/08/06,5.000,5.050,4.975,5.050,1560,785800.00
2004/08/09,5.050,5.100,5.050,5.050,460,232600.00
2004/08/10,5.050,5.050,5.050,5.050,400,202000.00
2004/08/11,5.050,5.050,5.000,5.000,552,276380.00
2004/08/12,5.000,5.000,5.000,5.000,673,336317.00
2004/08/13,4.975,5.050,4.975,5.050,360,180500.00
2004/08/16,5.000,5.050,5.000,5.050,260,130500.00
2004/08/17,5.000,5.000,4.875,4.900,420,207400.00
2004/08/18,4.900,4.975,4.875,4.975,1540,756400.00
2004/08/19,4.900,4.950,4.900,4.950,720,356300.00
2004/08/20,4.950,4.950,4.950,4.950,0,0.00
2004/08/23,4.950,4.950,4.950,4.950,300,148500.00
2004/08/24,4.950,5.000,4.950,5.000,1300,646500.00
2004/08/25,5.050,5.100,5.050,5.100,1860,947400.00
2004/08/26,5.150,5.300,5.150,5.300,5860,3065600.00
2004/08/27,5.300,5.300,5.200,5.200,1800,939700.00
2004/08/30,5.200,5.200,5.150,5.200,392,202360.00
2004/08/31,5.150,5.200,5.150,5.200,240,123800.00
2004/09/01,5.250,5.450,5.250,5.250,2365,1263245.00
2004/09/02,5.250,5.450,5.250,5.350,2660,1431500.00
2004/09/03,5.400,5.400,5.300,5.300,2320,1236300.00
2004/09/06,5.400,5.600,5.400,5.550,3140,1727100.00
2004/09/07,5.600,5.750,5.600,5.750,4420,2502100.00
2004/09/08,5.850,5.850,5.600,5.650,2812,1600860.00
2004/09/09,5.550,5.600,5.400,5.450,2510,1373950.00
2004/09/10,5.400,5.450,5.400,5.400,1240,670600.00
2004/09/13,5.500,5.500,5.500,5.500,320,175900.00
2004/09/14,5.500,5.500,5.500,5.500,300,165000.00
2004/09/15,5.400,5.500,5.350,5.500,1639,888796.00
2004/09/16,5.450,5.600,5.450,5.550,1620,895600.00
2004/09/17,5.500,5.550,5.500,5.500,280,154500.00
2004/09/20,5.500,5.550,5.500,5.500,720,397400.00
2004/09/21,5.550,5.550,5.450,5.500,1600,880200.00
2004/09/22,5.500,5.500,5.450,5.450,600,328500.00
2004/09/23,5.400,5.500,5.400,5.500,1000,545100.00
2004/09/24,5.400,5.400,5.400,5.400,620,334800.00
2004/09/27,5.400,5.400,5.400,5.400,600,324000.00
2004/09/28,5.350,5.500,5.350,5.500,960,519700.00
2004/09/30,5.500,5.550,5.450,5.500,640,351900.00
2004/10/04,5.600,5.600,5.500,5.600,1990,1114050.00
2004/10/05,5.600,5.600,5.600,5.600,900,504100.00
2004/10/06,5.600,5.600,5.600,5.600,960,537600.00
2004/10/07,5.600,5.600,5.550,5.600,600,335500.00
2004/10/08,5.600,5.700,5.500,5.600,3600,2019100.00
2004/10/11,5.600,5.650,5.600,5.650,2340,1317300.00
2004/10/12,5.700,5.750,5.650,5.750,2620,1491900.00
2004/10/13,5.750,5.800,5.700,5.800,3465,1994719.00
2004/10/14,5.750,5.750,5.700,5.750,1440,826600.00
2004/10/15,5.750,5.750,5.750,5.750,2301,1323111.00
2004/10/18,5.750,5.750,5.750,5.750,2320,1334000.00
2004/10/19,5.750,5.750,5.750,5.750,2880,1656000.00
2004/10/20,5.750,5.750,5.700,5.750,3080,1768000.00
2004/10/21,5.800,5.800,5.750,5.750,2920,1679200.00
2004/10/25,5.750,5.750,5.600,5.650,1860,1050800.00
2004/10/26,5.700,5.750,5.650,5.700,2280,1299600.00
2004/10/27,5.750,5.750,5.750,5.750,4580,2633500.00
2004/10/28,5.750,5.750,5.700,5.750,3320,1908800.00
2004/10/29,5.750,5.750,5.700,5.700,1960,1126800.00
2004/11/01,5.700,5.750,5.700,5.750,1740,999000.00
2004/11/02,5.750,5.800,5.750,5.750,2512,1444360.00
2004/11/03,5.750,5.900,5.750,5.850,2700,1575100.00
2004/11/04,5.850,6.050,5.850,6.000,4980,2977200.00
2004/11/05,6.000,6.100,5.950,5.950,15760,9428000.00
2004/11/08,5.950,6.000,5.950,6.000,4960,2952500.00
2004/11/09,5.950,6.000,5.950,5.950,5060,3022300.00
2004/11/10,5.950,6.000,5.950,5.950,10540,6280500.00
2004/11/11,6.000,6.000,5.900,5.950,6240,3713500.00
2004/11/12,6.000,6.000,5.950,6.000,12020,7155200.00
2004/11/15,5.950,6.050,5.950,5.950,3600,2151800.00
2004/11/16,5.950,5.950,5.900,5.900,3160,1864600.00
2004/11/17,5.900,5.900,5.850,5.850,2480,1453600.00
2004/11/18,5.850,5.900,5.800,5.800,2820,1651300.00
2004/11/19,5.850,5.850,5.800,5.800,9500,5540900.00
2004/11/22,5.750,5.800,5.750,5.800,5440,3154400.00
2004/11/23,5.850,5.950,5.800,5.900,13140,7735900.00
2004/11/24,6.150,6.350,6.000,6.350,22726,14033430.00
2004/11/25,6.300,6.500,6.150,6.200,15180,9537500.00
2004/11/26,6.200,6.200,6.100,6.150,5560,3410800.00
2004/11/29,6.150,6.150,6.100,6.100,1969,1210382.00
2004/11/30,6.050,6.200,6.000,6.100,9680,5938800.00
2004/12/01,6.100,6.100,6.050,6.050,4200,2542900.00
2004/12/02,6.100,6.100,6.050,6.050,1140,693400.00
2004/12/03,6.050,6.050,6.000,6.000,2640,1592900.00
2004/12/06,6.000,6.050,6.000,6.050,1940,1173600.00
2004/12/07,6.050,6.050,6.000,6.050,4560,2749000.00
2004/12/08,6.000,6.000,5.950,5.950,3000,1799000.00
2004/12/09,5.900,6.000,5.900,5.950,2560,1518800.00
2004/12/10,6.150,6.400,6.150,6.150,25552,15786000.00
2004/12/13,6.200,6.250,6.150,6.200,3245,2003022.00
2004/12/14,6.200,6.200,6.100,6.150,2120,1306100.00
2004/12/15,6.200,6.200,6.150,6.150,1979,1219681.00
2004/12/16,6.150,6.150,6.050,6.100,4300,2622400.00
2004/12/17,6.050,6.100,6.050,6.050,5380,3266600.00
2004/12/20,6.050,6.150,6.050,6.100,3460,2117600.00
2004/12/21,6.100,6.100,6.050,6.050,2840,1720500.00
2004/12/22,6.050,6.100,6.000,6.000,3600,2183400.00
2004/12/23,6.050,6.100,6.050,6.100,2460,1489800.00
2004/12/24,6.100,6.100,6.050,6.050,1320,798700.00
2004/12/28,6.000,6.050,6.000,6.050,2180,1317500.00
2004/12/29,6.100,6.100,6.050,6.050,4120,2497900.00
2004/12/30,6.100,6.250,6.100,6.150,8060,4993600.00
2004/12/31,6.200,6.350,6.200,6.350,7420,4676900.00
2005/01/03,6.400,6.500,6.400,6.450,6580,4237500.00
2005/01/04,6.400,6.400,6.300,6.350,7520,4771000.00
2005/01/05,6.300,6.300,6.200,6.200,11320,7042700.00
2005/01/06,6.200,6.250,6.100,6.200,5520,3423000.00
2005/01/07,6.250,6.300,6.050,6.100,15300,9420200.00
2005/01/10,6.050,6.200,6.000,6.150,2280,1390500.00
2005/01/11,6.150,6.250,6.150,6.200,5000,3109200.00
2005/01/12,6.200,6.200,6.150,6.200,4140,2556600.00
2005/01/13,6.200,6.250,6.200,6.250,400,248200.00
2005/01/14,6.200,6.250,6.200,6.200,1540,957100.00
2005/01/17,6.300,6.300,6.200,6.200,1400,871900.00
2005/01/18,6.200,6.250,6.200,6.200,2000,1240300.00
2005/01/19,6.250,6.250,6.250,6.250,2260,1412500.00
2005/01/20,6.250,6.250,6.200,6.200,3120,1935700.00
2005/01/21,6.250,6.250,6.200,6.250,6160,3828100.00
2005/01/24,6.200,6.250,6.200,6.200,1060,657700.00
2005/01/25,6.200,6.250,6.200,6.250,1240,771600.00
2005/01/26,6.250,6.250,6.200,6.200,640,399900.00
2005/01/27,6.300,6.350,6.250,6.300,3636,2294560.00
2005/01/28,6.400,6.400,6.300,6.350,1600,1016100.00
2005/01/31,6.400,6.500,6.400,6.450,8180,5281300.00
2005/02/01,6.450,6.450,6.400,6.400,2372,1527450.00
2005/02/02,6.400,6.500,6.350,6.500,2020,1300200.00
2005/02/03,6.500,6.600,6.400,6.550,7600,4976200.00
2005/02/04,6.550,6.550,6.500,6.500,5400,3525500.00
2005/02/07,6.550,6.800,6.550,6.800,8220,5506000.00
2005/02/08,6.800,6.950,6.800,6.900,7340,5041900.00
2005/02/14,6.900,7.000,6.900,6.950,9000,6256300.00
2005/02/15,6.950,6.950,6.900,6.900,6660,4601500.00
2005/02/16,6.950,6.950,6.900,6.950,6280,4355300.00
2005/02/17,6.900,6.950,6.900,6.900,2300,1592000.00
2005/02/18,6.900,6.950,6.900,6.900,5911,4100686.00
2005/02/21,6.950,7.000,6.900,6.900,5232,3627540.00
2005/02/22,6.900,6.950,6.900,6.900,8080,5578000.00
2005/02/23,6.900,6.950,6.900,6.950,5540,3835500.00
2005/02/24,6.950,7.000,6.950,7.000,2420,1693500.00
2005/02/25,7.050,7.050,7.000,7.050,2620,1844100.00
2005/02/28,7.100,7.300,7.100,7.200,5600,4035600.00
2005/03/01,7.100,7.200,7.100,7.200,1680,1201100.00
2005/03/02,7.200,7.200,6.900,6.950,9180,6455400.00
2005/03/03,7.000,7.000,6.500,6.500,16120,10771300.00
2005/03/04,6.500,6.700,6.400,6.500,19640,12781300.00
2005/03/07,6.550,6.550,6.500,6.550,5008,3271740.00
2005/03/08,6.550,6.650,6.550,6.650,1120,741800.00
2005/03/09,6.500,6.650,6.500,6.550,3360,2211500.00
2005/03/10,6.500,6.600,6.500,6.600,1220,798200.00
2005/03/11,6.600,6.600,6.600,6.600,60,39600.00
2005/03/14,6.700,6.750,6.650,6.750,2320,1553700.00
2005/03/15,6.750,6.750,6.700,6.750,2960,1989100.00
2005/03/16,6.800,6.800,6.750,6.750,860,581000.00
2005/03/17,6.700,6.800,6.700,6.800,1500,1018000.00
2005/03/18,6.800,6.800,6.650,6.750,3820,2571700.00
2005/03/21,6.750,6.750,6.700,6.750,2520,1696900.00
2005/03/22,6.750,6.750,6.750,6.750,2280,1539000.00
2005/03/23,6.750,6.750,6.700,6.700,2180,1462800.00
2005/03/24,6.700,6.700,6.700,6.700,0,0.00
2005/03/29,6.700,6.850,6.700,6.800,2780,1889100.00
2005/03/30,6.800,6.800,6.800,6.800,1180,802400.00
2005/03/31,6.800,6.950,6.750,6.950,4180,2859900.00
2005/04/01,6.950,6.950,6.850,6.850,2260,1558700.00
2005/04/04,6.900,6.950,6.900,6.950,3140,2172500.00
2005/04/06,6.950,7.000,6.900,7.000,3120,2168800.00
2005/04/07,6.950,6.950,6.950,6.950,2320,1612400.00
2005/04/08,6.950,6.950,6.950,6.950,1060,736700.00
2005/04/11,6.950,7.000,6.950,6.950,520,361900.00
2005/04/12,6.950,7.000,6.950,6.950,2560,1780600.00
2005/04/13,6.950,7.000,6.950,7.000,1370,957950.00
2005/04/14,6.900,6.900,6.850,6.850,1380,948000.00
2005/04/15,6.850,6.850,6.750,6.850,3340,2276500.00
2005/04/18,6.700,6.850,6.700,6.800,1480,1000000.00
2005/04/19,6.800,6.800,6.750,6.750,300,203000.00
2005/04/20,6.750,6.750,6.600,6.700,760,511300.00
2005/04/21,6.600,6.650,6.600,6.650,485,322128.00
2005/04/22,6.650,6.650,6.650,6.650,1080,718200.00
2005/04/25,6.650,6.700,6.650,6.700,160,107100.00
2005/04/26,6.800,6.800,6.750,6.800,4160,2811400.00
2005/04/27,6.750,6.750,6.650,6.700,2600,1745000.00
2005/04/28,6.700,6.700,6.700,6.700,4380,2934600.00
2005/04/29,6.750,6.900,6.750,6.900,6380,4339200.00
2005/05/03,7.000,7.000,6.900,6.900,3056,2126502.00
2005/05/04,6.950,7.050,6.950,7.050,4860,3399700.00
2005/05/05,7.050,7.200,7.050,7.200,3480,2474500.00
2005/05/06,7.050,7.150,7.050,7.100,1660,1179200.00
2005/05/09,7.050,7.100,7.050,7.100,860,608400.00
2005/05/10,7.100,7.100,7.100,7.100,2960,2101600.00
2005/05/11,7.100,7.100,7.050,7.100,3700,2622700.00
2005/05/12,7.100,7.100,7.100,7.100,820,582200.00
2005/05/13,7.100,7.150,7.100,7.100,1200,852100.00
2005/05/17,7.100,7.150,7.050,7.050,280,198700.00
2005/05/18,7.100,7.150,7.100,7.150,2560,1820800.00
2005/05/19,7.200,7.350,7.200,7.200,5924,4314420.00
2005/05/20,7.200,7.200,7.200,7.200,260,187200.00
2005/05/23,7.200,7.250,7.200,7.200,1540,1113500.00
2005/05/24,7.250,7.300,7.250,7.250,1260,918500.00
2005/05/25,7.200,7.200,7.200,7.200,320,230400.00
2005/05/26,7.250,7.250,7.150,7.200,920,661100.00
2005/05/27,7.250,7.300,7.250,7.250,1180,855900.00
2005/05/30,7.250,7.250,7.200,7.200,1460,1056800.00
2005/05/31,7.300,7.350,7.300,7.300,4462,3259430.00
2005/06/01,7.300,7.350,7.300,7.350,1906,1392076.00
2005/06/02,7.350,7.350,7.300,7.300,1560,1146400.00
2005/06/03,7.300,7.300,7.300,7.300,1940,1416400.00
2005/06/06,7.300,7.300,7.300,7.300,700,511000.00
2005/06/07,7.300,7.350,7.300,7.350,1180,866600.00
2005/06/08,7.350,7.350,7.350,7.350,1140,837900.00
2005/06/09,7.350,7.350,7.350,7.350,800,588000.00
2005/06/10,7.400,7.450,7.400,7.450,2160,1599400.00
2005/06/13,7.450,7.500,7.450,7.500,1660,1237100.00
2005/06/14,7.400,7.450,7.400,7.450,1380,1022000.00
2005/06/15,7.400,7.700,7.400,7.650,3184,2409360.00
2005/06/16,7.600,7.700,7.600,7.650,768,588460.00
2005/06/17,7.700,7.800,7.650,7.750,2040,1576900.00
2005/06/20,7.750,7.800,7.750,7.800,2500,1938400.00
2005/06/21,7.750,7.750,7.700,7.750,940,722700.00
2005/06/22,7.750,7.800,7.700,7.800,2020,1571300.00
2005/06/23,7.650,7.800,7.650,7.800,1340,1044200.00
2005/06/24,7.800,7.800,7.700,7.750,540,417100.00
2005/06/27,7.750,7.750,7.700,7.750,1100,849000.00
2005/06/28,7.800,7.800,7.750,7.750,2420,1881700.00
2005/06/29,7.800,7.800,7.700,7.750,1840,1424100.00
2005/06/30,7.750,7.750,7.500,7.550,3766,2857749.00
2005/07/04,7.450,7.700,7.450,7.600,1840,1385100.00
2005/07/05,7.500,7.650,7.500,7.650,1080,818900.00
2005/07/06,7.700,7.750,7.700,7.700,1184,912571.00
2005/07/07,7.600,7.600,7.600,7.600,20,15200.00
2005/07/08,7.600,7.600,7.500,7.500,260,196700.00
2005/07/11,7.500,7.500,7.500,7.600,1040,780000.00
2005/07/12,7.650,7.650,7.550,7.550,260,197200.00
2005/07/13,7.600,7.700,7.600,7.650,2267,1735664.00
2005/07/14,7.700,7.750,7.650,7.700,3088,2379200.00
2005/07/15,7.700,7.750,7.700,7.750,1580,1218100.00
2005/07/18,7.750,7.750,7.650,7.700,3560,2731700.00
2005/07/19,7.650,7.700,7.650,7.700,1540,1183800.00
2005/07/20,7.700,7.750,7.700,7.750,1906,1473050.00
2005/07/21,7.750,7.900,7.700,7.750,5720,4452300.00
2005/07/22,7.750,7.750,7.700,7.700,2080,1609100.00
2005/07/25,7.750,7.800,7.700,7.750,5240,4054100.00
2005/07/26,7.700,7.750,7.700,7.700,1300,1006100.00
2005/07/27,7.700,7.750,7.700,7.750,1560,1206900.00
2005/07/28,7.750,7.800,7.750,7.800,2400,1868100.00
2005/07/29,7.750,7.800,7.750,7.800,1380,1072000.00
2005/08/01,7.750,7.750,7.700,7.750,220,170000.00
2005/08/02,7.750,7.850,7.700,7.850,1800,1397300.00
2005/08/03,7.800,8.000,7.800,7.950,3580,2825900.00
2005/08/04,8.000,8.200,8.000,8.150,3320,2697900.00
2005/08/05,8.100,8.100,8.050,8.100,1060,855000.00
2005/08/08,8.100,8.200,8.100,8.200,2700,2200000.00
2005/08/09,8.100,8.150,8.100,8.150,1320,1075400.00
2005/08/10,8.150,8.200,8.150,8.150,1046,854488.00
2005/08/11,8.150,8.150,8.100,8.100,320,260000.00
2005/08/12,8.100,8.100,8.100,8.100,470,380700.00
2005/08/15,8.100,8.100,8.050,8.100,1126,911256.00
2005/08/16,8.050,8.050,8.050,8.050,580,466900.00
2005/08/17,8.050,8.050,8.000,8.000,600,481300.00
2005/08/18,8.000,8.000,7.900,7.950,8940,7117300.00
2005/08/19,7.900,7.900,7.900,7.900,1000,790000.00
2005/08/22,7.950,7.950,7.950,7.950,1140,906300.00
2005/08/23,7.900,7.950,7.900,7.900,945,748566.00
2005/08/24,7.850,7.950,7.700,7.900,700,551900.00
2005/08/25,7.900,7.900,7.800,7.850,680,531800.00
2005/08/26,7.850,7.850,7.700,7.750,880,680900.00
2005/08/29,7.750,7.750,7.700,7.700,920,708900.00
2005/08/30,7.750,7.800,7.750,7.800,1840,1427900.00
2005/08/31,7.800,7.800,7.700,7.800,560,436100.00
2005/09/01,7.800,7.800,7.750,7.800,360,280400.00
2005/09/02,7.800,7.800,7.800,7.800,120,93600.00
2005/09/05,7.850,7.850,7.800,7.800,360,281200.00
2005/09/06,7.800,7.900,7.800,7.900,300,235400.00
2005/09/07,7.950,7.950,7.850,7.950,1140,904700.00
2005/09/08,7.850,7.900,7.800,7.800,1000,788000.00
2005/09/09,7.700,7.800,7.700,7.800,140,108000.00
2005/09/12,7.800,7.850,7.750,7.850,1500,1169700.00
2005/09/13,7.750,7.800,7.750,7.800,60,46700.00
2005/09/14,7.850,7.850,7.800,7.850,940,733400.00
2005/09/15,7.800,7.800,7.800,7.800,140,109200.00
2005/09/16,7.800,7.800,7.800,7.800,340,265200.00
2005/09/20,7.850,7.850,7.800,7.800,282,220842.00
2005/09/21,7.800,7.800,7.800,7.850,100,78000.00
2005/09/22,7.850,7.850,7.800,7.800,540,421300.00
2005/09/23,7.850,7.850,7.650,7.800,340,263208.00
2005/09/26,7.800,7.800,7.700,7.800,1200,933000.00
2005/09/27,7.750,7.800,7.700,7.700,580,448200.00
2005/09/28,7.700,7.700,7.700,7.700,0,0.00
2005/09/29,7.600,7.650,7.600,7.650,453,345900.00
2005/09/30,7.650,7.700,7.650,7.650,380,290900.00
2005/10/03,7.650,7.700,7.650,7.650,2160,1658700.00
2005/10/04,7.650,7.850,7.650,7.750,380,294400.00
2005/10/05,7.750,7.750,7.750,7.750,1460,1131500.00
2005/10/06,7.700,7.750,7.700,7.750,1260,971500.00
2005/10/07,7.700,7.750,7.700,7.750,1620,1252200.00
2005/10/10,7.750,7.750,7.750,7.750,980,759500.00
2005/10/12,7.700,7.700,7.650,7.700,86,65810.00
2005/10/13,7.650,7.650,7.550,7.550,640,484400.00
2005/10/14,7.550,7.550,7.450,7.500,460,344700.00
2005/10/17,7.400,7.400,7.400,7.400,60,44400.00
2005/10/18,7.400,7.400,7.400,7.400,220,162800.00
2005/10/19,7.300,7.350,7.250,7.300,3300,2412000.00
2005/10/20,7.300,7.350,7.300,7.350,1240,906700.00
2005/10/21,7.300,7.350,7.300,7.350,350,255950.00
2005/10/24,7.350,7.400,7.350,7.350,1640,1205900.00
2005/10/25,7.400,7.450,7.400,7.450,1012,750460.00
2005/10/26,7.450,7.450,7.400,7.400,1760,1304400.00
2005/10/27,7.450,7.450,7.450,7.450,2060,1534700.00
2005/10/28,7.450,7.450,7.450,7.450,1220,908900.00
2005/10/31,7.450,7.500,7.450,7.500,680,509800.00
2005/11/01,7.500,7.500,7.500,7.500,540,405000.00
2005/11/02,7.500,7.500,7.500,7.500,540,405000.00
2005/11/03,7.500,7.550,7.500,7.500,2300,1725400.00
2005/11/04,7.500,7.500,7.450,7.450,1708,1281068.00
2005/11/07,7.450,7.450,7.450,7.450,440,327800.00
2005/11/08,7.450,7.500,7.450,7.500,1620,1207100.00
2005/11/09,7.500,7.500,7.450,7.500,1200,894500.00
2005/11/10,7.500,7.500,7.450,7.450,3820,2846900.00
2005/11/11,7.350,7.400,7.250,7.300,560,409200.00
2005/11/14,7.400,7.500,7.400,7.400,1460,1081400.00
2005/11/15,7.450,7.450,7.400,7.400,1260,934900.00
2005/11/16,7.500,7.500,7.400,7.400,2160,1600700.00
2005/11/17,7.450,7.450,7.400,7.400,1600,1186000.00
2005/11/18,7.450,7.450,7.400,7.400,3160,2341200.00
2005/11/21,7.450,7.450,7.400,7.400,1880,1392300.00
2005/11/22,7.450,7.500,7.450,7.450,200,149300.00
2005/11/23,7.450,7.500,7.450,7.450,740,552900.00
2005/11/24,7.500,7.550,7.450,7.500,880,660100.00
2005/11/25,7.450,7.450,7.450,7.450,900,670500.00
2005/11/28,7.400,7.450,7.400,7.400,580,429300.00
2005/11/29,7.450,7.500,7.450,7.450,740,551700.00
2005/11/30,7.450,7.450,7.400,7.400,620,460400.00
2005/12/01,7.450,7.450,7.400,7.450,760,564600.00
2005/12/02,7.400,7.500,7.400,7.450,580,432400.00
2005/12/05,7.400,7.400,7.400,7.400,440,325600.00
2005/12/06,7.400,7.450,7.400,7.400,2100,1556000.00
2005/12/07,7.450,7.500,7.400,7.400,840,627100.00
2005/12/08,7.450,7.600,7.450,7.500,1684,1267700.00
2005/12/09,7.600,7.650,7.550,7.550,600,455200.00
2005/12/12,7.600,7.700,7.600,7.600,100,76200.00
2005/12/13,7.750,7.750,7.600,7.700,1360,1044400.00
2005/12/14,7.700,7.700,7.700,7.700,440,338800.00
2005/12/15,7.700,7.700,7.650,7.650,380,292400.00
2005/12/16,7.650,7.650,7.600,7.600,420,320700.00
2005/12/19,7.600,7.700,7.600,7.700,550,422150.00
2005/12/20,7.650,7.650,7.600,7.600,440,335200.00
2005/12/21,7.650,7.650,7.600,7.600,420,320350.00
2005/12/22,7.650,7.650,7.650,7.650,80,61200.00
2005/12/23,7.650,7.650,7.650,7.650,0,0.00
2005/12/28,7.650,7.700,7.650,7.700,120,91900.00
2005/12/29,7.650,7.650,7.650,7.650,300,229500.00
2005/12/30,7.700,7.750,7.700,7.700,900,693200.00
2006/01/03,7.800,7.850,7.800,7.850,1820,1420200.00
2006/01/04,7.900,8.050,7.900,8.000,8929,7139407.00
2006/01/05,8.050,8.200,8.050,8.150,11360,9242000.00
2006/01/06,8.100,8.150,8.000,8.050,3040,2448100.00
2006/01/09,8.100,8.350,8.100,8.350,6020,4991700.00
2006/01/10,8.300,8.300,8.150,8.300,1688,1383560.00
2006/01/11,8.200,8.300,8.200,8.200,1380,1133900.00
2006/01/12,8.150,8.150,8.100,8.150,3940,3209300.00
2006/01/13,8.150,8.150,8.100,8.150,2000,1626300.00
2006/01/16,8.150,8.350,8.150,8.200,3590,2949000.00
2006/01/17,8.200,8.200,8.150,8.150,1780,1451500.00
2006/01/18,8.150,8.150,8.100,8.100,2680,2182900.00
2006/01/19,8.150,8.150,8.100,8.150,140,113800.00
2006/01/20,8.150,8.150,8.000,8.100,1120,901700.00
2006/01/23,8.000,8.100,8.000,8.100,660,530400.00
2006/01/24,8.000,8.100,8.000,8.000,860,690900.00
2006/01/25,8.000,8.100,8.000,8.000,1936,1557840.00
2006/01/26,8.000,8.050,8.000,8.050,1320,1060400.00
2006/01/27,8.150,8.200,8.100,8.150,6500,5299300.00
2006/02/01,8.150,8.200,8.150,8.150,4840,3945300.00
2006/02/02,8.100,8.100,8.050,8.100,1660,1344100.00
2006/02/03,8.050,8.050,7.950,8.000,3060,2445400.00
2006/02/06,8.150,8.400,8.150,8.350,4580,3791200.00
2006/02/07,8.500,8.900,8.500,8.700,8200,7154900.00
2006/02/08,8.750,8.750,8.500,8.550,2060,1774900.00
2006/02/09,8.650,8.650,8.400,8.400,4236,3593212.00
2006/02/10,8.400,8.550,8.350,8.550,5440,4580700.00
2006/02/13,8.500,8.900,8.450,8.550,6346,5491143.00
2006/02/14,8.550,8.750,8.550,8.700,1220,1062300.00
2006/02/15,8.800,8.900,8.700,8.850,4044,3567260.00
2006/02/16,8.850,9.200,8.800,9.100,10228,9222520.00
2006/02/17,8.900,9.100,8.850,9.050,2524,2259280.00
2006/02/20,9.050,9.200,9.000,9.200,2588,2374140.00
2006/02/21,9.150,9.150,9.050,9.100,1720,1569300.00
2006/02/22,9.000,9.100,8.950,9.100,2260,2036700.00
2006/02/23,9.050,9.100,9.000,9.050,1040,942700.00
2006/02/24,9.100,9.100,9.000,9.000,917,832250.00
2006/02/27,9.000,9.050,8.950,9.000,680,612700.00
2006/02/28,9.000,9.100,9.000,9.100,1240,1122600.00
2006/03/01,9.050,9.050,9.050,9.050,0,0.00
2006/03/02,9.050,9.100,9.050,9.050,480,435000.00
2006/03/03,9.050,9.050,9.050,9.050,0,0.00
2006/03/06,8.900,8.900,8.800,8.800,320,282200.00
2006/03/07,8.800,8.800,8.650,8.700,480,419300.00
2006/03/08,8.600,8.650,8.500,8.600,900,770400.00
2006/03/09,8.500,8.700,8.500,8.700,960,828200.00
2006/03/10,8.700,8.700,8.700,8.700,0,0.00
2006/03/13,8.700,8.800,8.650,8.800,1040,908500.00
2006/03/14,8.800,9.000,8.750,8.950,2966,2635176.00
2006/03/15,9.000,9.000,8.950,9.000,1240,1114000.00
2006/03/16,9.050,9.050,8.950,8.950,1710,1536150.00
2006/03/17,9.000,9.050,9.000,9.000,999,902524.00
2006/03/20,9.100,9.100,9.000,9.100,800,726200.00
2006/03/21,9.000,9.100,9.000,9.100,2420,2197700.00
2006/03/22,9.100,9.100,9.050,9.100,4400,4003900.00
2006/03/23,9.150,9.150,9.100,9.150,1020,931900.00
2006/03/24,9.150,9.200,9.100,9.200,1860,1702400.00
2006/03/27,9.150,9.200,9.100,9.200,420,384600.00
2006/03/28,9.150,9.200,9.150,9.200,1700,1562300.00
2006/03/29,9.100,9.200,9.100,9.150,300,275000.00
2006/03/30,9.150,9.150,9.100,9.150,560,510700.00
2006/03/31,9.200,9.200,9.100,9.100,646,591274.00
2006/04/03,9.100,9.200,9.100,9.100,220,200400.00
2006/04/04,9.100,9.200,9.100,9.200,900,823100.00
2006/04/06,9.200,9.450,9.200,9.400,2265,2117436.00
2006/04/07,9.450,9.550,9.450,9.550,3180,3029100.00
2006/04/10,9.550,9.650,9.550,9.650,1340,1281100.00
2006/04/11,9.550,9.550,9.500,9.500,359,342152.00
2006/04/12,9.800,9.800,9.700,9.800,2320,2272600.00
2006/04/13,9.700,9.700,9.700,9.700,560,544200.00
2006/04/18,9.500,9.800,9.500,9.700,360,349000.00
2006/04/19,9.550,9.600,9.550,9.550,620,592800.00
2006/04/20,9.750,9.750,9.500,9.550,940,900200.00
2006/04/21,9.600,9.600,9.400,9.400,811,772116.00
2006/04/24,9.400,9.450,9.300,9.450,1040,977200.00
2006/04/25,9.400,9.400,9.200,9.300,660,612700.00
2006/04/26,9.200,9.300,9.150,9.300,520,479700.00
2006/04/27,9.300,9.300,9.300,9.300,0,0.00
2006/04/28,9.000,9.500,9.000,9.450,426,398460.00
2006/05/02,9.550,9.700,9.550,9.600,780,752100.00
2006/05/03,9.700,9.750,9.650,9.750,380,369100.00
2006/05/04,9.750,9.800,9.700,9.800,2880,2806500.00
2006/05/08,9.800,10.500,9.750,10.450,9404,9438840.00
2006/05/09,10.400,10.400,10.200,10.250,2180,2234300.00
2006/05/10,10.250,10.250,10.150,10.150,726,740000.00
2006/05/11,10.250,10.250,10.000,10.000,560,564900.00
2006/05/12,9.750,9.850,9.750,9.850,1551,1522236.00
2006/05/15,9.650,9.650,9.450,9.500,660,635964.00
2006/05/16,9.500,9.500,9.400,9.500,1480,1402400.00
2006/05/17,9.500,9.500,9.400,9.500,1360,1290100.00
2006/05/18,9.300,9.400,9.250,9.400,1560,1451600.00
2006/05/19,9.400,9.400,9.300,9.300,126,118124.00
2006/05/22,9.250,9.250,9.000,9.050,1060,967500.00
2006/05/23,8.950,9.050,8.900,9.000,780,699200.00
2006/05/24,8.950,8.950,8.700,8.800,2260,1984300.00
2006/05/25,8.800,8.800,8.550,8.700,2180,1887100.00
2006/05/26,8.800,8.950,8.750,8.950,1080,953300.00
2006/05/29,8.950,8.950,8.800,8.900,540,479000.00
2006/05/30,8.900,8.900,8.900,8.900,340,302600.00
2006/06/01,8.900,8.900,8.800,8.800,180,159500.00
2006/06/02,8.900,8.900,8.850,8.850,1000,888200.00
2006/06/05,8.900,9.050,8.900,8.950,700,625800.00
2006/06/06,8.950,8.950,8.950,8.950,200,179000.00
2006/06/07,8.950,8.950,8.950,8.950,180,161100.00
2006/06/08,8.800,8.850,8.750,8.750,240,210500.00
2006/06/09,8.700,8.700,8.700,8.750,120,104400.00
2006/06/12,8.750,8.750,8.700,8.700,120,104600.00
2006/06/13,8.700,8.700,8.700,8.700,0,0.00
2006/06/14,8.650,8.700,8.500,8.700,1546,1341612.00
2006/06/15,8.700,9.050,8.600,9.050,11132,9718461.00
2006/06/16,9.000,9.000,9.000,9.000,1860,1674000.00
2006/06/19,8.900,8.900,8.900,8.900,0,0.00
2006/06/20,8.900,8.900,8.900,8.900,20,17800.00
2006/06/21,8.900,8.900,8.900,8.900,20,17800.00
2006/06/22,8.900,8.900,8.900,8.900,380,338200.00
2006/06/23,8.900,8.900,8.850,8.900,220,195700.00
2006/06/26,8.900,8.900,8.900,8.900,0,0.00
2006/06/27,8.800,8.800,8.800,8.800,140,123200.00
2006/06/28,8.800,8.800,8.550,8.800,0,171.00
2006/06/29,8.750,8.750,8.700,8.750,2920,2550000.00
2006/06/30,8.900,9.050,8.900,9.050,1740,1554400.00
2006/07/03,9.000,9.000,9.000,9.000,600,540000.00
2006/07/04,9.000,9.000,9.000,9.000,640,576000.00
2006/07/05,9.000,9.000,9.000,9.000,1000,900000.00
2006/07/06,9.000,9.000,9.000,9.000,920,828000.00
2006/07/07,9.000,9.050,9.000,9.050,2420,2179000.00
2006/07/10,9.000,9.050,8.900,9.050,1511,1360680.00
2006/07/11,9.000,9.000,8.950,9.000,1300,1169500.00
2006/07/12,9.000,9.000,9.000,9.000,400,360000.00
2006/07/13,9.000,9.000,8.650,8.700,6560,5744400.00
2006/07/14,8.700,8.700,8.500,8.700,1400,1209800.00
2006/07/17,8.700,8.700,8.700,8.700,400,348000.00
2006/07/18,8.700,8.750,8.700,8.750,741,645608.00
2006/07/19,8.750,8.750,8.750,8.750,693,606339.00
2006/07/20,9.000,9.250,8.850,9.200,2360,2115500.00
2006/07/21,9.200,9.250,9.200,9.250,400,369000.00
2006/07/24,9.240,9.240,9.240,9.240,0,0.00
2006/07/25,9.240,9.250,9.200,9.200,520,478920.00
2006/07/26,9.010,9.250,9.010,9.160,220,199400.00
2006/07/27,9.070,9.190,9.060,9.160,300,272960.00
2006/07/28,9.100,9.140,9.020,9.160,800,725740.00
2006/07/31,9.060,9.110,9.050,9.090,693,629597.00
2006/08/01,9.100,9.100,9.050,9.100,1953,1775504.00
2006/08/02,9.100,9.130,9.080,9.110,1080,981140.00
2006/08/03,9.200,9.200,9.150,9.150,426,391513.00
2006/08/04,9.100,9.150,9.010,9.100,900,816100.00
2006/08/07,9.080,9.120,9.050,9.080,940,852380.00
2006/08/08,9.080,9.170,9.080,9.160,740,673840.00
2006/08/09,9.200,9.300,9.180,9.280,1520,1405920.00
2006/08/10,9.080,9.350,9.080,9.300,960,890900.00
2006/08/11,9.300,9.300,9.110,9.300,700,643560.00
2006/08/14,9.200,9.200,9.110,9.200,700,640300.00
2006/08/15,9.150,9.200,9.150,9.200,620,568800.00
2006/08/16,9.250,9.300,9.230,9.280,1280,1185020.00
2006/08/17,9.280,9.310,9.200,9.200,1080,1002100.00
2006/08/18,9.200,9.200,9.140,9.140,160,146840.00
2006/08/21,9.100,9.100,9.070,9.070,420,375720.00
2006/08/22,9.100,9.100,9.090,9.100,480,436760.00
2006/08/23,9.090,9.120,9.090,9.120,480,436920.00
2006/08/24,9.120,9.120,9.100,9.100,380,345960.00
2006/08/25,9.100,9.100,9.100,9.100,100,91000.00
2006/08/28,9.000,9.000,9.000,9.000,0,0.00
2006/08/29,9.100,9.100,9.050,9.050,513,465596.00
2006/08/30,9.050,9.050,9.050,9.050,60,54300.00
2006/08/31,9.050,9.100,9.050,9.100,140,127140.00
2006/09/01,9.110,9.110,9.110,9.110,41,37761.00
2006/09/04,9.200,9.200,9.120,9.120,100,91680.00
2006/09/05,9.000,9.150,9.000,9.110,380,345080.00
2006/09/06,9.110,9.110,9.000,9.110,550,500420.00
2006/09/07,9.100,9.100,9.000,9.020,200,181080.00
2006/09/08,9.100,9.100,9.080,9.080,239,217825.00
2006/09/11,8.980,9.080,8.980,9.080,420,379200.00
2006/09/12,9.050,9.090,9.020,9.020,100,90520.00
2006/09/13,9.050,9.110,9.050,9.110,340,308020.00
2006/09/14,9.040,9.080,9.040,9.070,380,344400.00
2006/09/15,9.080,9.090,9.070,9.080,400,363120.00
2006/09/18,9.090,9.150,9.090,9.150,420,382980.00
2006/09/19,9.150,9.150,9.080,9.080,940,854380.00
2006/09/20,9.080,9.080,9.080,9.080,540,490320.00
2006/09/21,9.080,9.080,9.060,9.100,2640,2395380.00
2006/09/22,9.080,9.080,9.050,9.080,360,326700.00
2006/09/25,9.080,9.080,9.060,9.080,684,620984.00
2006/09/26,9.080,9.080,9.010,9.040,120,108580.00
2006/09/27,9.000,9.060,9.000,9.060,540,486840.00
2006/09/28,9.120,9.120,9.090,9.100,460,418500.00
2006/09/29,9.000,9.100,9.000,9.020,440,398160.00
2006/10/03,9.120,9.160,9.120,9.160,320,291920.00
2006/10/04,9.050,9.110,9.050,9.110,100,90740.00
2006/10/05,9.200,9.200,9.180,9.190,220,202120.00
2006/10/06,9.150,9.150,9.140,9.140,258,235850.00
2006/10/09,9.100,9.100,8.980,9.010,980,886200.00
2006/10/10,9.110,9.110,9.000,9.010,300,271320.00
2006/10/11,8.960,8.960,8.950,8.980,260,232800.00
2006/10/12,8.940,8.940,8.940,8.940,40,35760.00
2006/10/13,8.940,9.000,8.940,9.000,140,125880.00
2006/10/16,9.000,9.000,8.920,8.980,620,556840.00
2006/10/17,8.980,8.980,8.980,8.990,80,71840.00
2006/10/18,9.000,9.010,9.000,9.000,140,126020.00
2006/10/19,9.050,9.090,9.030,9.090,3110,2815150.00
2006/10/20,9.050,9.080,9.050,9.080,460,417140.00
2006/10/23,9.080,9.080,9.060,9.060,460,417100.00
2006/10/24,9.050,9.060,9.050,9.050,140,126720.00
2006/10/25,9.050,9.050,8.960,9.010,460,415060.00
2006/10/26,9.000,9.000,8.960,8.960,602,541204.00
2006/10/27,8.960,8.960,8.900,8.900,140,125240.00
2006/10/31,8.900,8.900,8.900,8.960,40,35600.00
2006/11/01,8.980,8.980,8.980,8.980,80,71840.00
2006/11/02,9.000,9.000,8.990,9.000,1000,899600.00
2006/11/03,9.000,9.010,8.950,8.950,1200,1080000.00
2006/11/06,9.000,9.000,8.950,8.960,680,609560.00
2006/11/07,8.960,9.000,8.950,9.000,1305,1173722.00
2006/11/08,9.000,9.000,8.960,8.980,840,755740.00
2006/11/09,9.000,9.000,8.990,8.990,140,125980.00
2006/11/10,8.950,9.000,8.950,9.000,244,219140.00
2006/11/13,8.950,8.950,8.900,8.950,400,357620.00
2006/11/14,8.940,8.960,8.900,8.900,160,143120.00
2006/11/15,8.930,9.000,8.920,9.000,720,645540.00
2006/11/16,8.980,8.980,8.900,8.980,365,326422.00
2006/11/17,8.980,8.980,8.960,8.960,940,842660.00
2006/11/20,8.960,8.960,8.960,8.960,60,53760.00
2006/11/21,9.000,9.000,8.970,9.000,1628,1464414.00
2006/11/22,8.960,8.980,8.960,8.990,85,76864.00
2006/11/23,9.000,9.060,8.930,9.050,1350,1216100.00
2006/11/24,9.000,9.000,9.000,9.000,470,423200.00
2006/11/27,8.980,8.980,8.960,8.960,60,53840.00
2006/11/28,8.950,8.950,8.800,8.800,360,321340.00
2006/11/29,8.980,8.980,8.980,8.980,40,35920.00
2006/11/30,9.000,9.020,8.990,9.020,900,809600.00
2006/12/01,9.020,9.020,8.980,8.980,760,684840.00
2006/12/04,8.980,8.980,8.980,8.980,0,0.00
2006/12/05,9.000,9.020,9.000,9.020,440,396080.00
2006/12/06,9.000,9.000,8.980,8.990,465,419022.00
2006/12/07,8.980,8.990,8.940,8.980,480,431060.00
2006/12/08,8.920,8.970,8.900,8.900,280,250560.00
2006/12/11,8.800,8.900,8.800,8.890,300,265400.00
2006/12/12,8.890,8.890,8.870,8.890,200,177640.00
2006/12/13,8.850,9.000,8.850,8.920,80,71540.00
2006/12/14,9.000,9.000,8.940,8.980,420,376860.00
2006/12/15,8.990,9.000,8.990,9.000,220,197940.00
2006/12/18,8.900,9.030,8.900,9.000,1020,917380.00
2006/12/19,9.000,9.000,9.000,9.000,0,0.00
2006/12/20,8.950,9.000,8.950,9.000,80,71740.00
2006/12/21,9.000,9.000,8.940,9.000,520,467520.00
2006/12/22,9.010,9.010,9.000,9.000,200,180100.00
2006/12/27,9.200,9.200,9.000,9.110,1580,1430520.00
2006/12/28,9.110,9.110,9.080,9.080,1400,1271500.00
2006/12/29,9.120,9.150,9.120,9.150,739,675139.00
2007/01/02,9.200,9.200,9.180,9.200,1320,1213540.00
2007/01/03,9.400,9.400,9.360,9.400,1388,1304200.00
2007/01/04,9.450,9.500,9.400,9.400,1340,1265000.00
2007/01/05,9.400,9.460,9.400,9.450,1780,1673960.00
2007/01/08,9.500,9.600,9.450,9.560,1160,1105260.00
2007/01/09,9.500,9.620,9.500,9.620,580,555240.00
2007/01/10,9.700,10.140,9.620,10.100,7179,7112220.00
2007/01/11,10.200,10.700,10.200,10.680,6660,7016080.00
2007/01/12,10.800,11.980,10.740,11.980,8940,10152320.00
2007/01/15,12.000,13.600,12.000,12.880,10475,13550690.00
2007/01/16,12.880,12.880,11.400,11.900,5320,6342920.00
2007/01/17,11.660,11.960,11.200,11.560,3279,3793892.00
2007/01/18,11.600,11.800,11.600,11.800,2980,3477320.00
2007/01/19,11.920,11.920,11.500,11.560,880,1022040.00
2007/01/22,11.460,11.560,11.380,11.400,1170,1340300.00
2007/01/23,11.220,11.400,11.200,11.260,1032,1161040.00
2007/01/24,11.200,11.220,11.100,11.120,1880,2099040.00
2007/01/25,11.000,11.000,10.900,11.000,1340,1468360.00
2007/01/26,10.880,10.960,10.840,10.900,1000,1089240.00
2007/01/29,10.900,11.000,10.800,10.840,413,450258.00
2007/01/30,10.880,11.100,10.300,10.860,1220,1312160.00
2007/01/31,11.000,11.000,10.520,10.700,1640,1749920.00
2007/02/01,10.800,10.800,10.600,10.800,720,774080.00
2007/02/02,10.800,11.000,10.800,10.900,246,269512.00
2007/02/05,11.000,11.240,10.900,10.900,540,592040.00
2007/02/06,11.260,11.300,11.000,11.000,630,700640.00
2007/02/07,11.020,11.300,11.020,11.200,860,967920.00
2007/02/08,11.520,11.520,11.220,11.500,940,1076600.00
2007/02/09,11.500,12.000,11.500,11.980,2040,2407760.00
2007/02/12,11.960,12.000,11.900,11.980,820,981320.00
2007/02/13,11.980,11.980,11.420,11.800,240,282320.00
2007/02/14,11.800,11.840,11.800,11.800,340,401360.00
2007/02/15,11.900,11.900,11.700,11.780,240,281880.00
2007/02/16,11.380,11.680,11.380,11.600,400,462360.00
2007/02/21,11.300,11.800,11.300,11.400,560,647720.00
2007/02/22,11.000,11.560,11.000,11.460,880,1010080.00
2007/02/23,11.300,11.600,11.300,11.480,710,814480.00
2007/02/26,11.700,12.000,11.640,12.000,1520,1801040.00
2007/02/27,12.000,12.100,11.980,12.060,2380,2861437.00
2007/02/28,11.800,11.800,11.000,11.400,4211,4858723.00
2007/03/01,11.560,11.560,11.500,11.500,3320,3788600.00
2007/03/02,11.380,11.400,11.380,11.500,140,159400.00
2007/03/05,11.300,11.300,10.900,11.200,1825,2027010.00
2007/03/06,11.200,11.200,11.000,11.060,760,843760.00
2007/03/07,11.060,11.500,11.060,11.200,400,452640.00
2007/03/08,11.200,11.300,11.100,11.300,320,358040.00
2007/03/09,11.280,11.280,11.200,11.200,140,156960.00
2007/03/12,11.180,11.200,11.180,11.200,240,268400.00
2007/03/13,11.200,11.200,11.100,11.200,2120,2373240.00
2007/03/14,11.060,11.060,10.900,11.000,420,461840.00
2007/03/15,10.960,10.960,10.500,10.900,1740,1860040.00
2007/03/16,10.920,10.920,10.620,10.640,1080,1161560.00
2007/03/19,10.640,10.840,10.600,10.800,420,452640.00
2007/03/20,10.800,10.820,10.800,10.800,160,172880.00
2007/03/21,10.780,10.800,10.780,10.800,380,410280.00
2007/03/22,10.800,10.820,10.780,10.780,840,907680.00
2007/03/23,10.940,11.240,10.940,11.200,660,729680.00
2007/03/26,11.220,11.220,11.180,11.160,340,380960.00
2007/03/27,10.820,10.900,10.820,10.840,320,347080.00
2007/03/28,10.800,10.900,10.780,10.900,1270,1371827.00
2007/03/29,10.900,10.900,10.900,10.900,0,0.00
2007/03/30,10.900,11.220,10.900,11.200,1000,1115120.00
2007/04/02,11.260,11.260,11.200,11.200,200,224600.00
2007/04/03,11.220,11.220,11.220,11.220,1380,1548360.00
2007/04/04,11.220,11.360,11.220,11.360,1020,1152160.00
2007/04/10,11.400,11.480,11.400,11.480,1980,2265680.00
2007/04/11,11.480,11.500,11.340,11.500,1104,1269728.00
2007/04/12,11.660,11.720,11.660,11.720,1420,1659200.00
2007/04/13,11.600,11.700,11.600,11.700,441,515124.00
2007/04/16,11.680,11.720,11.680,11.680,926,1083336.00
2007/04/17,11.600,11.620,11.600,11.600,446,518430.00
2007/04/18,11.600,11.600,11.600,11.600,340,394400.00
2007/04/19,11.500,11.680,11.500,11.680,420,487680.00
2007/04/20,11.700,11.700,11.560,11.640,600,699800.00
2007/04/23,11.600,11.600,11.600,11.600,200,232000.00
2007/04/24,11.600,11.600,11.560,11.600,960,1113360.00
2007/04/25,11.400,11.500,11.400,11.500,180,206400.00
2007/04/26,11.500,11.500,11.500,11.540,4253,4890916.00
2007/04/27,11.500,11.600,11.500,11.600,840,970880.00
2007/04/30,11.640,11.640,11.600,11.600,840,975800.00
2007/05/02,11.600,11.620,11.600,11.680,540,627040.00
2007/05/03,11.640,11.680,11.640,11.680,3180,3712280.00
2007/05/04,11.680,13.100,11.680,13.020,3292,4146398.00
2007/05/07,13.000,13.100,12.700,12.800,3140,4044680.00
2007/05/08,12.900,12.960,12.600,12.920,3945,5083620.00
2007/05/09,12.920,13.040,12.920,12.980,2580,3350920.00
2007/05/10,12.980,13.080,12.980,13.000,1540,2003560.00
2007/05/11,12.900,12.980,12.900,12.960,2628,3408512.00
2007/05/14,12.960,12.960,12.960,12.880,100,129600.00
2007/05/15,12.680,12.700,12.440,12.440,500,631360.00
2007/05/16,12.460,12.460,12.360,12.380,540,669800.00
2007/05/17,12.400,12.400,12.320,12.340,300,370800.00
2007/05/18,12.300,12.380,12.200,12.380,600,738800.00
2007/05/21,12.380,12.380,12.380,12.380,43,52240.00
2007/05/22,12.380,12.380,12.380,12.380,0,0.00
2007/05/23,12.180,12.180,12.180,12.180,40,48720.00
2007/05/25,12.000,12.000,12.000,12.000,300,360000.00
2007/05/28,12.000,12.000,12.000,12.000,180,216000.00
2007/05/29,12.000,12.040,12.000,12.040,1380,1656640.00
2007/05/30,12.000,12.020,12.000,12.060,320,384040.00
2007/05/31,12.000,12.000,11.980,12.060,60,71920.00
2007/06/01,12.080,12.080,12.080,12.080,320,386560.00
2007/06/04,12.100,12.100,12.080,12.080,40,48360.00
2007/06/05,12.020,12.380,12.000,12.120,2673,3235484.00
2007/06/06,12.060,12.220,12.060,12.220,680,823880.00
2007/06/07,12.060,12.100,12.060,12.100,120,145040.00
2007/06/08,12.100,12.420,12.100,12.180,1220,1484000.00
2007/06/11,12.460,12.460,12.300,12.400,940,1165400.00
2007/06/12,12.360,12.360,12.360,12.360,0,0.00
2007/06/13,12.060,12.060,12.060,12.060,20,24120.00
2007/06/14,12.000,12.000,11.800,11.960,1000,1188120.00
2007/06/15,11.820,11.840,11.820,11.960,60,71000.00
2007/06/18,12.200,12.200,12.200,12.200,40,48800.00
2007/06/20,11.960,11.960,11.960,11.960,20,23920.00
2007/06/21,11.800,11.820,11.720,11.820,100,117560.00
2007/06/22,11.800,11.800,11.800,11.800,40,47200.00
2007/06/25,11.700,11.820,11.700,11.900,280,329240.00
2007/06/26,11.900,11.900,11.860,11.860,380,451400.00
2007/06/27,11.900,11.900,11.900,11.900,0,0.00
2007/06/28,11.900,12.260,11.900,12.180,1660,2016960.00
2007/06/29,12.180,12.180,12.180,12.180,0,0.00
2007/07/03,12.180,12.660,12.180,12.620,1200,1494520.00
2007/07/04,12.600,12.680,12.600,12.600,480,605400.00
2007/07/05,12.500,12.500,12.500,12.500,0,0.00
2007/07/06,12.100,12.380,12.100,12.380,200,244800.00
2007/07/09,12.600,12.800,12.600,12.800,2340,2985480.00
2007/07/10,12.800,13.260,12.600,13.260,3744,4881640.00
2007/07/11,13.000,13.320,13.000,13.320,4882,6483436.00
2007/07/12,13.320,13.820,13.320,13.700,2826,3869584.00
2007/07/13,13.500,13.500,13.400,13.400,968,1303400.00
2007/07/16,13.400,13.400,13.320,13.400,640,858800.00
2007/07/17,13.420,13.700,13.400,13.660,3040,4110640.00
2007/07/18,12.500,12.500,12.500,13.380,20,25000.00
2007/07/19,13.020,13.400,13.020,13.360,100,132480.00
2007/07/20,13.100,13.200,13.100,13.200,680,896400.00
2007/07/23,13.200,13.200,13.080,13.160,140,184000.00
2007/07/24,13.100,13.400,13.080,13.380,520,687160.00
2007/07/25,13.300,13.300,13.300,13.300,260,345800.00
2007/07/26,13.300,13.300,13.080,13.080,440,576720.00
2007/07/27,12.680,12.700,12.680,12.700,200,253880.00
2007/07/30,12.600,12.700,12.600,12.600,140,177400.00
2007/07/31,12.700,12.800,12.700,12.700,746,951298.00
2007/08/01,12.700,12.740,12.700,12.720,300,381480.00
2007/08/02,12.700,12.700,12.680,12.680,140,177680.00
2007/08/03,12.600,12.600,12.400,12.400,520,650640.00
2007/08/06,12.300,12.300,12.000,12.000,200,243200.00
2007/08/07,12.400,12.400,11.820,12.000,1220,1461640.00
2007/08/08,12.020,12.020,12.020,12.020,120,144240.00
2007/08/09,12.100,12.400,12.060,12.100,660,805440.00
2007/08/10,11.600,11.600,11.600,11.680,40,46400.00
2007/08/13,11.300,11.660,11.100,11.620,380,436160.00
2007/08/14,11.560,11.980,11.520,11.880,1260,1468480.00
2007/08/15,11.500,11.500,11.500,11.500,320,368000.00
2007/08/16,11.400,11.400,10.900,11.200,640,715800.00
2007/08/17,10.700,10.700,10.320,10.600,1340,1415960.00
2007/08/20,11.220,11.220,11.000,11.000,80,88880.00
2007/08/21,11.100,11.100,11.000,11.000,240,265160.00
2007/08/22,11.100,11.100,11.000,11.100,100,110800.00
2007/08/23,11.100,11.500,11.100,11.500,60,68000.00
2007/08/24,11.140,11.220,11.140,11.280,60,67000.00
2007/08/27,11.540,11.660,11.540,11.620,310,359840.00
2007/08/28,11.600,11.700,11.500,11.500,560,650760.00
2007/08/29,11.320,11.320,11.300,11.320,320,362400.00
2007/08/30,11.300,11.380,11.300,11.380,160,181600.00
2007/08/31,11.480,11.500,11.480,11.500,100,114960.00
2007/09/03,11.520,11.500,11.500,11.520,0,0.00
2007/09/04,11.520,11.540,11.520,11.560,100,115480.00
2007/09/05,12.000,12.000,11.680,11.680,60,70720.00
2007/09/06,11.640,11.640,11.640,11.660,20,23280.00
2007/09/07,11.660,11.780,11.660,11.760,380,446160.00
2007/09/10,11.820,11.820,11.560,11.640,320,374080.00
2007/09/11,11.600,11.620,11.600,11.600,1360,1578480.00
2007/09/12,11.620,11.640,11.580,11.600,880,1022120.00
2007/09/13,11.600,11.600,11.400,11.500,460,528000.00
2007/09/14,11.540,11.600,11.540,11.560,520,602600.00
2007/09/17,11.600,11.600,11.500,11.540,620,716480.00
2007/09/18,11.520,11.520,11.400,11.420,60,68880.00
2007/09/19,11.500,11.540,11.480,11.480,1860,2138160.00
2007/09/20,11.520,11.660,11.500,11.500,1520,1754960.00
2007/09/21,11.500,11.500,11.420,11.500,1020,1172280.00
2007/09/24,11.500,11.500,11.460,11.460,820,942920.00
2007/09/25,11.500,11.500,11.320,11.400,1880,2157040.00
2007/09/27,11.300,11.320,11.300,11.340,649,734368.00
2007/09/28,11.340,11.400,11.340,11.360,380,431680.00
2007/10/02,11.360,11.540,11.360,11.440,1640,1879320.00
2007/10/03,11.480,11.480,11.380,11.400,2080,2375680.00
2007/10/04,11.400,11.400,11.320,11.320,480,545000.00
2007/10/05,11.400,11.400,11.280,11.300,500,566160.00
2007/10/08,11.380,11.420,11.300,11.420,3720,4230080.00
2007/10/09,11.340,11.340,11.320,11.320,520,589000.00
2007/10/10,11.380,11.380,11.340,11.340,3080,3493640.00
2007/10/11,11.300,11.340,11.300,11.320,1779,2013896.00
2007/10/12,11.300,11.320,11.300,11.320,240,271800.00
2007/10/15,11.280,11.280,11.220,11.240,240,270080.00
2007/10/16,11.240,11.240,11.200,11.200,345,387598.00
2007/10/17,11.200,11.220,11.100,11.200,260,291240.00
2007/10/18,11.100,11.100,11.060,11.120,300,332840.00
2007/10/22,11.060,11.060,11.060,11.060,100,110600.00
2007/10/23,11.060,11.060,11.000,11.020,960,1057400.00
2007/10/24,10.900,11.200,10.900,11.020,180,197440.00
2007/10/25,11.020,11.500,11.020,11.200,440,492000.00
2007/10/26,11.100,11.320,11.060,11.320,2820,3148280.00
2007/10/29,11.200,11.500,11.200,11.200,4140,4719960.00
2007/10/30,11.220,11.220,10.900,11.200,1540,1702840.00
2007/10/31,11.000,11.160,10.900,11.160,1459,1617824.00
2007/11/01,11.160,11.200,11.100,11.100,3465,3862535.00
2007/11/02,11.000,11.200,10.980,11.140,420,464960.00
2007/11/05,11.140,11.140,10.780,10.780,1260,1370240.00
2007/11/06,10.920,10.920,10.920,10.920,100,109200.00
2007/11/07,10.940,11.000,10.900,10.960,660,722520.00
2007/11/08,11.000,11.000,10.800,11.000,240,263280.00
2007/11/09,11.000,11.060,11.000,11.060,360,397320.00
2007/11/12,11.040,11.040,11.000,11.040,4020,4435120.00
2007/11/13,11.000,11.140,11.000,11.140,1200,1324240.00
2007/11/14,11.100,11.120,11.060,11.100,2500,2774000.00
2007/11/15,11.040,11.220,11.040,11.220,1020,1135440.00
2007/11/16,11.560,11.560,11.100,11.100,1320,1470480.00
2007/11/19,11.100,11.880,11.100,11.460,2620,3034520.00
2007/11/20,11.460,11.460,11.040,11.040,624,694272.00
2007/11/21,11.100,11.100,10.900,10.980,280,308680.00
2007/11/22,10.600,11.000,10.600,10.900,3780,4138520.00
2007/11/23,10.900,10.900,10.900,10.900,140,152600.00
2007/11/26,11.000,11.000,11.000,11.000,1200,1320000.00
2007/11/27,11.000,11.000,10.920,10.940,480,525920.00
2007/11/28,10.920,11.000,10.900,11.000,3480,3822160.00
2007/11/29,11.060,11.060,11.060,11.060,380,420280.00
2007/11/30,10.940,11.000,10.920,10.980,2840,3116400.00
2007/12/03,11.020,11.020,11.000,11.000,2820,3106200.00
2007/12/04,11.200,11.200,11.200,11.180,440,492800.00
2007/12/05,11.100,11.100,11.060,11.100,1060,1175800.00
2007/12/06,11.180,11.200,11.120,11.160,1484,1659496.00
2007/12/07,11.200,11.300,11.180,11.240,3200,3590720.00
2007/12/10,11.100,11.100,11.000,11.000,1900,2099320.00
2007/12/11,11.060,11.220,11.060,11.220,380,425080.00
2007/12/12,11.000,11.100,11.000,11.100,1200,1331600.00
2007/12/13,11.000,11.100,11.000,11.000,960,1058400.00
2007/12/14,10.900,10.900,10.760,10.800,480,520640.00
2007/12/17,10.800,10.800,10.700,10.720,440,472120.00
2007/12/18,10.700,10.760,10.300,10.380,1860,1967320.00
2007/12/19,10.500,10.500,10.500,10.500,200,210000.00
2007/12/20,10.700,10.700,10.660,10.700,720,770000.00
2007/12/21,10.800,10.900,10.800,10.900,640,694400.00
2007/12/27,10.800,10.800,10.720,10.720,360,387520.00
2007/12/28,10.820,11.000,10.820,11.000,960,1048640.00
2008/01/02,11.000,11.000,11.000,11.080,360,396000.00
2008/01/03,11.000,11.000,11.000,11.000,0,0.00
2008/01/04,11.080,11.100,11.000,11.080,1100,1218520.00
2008/01/07,11.000,11.080,11.000,11.020,420,464120.00
2008/01/08,11.200,11.200,10.940,10.960,1380,1519120.00
2008/01/09,10.900,11.020,10.900,11.000,1240,1363080.00
2008/01/10,10.600,10.960,10.600,10.940,1369,1460450.00
2008/01/11,10.800,10.800,10.800,10.800,200,216000.00
2008/01/14,10.980,10.980,10.980,10.900,20,21960.00
2008/01/15,10.900,10.900,10.680,10.760,900,970400.00
2008/01/16,10.500,10.520,10.400,10.500,640,670720.00
2008/01/17,10.680,10.680,10.300,10.500,260,270280.00
2008/01/18,10.500,10.600,10.500,10.560,420,442960.00
2008/01/21,10.500,10.500,10.360,10.360,260,272160.00
2008/01/22,9.800,9.800,9.500,9.640,640,617820.00
2008/01/23,10.000,10.140,9.800,10.040,780,775660.00
2008/01/24,10.140,10.140,10.140,10.140,40,40560.00
2008/01/25,10.140,10.140,10.140,10.140,0,0.00
2008/01/28,9.900,10.060,9.900,10.060,180,178520.00
2008/01/29,9.900,10.200,9.900,10.180,60,60200.00
2008/01/30,10.080,10.080,9.800,9.850,940,928200.00
2008/01/31,9.700,9.760,9.600,9.760,280,270600.00
2008/02/01,9.960,9.960,9.960,9.960,120,119520.00
2008/02/04,10.200,10.200,10.200,10.200,40,40800.00
2008/02/05,10.200,10.200,10.200,10.200,0,0.00
2008/02/06,10.000,10.200,9.950,9.950,800,809500.00
2008/02/11,9.850,9.950,9.850,9.900,200,197980.00
2008/02/12,9.940,9.940,9.940,9.940,0,0.00
2008/02/13,9.900,10.000,9.900,9.900,680,673600.00
2008/02/14,10.000,10.000,9.950,9.950,240,239540.00
2008/02/15,9.950,9.950,9.950,9.950,160,159200.00
2008/02/18,9.950,9.950,9.840,9.900,360,354780.00
2008/02/19,9.900,9.900,9.900,9.900,0,0.00
2008/02/20,9.810,9.810,9.810,9.860,60,58860.00
2008/02/21,9.900,9.900,9.860,9.890,60,59320.00
2008/02/22,9.980,9.980,9.920,9.920,149,148786.00
2008/02/25,9.990,9.990,9.000,9.990,0,99.00
2008/02/26,10.060,10.060,10.060,10.060,0,0.00
2008/02/27,10.300,10.300,10.300,10.300,300,309000.00
2008/02/28,10.300,10.300,10.280,10.300,280,288360.00
2008/02/29,10.200,10.200,10.200,10.200,100,102000.00
2008/03/03,10.220,10.220,10.220,10.200,20,20440.00
2008/03/04,10.180,10.180,10.180,10.180,0,0.00
2008/03/05,9.960,9.960,9.950,9.950,320,319100.00
2008/03/06,9.900,9.900,9.700,9.750,140,138200.00
2008/03/07,9.700,9.700,9.580,9.580,460,442620.00
2008/03/10,9.500,9.500,9.300,9.330,260,243840.00
2008/03/11,9.330,9.330,9.110,9.120,1420,1304020.00
2008/03/12,9.120,9.120,9.100,9.100,7900,7053591.00
2008/03/13,9.000,9.000,8.800,8.880,1380,1226120.00
2008/03/14,8.760,8.800,8.760,8.800,120,105520.00
2008/03/17,8.800,8.800,8.800,8.800,0,0.00
2008/03/18,8.800,8.800,8.800,8.800,180,158400.00
2008/03/19,9.000,9.000,8.980,9.000,700,629600.00
2008/03/20,9.000,9.050,9.000,9.000,320,288500.00
2008/03/25,9.000,9.200,9.000,9.100,440,398100.00
2008/03/26,9.190,9.190,9.190,9.190,40,36760.00
2008/03/27,9.080,9.100,9.080,9.100,200,181760.00
2008/03/28,9.150,9.150,9.150,9.150,200,183000.00
2008/03/31,9.150,9.400,9.150,9.200,7420,6867040.00
2008/04/01,9.150,9.400,9.150,9.160,6840,6344214.00
2008/04/02,9.220,9.430,9.200,9.400,860,804980.00
2008/04/03,9.400,9.450,9.400,9.400,260,244600.00
2008/04/07,9.500,9.500,9.400,9.420,460,435620.00
2008/04/08,9.350,9.350,9.280,9.310,1060,986520.00
2008/04/09,9.300,9.300,9.280,9.310,100,92880.00
2008/04/10,9.310,9.450,9.310,9.430,1560,1460640.00
2008/04/11,9.440,9.460,9.360,9.460,500,471460.00
2008/04/14,9.120,9.120,9.120,9.300,40,36480.00
2008/04/15,9.340,9.340,9.340,9.340,0,0.00
2008/04/16,9.360,9.360,9.320,9.330,2360,2206080.00
2008/04/17,9.350,9.380,9.320,9.360,1380,1288380.00
2008/04/18,9.360,9.390,9.360,9.370,400,375420.00
2008/04/21,9.310,9.310,9.280,9.320,300,278960.00
2008/04/22,9.300,9.300,9.200,9.200,580,535240.00
2008/04/23,9.200,9.200,9.180,9.200,1140,1048200.00
2008/04/24,9.200,9.210,9.190,9.190,760,699140.00
2008/04/25,9.150,9.170,9.090,9.100,2940,2678040.00
2008/04/28,9.150,9.160,9.150,9.160,179,163857.00
2008/04/29,9.160,9.200,9.130,9.150,1460,1337480.00
2008/04/30,9.200,9.200,9.080,9.100,1380,1256620.00
2008/05/02,9.200,9.200,9.140,9.150,2900,2660040.00
2008/05/05,9.150,9.150,9.090,9.100,1920,1751000.00
2008/05/06,9.130,9.150,9.100,9.150,680,621580.00
2008/05/07,9.150,9.150,9.100,9.100,1340,1223800.00
2008/05/08,9.070,9.070,9.030,9.050,2820,2552340.00
2008/05/09,9.050,9.050,9.040,9.050,420,380020.00
2008/05/13,9.070,9.070,9.040,9.040,1900,1720400.00
2008/05/14,9.030,9.050,9.010,9.050,2640,2387480.00
2008/05/15,9.050,9.100,9.040,9.050,8920,8072640.00
2008/05/16,9.050,9.100,9.050,9.100,11875,10751680.00
2008/05/19,9.200,9.200,9.130,9.140,2240,2054180.00
2008/05/20,9.110,9.110,9.030,9.040,2500,2265440.00
2008/05/21,9.050,9.080,9.040,9.060,4880,4417920.00
2008/05/22,9.040,9.050,9.010,9.040,2200,1987300.00
2008/05/23,9.060,9.100,9.000,9.010,3720,3362200.00
2008/05/26,9.170,9.170,8.940,9.070,2480,2230960.00
2008/05/27,9.260,9.090,9.050,9.060,280,253960.00
2008/05/28,9.080,9.440,9.080,9.320,11660,10842080.00
2008/05/29,9.500,9.660,9.400,9.640,5020,4797340.00
2008/05/30,9.760,10.060,9.720,10.040,9820,9737120.00
2008/06/02,10.300,10.500,10.180,10.200,10160,10521960.00
2008/06/03,10.200,10.260,10.040,10.240,6220,6332080.00
2008/06/04,10.400,11.400,10.380,10.840,17960,19658400.00
2008/06/05,11.240,11.460,10.920,11.240,13060,14645120.00
2008/06/06,11.240,11.240,11.060,11.200,4920,5498600.00
2008/06/10,11.000,11.000,10.500,10.800,5350,5768760.00
2008/06/11,10.320,10.600,10.220,10.220,4700,4867280.00
2008/06/12,10.200,10.200,9.740,9.820,3700,3643840.00
2008/06/13,9.820,9.820,9.460,9.620,4360,4186080.00
2008/06/16,9.760,9.760,9.540,9.560,2120,2043800.00
2008/06/17,9.560,9.700,9.500,9.570,1260,1204800.00
2008/06/18,9.570,9.800,9.570,9.740,1560,1513160.00
2008/06/19,9.600,9.650,9.550,9.610,800,767820.00
2008/06/20,9.550,9.650,9.550,9.570,1620,1554400.00
2008/06/23,9.400,9.600,9.400,9.560,400,379240.00
2008/06/24,9.410,9.410,9.310,9.310,260,243780.00
2008/06/25,9.380,9.380,9.380,9.380,0,0.00
2008/06/26,9.380,9.380,9.240,9.240,320,297760.00
2008/06/27,9.000,9.180,9.000,9.100,760,692100.00
2008/06/30,9.150,9.150,9.140,9.150,200,182860.00
2008/07/02,9.120,9.130,9.030,9.030,1139,1032102.00
2008/07/03,9.000,9.150,9.000,9.060,720,651640.00
2008/07/04,9.060,9.150,9.000,9.060,860,776340.00
2008/07/07,9.050,9.150,9.050,9.150,560,510400.00
2008/07/08,9.160,9.160,8.990,9.000,620,559320.00
2008/07/09,9.190,9.190,9.050,9.080,740,674140.00
2008/07/10,8.960,9.080,8.960,9.080,180,162580.00
2008/07/11,8.930,9.110,8.930,9.060,810,730672.00
2008/07/14,9.250,9.250,8.960,9.060,2280,2059440.00
2008/07/15,8.910,8.990,8.860,8.940,1680,1500580.00
2008/07/16,8.980,9.000,8.840,8.850,1200,1068920.00
2008/07/17,9.050,9.050,8.910,8.920,540,483460.00
2008/07/18,8.930,8.940,8.910,8.910,1420,1267140.00
2008/07/21,9.000,9.040,8.950,8.980,1160,1044420.00
2008/07/22,9.000,9.010,8.980,9.000,860,774220.00
2008/07/23,9.020,9.100,9.010,9.100,1484,1341056.00
2008/07/24,9.100,9.100,9.050,9.070,520,472460.00
2008/07/25,9.030,9.040,8.900,9.020,440,396540.00
2008/07/28,9.030,9.030,8.950,8.960,760,684460.00
2008/07/29,8.880,9.040,8.880,8.990,560,504240.00
2008/07/30,9.000,9.030,8.970,9.000,4100,3687940.00
2008/07/31,9.090,9.090,8.970,8.980,1280,1151060.00
2008/08/01,8.940,8.940,8.860,8.910,2000,1783320.00
2008/08/04,8.890,8.930,8.890,8.900,600,534380.00
2008/08/05,8.850,8.850,8.610,8.610,3840,3334420.00
2008/08/07,8.650,8.650,8.540,8.550,2560,2203500.00
2008/08/08,8.500,8.520,8.020,8.040,6040,4923820.00
2008/08/11,8.140,8.140,7.830,7.880,2260,1795880.00
2008/08/12,7.920,7.920,7.820,7.870,520,409100.00
2008/08/13,7.870,7.900,7.580,7.650,2380,1841620.00
2008/08/14,7.800,7.800,7.630,7.720,2540,1953640.00
2008/08/15,7.800,8.050,7.790,7.960,1570,1248515.00
2008/08/18,8.060,8.060,7.900,7.960,980,780440.00
2008/08/19,8.000,8.000,7.880,7.920,1040,826340.00
2008/08/20,7.990,8.130,7.990,8.080,380,307640.00
2008/08/21,8.000,8.000,7.760,7.850,280,220840.00
2008/08/22,7.850,7.850,7.850,7.850,0,0.00
2008/08/25,7.980,7.990,7.880,7.890,580,462480.00
2008/08/26,7.900,7.900,7.890,7.900,200,157960.00
2008/08/27,7.900,7.900,7.900,7.900,1980,1564200.00
2008/08/28,7.990,7.990,7.990,7.900,60,47940.00
2008/08/29,7.920,7.920,7.860,7.860,180,142160.00
2008/09/01,7.860,7.860,7.820,7.850,420,329520.00
2008/09/02,7.850,7.850,7.850,7.850,180,141300.00
2008/09/03,7.850,7.850,7.800,7.850,200,156780.00
2008/09/04,7.820,7.820,7.740,7.800,640,497840.00
2008/09/05,7.600,7.760,7.600,7.760,280,214880.00
2008/09/08,7.850,7.850,7.650,7.650,2140,1642140.00
2008/09/09,7.650,7.670,7.580,7.640,900,684500.00
2008/09/10,7.580,7.580,7.500,7.540,1640,1231660.00
2008/09/11,7.340,7.460,7.320,7.400,980,720360.00
2008/09/12,7.300,7.300,7.300,7.350,200,146000.00
2008/09/16,7.300,7.300,6.800,7.100,572,405396.00
2008/09/17,7.100,7.100,6.760,6.760,1020,701140.00
2008/09/18,6.700,6.700,6.300,6.400,780,504380.00
2008/09/19,6.400,6.700,6.400,6.620,880,578920.00
2008/09/22,6.630,6.630,6.050,6.290,5220,3283260.00
2008/09/23,6.290,6.300,6.160,6.300,566,356056.00
2008/09/24,6.400,6.420,6.300,6.300,300,190980.00
2008/09/25,6.300,6.330,6.040,6.060,720,440700.00
2008/09/26,6.180,6.200,6.120,6.200,280,172780.00
2008/09/29,6.100,6.120,6.100,6.120,420,256780.00
2008/09/30,6.000,6.020,5.950,6.000,380,227780.00
2008/10/02,6.000,6.010,6.000,6.010,320,192080.00
2008/10/03,5.950,6.010,5.950,6.010,200,119300.00
2008/10/06,5.820,5.900,5.710,5.900,360,208180.00
2008/10/08,5.680,5.680,5.500,5.500,340,192200.00
2008/10/09,5.550,5.550,5.200,5.250,1340,707300.00
2008/10/10,5.000,5.240,4.420,5.240,440,215040.00
2008/10/13,5.200,5.220,5.120,5.220,560,291220.00
2008/10/14,5.700,5.700,5.400,5.450,2400,1353720.00
2008/10/15,5.450,5.450,5.150,5.250,280,147900.00
2008/10/16,5.170,5.170,4.890,5.040,340,172720.00
2008/10/17,5.000,5.000,5.000,5.000,80,40000.00
2008/10/20,4.950,4.950,4.200,4.250,4510,1978480.00
2008/10/21,4.300,4.300,4.110,4.120,1636,682863.00
2008/10/22,4.100,4.110,3.870,3.900,1250,496020.00
2008/10/23,3.530,3.580,3.460,3.490,3700,1296620.00
2008/10/24,3.360,3.500,3.330,3.460,480,165740.00
2008/10/27,3.270,3.400,3.200,3.380,220,72540.00
2008/10/28,3.350,3.350,2.880,2.970,2020,622620.00
2008/10/29,3.000,3.070,2.870,2.950,4820,1440120.00
2008/10/30,2.950,3.010,2.900,2.950,17461,5175698.00
2008/10/31,2.950,3.100,2.940,2.950,7020,2094880.00
2008/11/03,2.950,3.060,2.950,3.010,14640,4399440.00
2008/11/04,3.020,3.090,2.960,3.000,12520,3760940.00
2008/11/05,3.050,3.220,3.050,3.160,10400,3249800.00
2008/11/06,3.140,3.140,2.980,3.050,4440,1353940.00
2008/11/07,3.000,3.060,2.970,3.010,5360,1621560.00
2008/11/10,3.090,3.120,3.050,3.090,5680,1755900.00
2008/11/11,3.110,3.220,3.100,3.100,2280,710420.00
2008/11/12,3.100,3.100,3.030,3.080,2600,800980.00
2008/11/13,3.000,3.030,2.960,3.020,1820,545720.00
2008/11/14,3.050,3.070,3.040,3.050,3540,1079660.00
2008/11/17,3.050,3.050,2.950,3.000,1320,398820.00
2008/11/18,3.000,3.120,3.000,3.080,1280,392020.00
2008/11/19,3.070,3.070,3.020,3.040,120,36740.00
2008/11/20,2.970,3.010,2.960,3.000,8340,2500460.00
2008/11/21,2.900,2.920,2.860,2.880,8820,2544200.00
2008/11/24,2.900,2.900,2.860,2.880,800,230520.00
2008/11/25,2.900,2.920,2.850,2.850,1360,391560.00
2008/11/26,2.900,2.910,2.810,2.860,1340,385840.00
2008/11/27,2.860,2.890,2.840,2.860,11940,3414180.00
2008/11/28,2.920,2.920,2.860,2.910,1600,463280.00
2008/12/01,2.900,2.910,2.100,2.870,15580,4281660.00
2008/12/02,2.840,2.840,2.730,2.790,200,56160.00
2008/12/03,2.870,2.870,2.770,2.790,1700,475300.00
2008/12/04,2.800,2.870,2.780,2.870,1760,499980.00
2008/12/05,2.800,2.870,2.800,2.870,600,171140.00
2008/12/08,2.970,2.970,2.880,2.960,1801,529592.00
2008/12/09,2.960,3.020,2.950,2.950,660,195940.00
2008/12/10,2.990,3.080,2.920,3.060,2080,628680.00
2008/12/11,3.150,3.370,3.110,3.330,6620,2156680.00
2008/12/12,3.500,3.500,3.100,3.220,1880,603620.00
2008/12/15,3.220,3.270,3.110,3.240,1220,392000.00
2008/12/16,3.160,3.160,2.980,3.050,7420,2280480.00
2008/12/17,3.090,3.150,3.060,3.150,3880,1210560.00
2008/12/18,3.200,3.230,3.130,3.180,2200,701560.00
2008/12/19,3.170,3.260,3.140,3.190,5620,1795080.00
2008/12/22,3.300,3.370,3.220,3.250,3580,1176800.00
2008/12/23,3.160,3.240,3.160,3.180,1071,343226.00
2008/12/24,3.180,3.260,3.150,3.200,1040,332100.00
2008/12/29,3.180,3.350,3.180,3.350,2581,836736.00
2008/12/30,3.250,3.350,3.230,3.300,2560,848300.00
2008/12/31,3.300,3.320,3.220,3.270,2280,750000.00
2009/01/02,3.270,3.330,3.250,3.300,12360,4045640.00
2009/01/05,3.400,3.400,3.330,3.390,9740,3307140.00
2009/01/06,3.400,3.400,3.380,3.400,11100,3773280.00
2009/01/07,3.450,3.460,3.390,3.390,16060,5534160.00
2009/01/08,3.330,3.330,3.240,3.240,3640,1199440.00
2009/01/09,3.250,3.320,3.240,3.290,2340,772160.00
2009/01/12,3.230,3.300,3.150,3.240,3600,1152920.00
2009/01/13,3.240,3.350,3.160,3.340,3300,1083280.00
2009/01/14,3.340,3.400,3.340,3.340,2480,836680.00
2009/01/15,3.240,3.280,3.210,3.280,1180,381360.00
2009/01/16,3.210,3.280,3.210,3.280,300,96940.00
2009/01/19,3.210,3.280,3.210,3.260,660,215340.00
2009/01/20,3.200,3.200,3.120,3.200,2100,663840.00
2009/01/21,3.150,3.150,3.130,3.130,661,207543.00
2009/01/22,3.060,3.140,3.060,3.140,1620,500820.00
2009/01/23,3.140,3.130,3.130,3.140,0,0.00
2009/01/29,3.140,3.160,3.080,3.160,220,69160.00
2009/01/30,3.180,3.190,3.180,3.180,200,63640.00
2009/02/02,3.160,3.180,3.180,3.160,0,0.00
2009/02/03,3.160,3.160,3.160,3.160,880,278080.00
2009/02/04,3.150,3.150,3.150,3.170,100,31500.00
2009/02/05,3.210,3.220,3.120,3.200,480,152020.00
2009/02/06,3.200,3.200,3.150,3.200,2620,837680.00
2009/02/09,3.200,3.300,3.180,3.200,3520,1126320.00
2009/02/10,3.200,3.220,3.190,3.220,2600,831820.00
2009/02/11,3.170,3.210,3.170,3.210,360,114520.00
2009/02/12,3.140,3.140,3.130,3.130,640,200520.00
2009/02/13,3.200,3.200,3.140,3.140,60,18960.00
2009/02/16,3.110,3.140,3.110,3.130,1060,332560.00
2009/02/17,3.060,3.130,3.060,3.100,280,86780.00
2009/02/18,3.100,3.130,3.080,3.130,240,74320.00
2009/02/19,3.130,3.130,3.130,3.120,1300,406900.00
2009/02/20,3.090,3.100,3.080,3.080,540,166700.00
2009/02/23,3.050,3.100,3.000,3.040,1260,384660.00
2009/02/24,3.020,3.100,3.020,3.090,860,262680.00
2009/02/25,3.100,3.140,3.030,3.050,1300,399380.00
2009/02/26,3.050,3.050,3.010,3.030,540,163940.00
2009/02/27,3.080,3.080,3.070,3.080,540,166234.00
2009/03/02,3.010,3.010,2.940,2.980,3340,998420.00
2009/03/03,2.920,2.980,2.920,2.940,4360,1287420.00
2009/03/04,2.890,2.900,2.850,2.900,3120,900620.00
2009/03/05,2.900,2.900,2.780,2.790,5940,1672780.00
2009/03/06,2.700,2.900,2.620,2.790,5400,1495000.00
2009/03/09,2.740,2.790,2.720,2.750,2100,583640.00
2009/03/10,2.740,2.740,2.680,2.740,554,149478.00
2009/03/11,2.750,2.810,2.670,2.780,28160,7747360.00
2009/03/12,2.800,2.800,2.770,2.770,120,33540.00
2009/03/13,2.770,2.940,2.770,2.940,41060,11896900.00
2009/03/16,2.940,3.060,2.940,3.040,1920,580380.00
2009/03/17,3.100,3.100,3.050,3.060,920,280760.00
2009/03/18,3.140,3.150,3.020,3.040,2240,688960.00
2009/03/19,3.040,3.100,3.040,3.100,500,152480.00
2009/03/20,3.140,3.140,3.100,3.120,1020,318840.00
2009/03/23,3.060,3.150,3.060,3.140,3360,1044760.00
2009/03/24,3.140,3.200,3.140,3.170,1480,465740.00
2009/03/25,3.100,3.180,3.100,3.150,1480,465400.00
2009/03/26,3.200,3.320,3.190,3.280,4700,1514100.00
2009/03/27,3.210,3.300,3.210,3.290,3280,1075260.00
2009/03/30,3.200,3.210,3.150,3.200,1340,428440.00
2009/03/31,3.200,3.200,3.190,3.200,660,211140.00
2009/04/01,3.180,3.220,3.130,3.150,4380,1396520.00
2009/04/02,3.230,3.280,3.190,3.220,10020,3220740.00
2009/04/03,3.210,3.390,3.210,3.360,12200,4042340.00
2009/04/06,3.400,3.490,3.400,3.490,2540,874900.00
2009/04/07,3.420,3.560,3.420,3.550,2880,1001680.00
2009/04/08,3.450,3.480,3.390,3.460,4980,1704560.00
2009/04/09,3.490,3.560,3.470,3.530,4680,1644280.00
2009/04/14,3.560,3.700,3.560,3.700,4160,1519240.00
2009/04/15,3.700,3.750,3.600,3.750,6800,2487640.00
2009/04/16,3.870,3.870,3.720,3.720,4060,1524520.00
2009/04/17,3.700,3.800,3.700,3.740,3240,1217880.00
2009/04/20,3.740,3.770,3.680,3.760,2580,962520.00
2009/04/21,3.680,3.730,3.670,3.700,2040,755620.00
2009/04/22,3.710,3.750,3.650,3.680,1820,674800.00
2009/04/23,3.700,3.720,3.680,3.700,2140,792300.00
2009/04/24,3.700,3.740,3.670,3.690,4824,1783280.00
2009/04/27,3.650,3.650,3.560,3.580,2680,967040.00
2009/04/28,3.620,3.620,3.500,3.580,2180,767560.00
2009/04/29,3.600,3.600,3.600,3.590,320,115200.00
2009/04/30,3.640,3.730,3.640,3.700,4080,1510700.00
2009/05/04,3.690,3.900,3.690,3.900,5320,2021060.00
2009/05/05,4.000,4.040,3.840,3.900,4060,1594440.00
2009/05/06,3.860,4.240,3.860,4.230,3400,1389080.00
2009/05/07,4.250,4.380,4.250,4.350,5865,2522430.00
2009/05/08,4.400,4.800,4.330,4.770,12804,5918048.00
2009/05/11,4.900,5.130,4.720,4.720,14220,7098240.00
2009/05/12,4.650,4.750,4.650,4.700,6330,2976020.00
2009/05/13,4.790,5.000,4.790,4.860,5340,2628580.00
2009/05/14,4.710,4.720,4.550,4.660,6700,3114420.00
2009/05/15,4.700,4.830,4.700,4.700,8280,3927160.00
2009/05/18,4.600,4.880,4.600,4.750,7640,3640700.00
2009/05/19,4.760,4.930,4.760,4.860,5900,2875540.00
2009/05/20,4.860,4.920,4.810,4.830,2740,1330760.00
2009/05/21,4.840,4.910,4.830,4.850,3240,1575540.00
2009/05/22,4.810,4.850,4.700,4.840,5580,2678980.00
2009/05/25,4.900,5.180,4.900,5.170,18320,9240480.00
2009/05/26,5.130,5.940,5.130,5.830,29776,16842230.00
2009/05/27,5.960,6.190,5.810,5.840,29260,17510800.00
2009/05/29,5.990,6.070,5.930,6.050,21000,12622380.00
2009/06/01,6.120,6.180,5.980,6.000,20040,12134700.00
2009/06/02,6.000,6.050,5.730,5.750,12980,7664940.00
2009/06/03,5.750,5.890,5.750,5.800,14460,8450860.00
2009/06/04,5.750,5.750,5.600,5.700,8880,5016920.00
2009/06/05,5.800,5.800,5.700,5.700,3320,1915740.00
2009/06/08,5.700,5.880,5.700,5.700,6220,3599000.00
2009/06/09,5.700,5.700,5.510,5.640,4090,2304160.00
2009/06/10,5.680,5.680,5.450,5.600,6840,3783860.00
2009/06/11,5.650,5.700,5.500,5.700,3140,1767860.00
2009/06/12,5.790,5.800,5.650,5.690,3235,1855489.00
2009/06/15,5.700,5.840,5.550,5.580,2720,1541140.00
2009/06/16,5.580,5.580,5.450,5.490,4170,2297460.00
2009/06/17,5.500,5.550,5.410,5.550,3440,1892460.00
2009/06/18,5.510,5.510,5.100,5.170,9380,4927200.00
2009/06/19,5.350,5.380,5.190,5.310,5940,3121580.00
2009/06/22,5.250,5.340,5.250,5.260,1680,890720.00
2009/06/23,5.240,5.240,5.080,5.200,2800,1449460.00
2009/06/24,5.280,5.400,5.250,5.340,1480,786480.00
2009/06/25,5.410,5.440,5.300,5.320,12120,6460280.00
2009/06/26,5.400,5.600,5.240,5.560,16380,8875960.00
2009/06/29,5.550,5.560,5.410,5.490,2380,1306320.00
2009/06/30,5.530,5.590,5.410,5.410,3422,1873384.00
2009/07/02,5.410,5.470,5.380,5.380,3400,1848780.00
2009/07/03,5.380,5.380,5.300,5.340,3700,1973960.00
2009/07/06,5.340,5.350,5.280,5.290,3740,1985380.00
2009/07/07,5.260,5.380,5.210,5.270,2280,1201260.00
2009/07/08,5.220,5.230,5.130,5.230,4140,2148560.00
2009/07/09,5.200,5.220,5.150,5.180,2000,1037800.00
2009/07/10,5.190,5.230,5.190,5.200,1720,895640.00
2009/07/13,5.200,5.200,5.140,5.150,1140,589640.00
2009/07/14,5.140,5.260,5.140,5.210,2580,1341820.00
2009/07/15,5.180,5.350,5.180,5.270,2920,1537160.00
2009/07/16,5.390,5.390,5.310,5.310,1880,1004580.00
2009/07/17,5.340,5.390,5.340,5.350,2340,1254500.00
2009/07/20,5.380,5.480,5.380,5.420,5900,3191700.00
2009/07/21,5.500,5.520,5.460,5.500,1840,1011860.00
2009/07/22,5.550,5.610,5.540,5.600,5060,2824100.00
2009/07/23,5.650,5.680,5.600,5.650,2260,1274680.00
2009/07/24,5.670,5.670,5.580,5.600,5460,3062120.00
2009/07/27,5.640,5.660,5.610,5.630,7220,4069560.00
2009/07/28,5.650,5.740,5.650,5.710,5060,2885780.00
2009/07/29,5.710,5.760,5.510,5.640,8120,4562140.00
2009/07/30,5.610,5.670,5.590,5.670,2000,1126300.00
2009/07/31,5.780,5.870,5.750,5.860,6800,3939240.00
2009/08/03,5.920,6.050,5.890,6.030,7740,4646280.00
2009/08/04,6.100,6.100,5.930,5.980,6460,3906520.00
2009/08/05,6.000,6.020,5.900,5.900,5520,3288520.00
2009/08/06,5.870,5.920,5.850,5.910,2426,1425919.00
2009/08/07,5.990,6.000,5.920,5.940,7020,4173820.00
2009/08/10,5.930,6.000,5.930,5.980,1665,994765.00
2009/08/11,5.990,6.000,5.980,6.000,2420,1449240.00
2009/08/12,5.970,6.000,5.920,5.960,3100,1845760.00
2009/08/13,5.960,6.070,5.950,6.040,8540,5116740.00
2009/08/14,6.080,6.150,6.020,6.110,7760,4729280.00
2009/08/17,6.050,6.100,6.010,6.020,7500,4539920.00
2009/08/18,6.000,6.030,5.900,6.020,7260,4346260.00
2009/08/19,6.010,6.030,5.970,6.000,5440,3265940.00
2009/08/20,5.980,6.040,5.970,6.040,3760,2261400.00
2009/08/21,6.040,6.040,6.000,6.020,1480,891760.00
2009/08/24,6.030,6.180,6.030,6.160,4920,3021500.00
2009/08/25,6.170,6.250,6.100,6.140,3220,1978040.00
2009/08/26,6.150,6.200,6.120,6.150,660,406380.00
2009/08/27,6.150,6.180,6.130,6.130,1140,701300.00
2009/08/28,6.130,6.130,6.100,6.120,1840,1124260.00
2009/08/31,6.080,6.080,5.920,5.950,5060,3016360.00
2009/09/01,5.960,6.030,5.920,5.980,3176,1898680.00
2009/09/02,5.970,6.000,5.970,5.980,1380,826340.00
2009/09/03,5.960,6.150,5.960,6.120,3470,2113550.00
2009/09/04,6.150,6.190,6.130,6.180,2800,1726840.00
2009/09/07,6.180,6.230,6.160,6.190,1380,853780.00
2009/09/08,6.160,6.190,6.150,6.150,1400,863680.00
2009/09/09,6.150,6.160,6.110,6.170,1700,1042800.00
2009/09/10,6.200,6.480,6.200,6.390,7840,4972560.00
2009/09/11,6.320,6.660,6.320,6.550,9660,6350000.00
2009/09/14,6.560,6.600,6.520,6.540,1880,1230780.00
2009/09/15,6.350,6.590,6.350,6.590,280,181040.00
2009/09/16,6.650,6.690,6.610,6.650,9892,6579799.00
2009/09/17,6.700,6.810,6.680,6.800,9320,6305680.00
2009/09/18,6.800,6.810,6.770,6.790,4460,3029540.00
2009/09/21,6.750,6.750,6.620,6.650,2580,1726780.00
2009/09/22,6.620,6.800,6.610,6.730,1645,1110275.00
2009/09/23,6.700,6.700,6.600,6.690,1280,852780.00
2009/09/24,6.600,6.610,6.450,6.600,4057,2659631.00
2009/09/25,6.600,6.620,6.500,6.580,1980,1305020.00
2009/09/28,6.580,6.580,6.450,6.460,1720,1117900.00
2009/09/29,6.500,6.560,6.450,6.500,4400,2861460.00
2009/09/30,6.500,6.510,6.430,6.460,1820,1175880.00
2009/10/02,6.450,6.450,6.360,6.380,660,421220.00
2009/10/05,6.380,6.400,6.350,6.380,803,511338.00
2009/10/06,6.400,6.430,6.370,6.430,620,396340.00
2009/10/07,6.440,6.560,6.440,6.560,880,568820.00
2009/10/08,6.500,6.560,6.500,6.550,1224,797880.00
2009/10/09,6.550,6.620,6.550,6.600,1020,670520.00
2009/10/12,6.600,6.780,6.600,6.700,3120,2094040.00
2009/10/13,6.810,6.900,6.800,6.800,1880,1279020.00
2009/10/14,6.850,6.850,6.770,6.800,1520,1033280.00
2009/10/15,6.820,6.920,6.810,6.890,4640,3189680.00
2009/10/16,6.890,6.940,6.890,6.900,2562,1767784.00
2009/10/19,6.900,7.030,6.900,7.030,1374,955253.00
2009/10/20,7.100,7.100,7.000,7.030,3440,2427460.00
2009/10/21,7.020,7.100,7.020,7.090,4160,2935560.00
2009/10/22,7.090,7.130,7.030,7.130,1760,1243900.00
2009/10/23,7.130,7.230,7.130,7.200,1320,947780.00
2009/10/27,7.100,7.200,7.100,7.190,1520,1091360.00
2009/10/28,7.160,7.160,7.120,7.150,920,657960.00
2009/10/29,7.120,7.120,6.900,7.000,3280,2284480.00
2009/10/30,7.090,7.140,7.010,7.010,1864,1319820.00
2009/11/02,6.940,6.950,6.900,6.940,3180,2206640.00
2009/11/03,6.950,7.040,6.950,6.980,320,222980.00
2009/11/04,6.960,7.020,6.960,7.000,880,616160.00
2009/11/05,6.980,6.980,6.910,6.960,1499,1042232.00
2009/11/06,6.980,7.000,6.980,7.010,920,643640.00
2009/11/09,7.060,7.120,7.060,7.110,1080,767620.00
2009/11/10,7.140,7.140,7.070,7.110,790,562310.00
2009/11/11,7.070,7.200,7.060,7.200,560,400160.00
2009/11/12,7.250,8.000,7.250,7.850,5360,4125680.00
2009/11/13,7.920,7.920,7.560,7.700,1060,822740.00
2009/11/16,7.800,7.990,7.790,7.980,3600,2842080.00
2009/11/17,7.910,8.000,7.910,8.000,1421,1128521.00
2009/11/18,7.820,8.110,7.820,7.980,5320,4242240.00
2009/11/19,7.980,8.050,7.980,8.000,2080,1665980.00
2009/11/20,7.960,8.000,7.960,8.000,140,111820.00
2009/11/23,8.040,8.040,7.960,8.020,1240,991980.00
2009/11/24,8.050,8.090,7.960,8.000,2700,2160700.00
2009/11/25,8.000,8.060,7.960,8.000,720,575300.00
2009/11/26,8.020,8.020,7.980,8.000,1420,1134680.00
2009/11/27,7.780,7.790,7.500,7.500,3080,2349020.00
2009/11/30,7.640,7.890,7.630,7.800,2580,1997000.00
2009/12/01,7.770,7.850,7.770,7.810,1340,1045180.00
2009/12/02,7.810,7.880,7.780,7.810,1700,1327860.00
2009/12/03,7.810,7.850,7.760,7.800,520,405380.00
2009/12/04,7.750,7.820,7.750,7.820,520,404840.00
2009/12/07,7.820,7.900,7.820,7.900,880,692760.00
2009/12/08,7.940,7.960,7.900,7.910,1060,841100.00
2009/12/09,7.950,7.980,7.760,7.830,600,469400.00
2009/12/10,7.830,7.890,7.680,7.740,1900,1468660.00
2009/12/11,7.730,7.820,7.700,7.750,1020,790540.00
2009/12/14,7.700,7.800,7.700,7.800,320,249000.00
2009/12/15,7.700,7.880,7.680,7.870,480,373700.00
2009/12/16,7.730,7.750,7.680,7.750,1740,1343460.00
2009/12/17,7.700,7.700,7.580,7.580,700,533660.00
2009/12/18,7.500,7.500,7.000,7.230,4660,3325040.00
2009/12/21,7.200,7.200,7.150,7.180,580,417040.00
2009/12/22,7.190,7.190,7.180,7.200,160,114980.00
2009/12/23,7.200,7.220,7.200,7.220,540,389280.00
2009/12/24,7.370,7.380,7.300,7.380,240,176060.00
2009/12/28,7.380,7.380,7.380,7.380,0,0.00
2009/12/29,7.250,7.380,7.190,7.250,1000,722480.00
2009/12/30,7.250,7.250,7.240,7.320,140,101440.00
2009/12/31,7.300,7.550,7.290,7.540,920,677820.00
2010/01/04,7.600,7.600,7.500,7.580,320,241800.00
2010/01/05,7.580,7.680,7.580,7.590,740,561460.00
2010/01/06,7.600,7.770,7.600,7.700,320,244680.00
2010/01/07,7.660,7.780,7.650,7.770,360,277980.00
2010/01/08,7.790,7.790,7.790,7.790,60,46740.00
2010/01/11,7.900,7.900,7.850,7.850,240,188600.00
2010/01/12,7.850,7.850,7.840,7.840,40,31380.00
2010/01/13,7.780,7.780,7.600,7.650,920,703180.00
2010/01/14,7.650,7.660,7.620,7.650,720,550620.00
2010/01/15,7.650,7.660,7.620,7.650,520,397100.00
2010/01/18,7.650,7.700,7.630,7.650,1164,891756.00
2010/01/19,7.650,7.680,7.650,7.650,13042,9977776.00
2010/01/20,7.650,7.670,7.650,7.650,2378,1820070.00
2010/01/21,7.650,7.700,7.650,7.650,3926,3005752.00
2010/01/22,7.600,7.600,7.350,7.500,1640,1217260.00
2010/01/25,7.410,7.410,7.290,7.290,1822,1337842.00
2010/01/26,7.290,7.290,7.150,7.160,900,648460.00
2010/01/27,7.160,7.300,7.050,7.100,900,642900.00
2010/01/28,7.200,7.200,7.050,7.100,1380,984760.00
2010/01/29,7.100,7.100,7.040,7.040,520,368460.00
2010/02/01,7.040,7.130,7.040,7.130,1000,705420.00
2010/02/02,7.130,7.130,7.060,7.140,160,113800.00
2010/02/03,7.130,7.170,6.950,7.170,460,327880.00
2010/02/04,7.170,7.170,7.170,7.170,0,0.00
2010/02/05,7.010,7.040,7.010,7.040,120,84180.00
2010/02/08,7.080,7.040,7.040,7.080,0,0.00
2010/02/09,7.000,7.000,6.930,7.000,720,503180.00
2010/02/10,7.000,7.000,6.950,7.010,280,195460.00
2010/02/11,7.010,7.080,7.010,7.080,300,210660.00
2010/02/12,7.100,7.400,7.050,7.300,640,457780.00
2010/02/17,7.310,7.310,7.050,7.210,620,444280.00
2010/02/18,7.110,7.210,7.110,7.170,460,329860.00
2010/02/19,7.100,7.150,7.020,7.100,440,311280.00
2010/02/22,7.130,7.180,7.110,7.140,940,672180.00
2010/02/23,7.020,7.200,7.020,7.150,260,186080.00
2010/02/24,7.040,7.200,7.040,7.170,80,57220.00
2010/02/25,7.160,7.240,7.150,7.240,580,416000.00
2010/02/26,7.330,7.330,7.330,7.330,522,382626.00
2010/03/01,7.400,7.410,7.330,7.400,380,279900.00
2010/03/02,7.360,7.360,7.330,7.350,380,279320.00
2010/03/03,7.220,7.390,7.170,7.390,720,527400.00
2010/03/04,7.570,7.570,7.390,7.420,2620,1946920.00
2010/03/05,7.430,7.440,7.400,7.440,540,400460.00
2010/03/08,7.460,7.460,7.440,7.450,440,327840.00
2010/03/09,7.400,7.400,7.400,7.400,102,75460.00
2010/03/10,7.400,7.580,7.400,7.510,860,645760.00
2010/03/11,7.560,7.640,7.540,7.640,920,699600.00
2010/03/12,7.640,7.740,7.570,7.700,1140,870440.00
2010/03/15,7.600,7.750,7.600,7.750,520,398360.00
2010/03/16,7.610,7.610,7.610,7.650,100,76100.00
2010/03/17,7.660,7.780,7.660,7.760,1980,1530500.00
2010/03/18,7.830,7.830,7.670,7.700,300,231700.00
2010/03/19,7.760,7.760,7.730,7.740,1760,1362900.00
2010/03/22,7.700,7.700,7.590,7.650,1160,885660.00
2010/03/23,7.640,7.650,7.600,7.630,560,427380.00
2010/03/24,7.670,7.670,7.640,7.650,1380,1056360.00
2010/03/25,7.640,7.640,7.620,7.630,980,747620.00
2010/03/26,7.630,7.680,7.630,7.680,2280,1744580.00
2010/03/29,7.700,7.730,7.700,7.720,1160,895320.00
2010/03/30,7.720,7.720,7.710,7.720,940,725440.00
2010/03/31,7.700,7.720,7.700,7.720,560,431900.00
2010/04/01,7.700,7.720,7.700,7.710,200,154160.00
2010/04/07,7.760,7.810,7.730,7.800,1900,1478340.00
2010/04/08,7.820,7.890,7.760,7.790,1800,1404720.00
2010/04/09,7.890,8.020,7.890,8.010,2560,2038660.00
2010/04/12,8.039,8.220,8.039,8.150,3800,3095360.00
2010/04/13,8.150,8.240,8.109,8.200,2640,2161600.00
2010/04/14,8.240,8.750,8.230,8.700,6720,5709640.00
2010/04/15,8.700,8.890,8.650,8.670,2720,2385320.00
2010/04/16,8.630,8.630,8.450,8.540,3545,3036192.00
2010/04/19,8.580,8.770,8.520,8.600,6425,5532393.00
2010/04/20,8.630,8.960,8.630,8.880,4860,4289980.00
2010/04/21,8.930,8.960,8.850,8.900,3260,2898640.00
2010/04/22,8.900,8.900,8.720,8.800,1040,919940.00
2010/04/23,8.880,8.880,8.700,8.780,6000,5314220.00
2010/04/26,8.880,8.880,8.700,8.830,2345,2066180.00
2010/04/27,8.830,8.830,8.760,8.760,1600,1408240.00
2010/04/28,8.760,8.760,8.600,8.600,2300,1991580.00
2010/04/29,8.600,8.600,8.440,8.440,1862,1585310.00
2010/04/30,8.420,8.650,8.410,8.650,2200,1888520.00
2010/05/03,8.420,8.580,8.420,8.580,140,118200.00
2010/05/04,8.560,8.600,8.500,8.560,1140,977900.00
2010/05/05,8.450,8.460,8.300,8.390,2640,2209700.00
2010/05/06,8.380,8.380,8.090,8.230,2140,1748220.00
2010/05/07,8.100,8.150,8.060,8.070,1860,1508500.00
2010/05/10,8.100,8.300,8.100,8.300,1136,928360.00
2010/05/11,8.340,8.340,8.180,8.210,820,675340.00
2010/05/12,8.200,8.200,8.140,8.140,725,592283.00
2010/05/13,8.100,8.300,8.100,8.230,780,639720.00
2010/05/14,8.230,8.230,8.190,8.220,600,492800.00
2010/05/17,8.100,8.140,7.970,8.140,820,660400.00
2010/05/18,8.000,8.100,8.000,8.060,320,258400.00
2010/05/19,8.000,8.000,7.910,7.950,944,752420.00
2010/05/20,7.900,7.940,7.570,7.610,2900,2233740.00
2010/05/24,7.800,7.800,7.710,7.760,1700,1316020.00
2010/05/25,7.650,7.650,7.360,7.460,1580,1189980.00
2010/05/26,7.490,7.570,7.400,7.420,1910,1423650.00
2010/05/27,7.520,7.700,7.420,7.700,560,421480.00
2010/05/28,7.800,8.050,7.700,7.750,1000,783280.00
2010/05/31,7.750,7.750,7.660,7.700,240,184820.00
2010/06/01,7.750,7.750,7.570,7.660,220,168400.00
2010/06/02,7.630,7.720,7.610,7.720,1320,1017000.00
2010/06/03,7.800,7.920,7.800,7.900,1780,1403540.00
2010/06/04,7.850,7.940,7.850,7.940,760,599980.00
2010/06/07,7.500,7.750,7.500,7.700,740,566420.00
2010/06/08,7.670,7.700,7.610,7.700,770,589190.00
2010/06/09,7.680,7.770,7.680,7.730,640,492280.00
2010/06/10,7.730,7.730,7.730,7.730,300,231900.00
2010/06/11,7.750,7.800,7.750,7.750,666,518649.00
2010/06/14,7.830,7.830,7.660,7.800,1420,1103720.00
2010/06/15,7.700,7.730,7.700,7.730,320,247280.00
2010/06/17,7.740,7.800,7.740,7.800,160,124100.00
2010/06/18,7.800,7.900,7.750,7.770,710,551970.00
2010/06/21,7.800,7.930,7.760,7.930,1260,989360.00
2010/06/22,7.950,8.250,7.930,8.250,1160,933800.00
2010/06/23,8.190,8.230,8.080,8.190,560,456280.00
2010/06/24,8.150,8.300,8.150,8.300,620,509020.00
2010/06/25,8.100,8.290,8.100,8.250,360,295680.00
2010/06/28,8.300,8.300,8.200,8.200,700,576580.00
2010/06/29,8.150,8.150,8.100,8.080,580,470200.00
2010/06/30,8.010,8.080,7.960,8.080,440,354180.00
2010/07/02,8.050,8.050,7.900,7.980,1560,1247360.00
2010/07/05,7.900,7.920,7.900,7.920,180,142400.00
2010/07/06,7.810,8.080,7.810,8.080,640,510340.00
2010/07/07,8.080,8.080,7.910,8.000,800,643240.00
2010/07/08,7.980,7.980,7.920,7.950,300,238060.00
2010/07/09,8.090,8.090,8.090,8.090,80,64760.00
2010/07/12,8.060,8.130,8.060,8.060,140,113120.00
2010/07/13,8.060,8.100,8.060,8.100,580,467960.00
2010/07/14,8.080,8.160,8.020,8.160,300,243660.00
2010/07/15,8.010,8.100,7.980,8.100,780,628880.00
2010/07/16,8.100,8.100,8.010,8.100,520,420800.00
2010/07/19,8.100,8.100,8.050,8.050,510,412650.00
2010/07/20,8.020,8.100,8.020,8.050,840,676720.00
2010/07/21,8.110,8.150,8.100,8.150,560,454880.00
2010/07/22,8.150,8.180,8.150,8.180,680,554400.00
2010/07/23,8.380,8.380,8.160,8.160,640,525620.00
2010/07/26,8.170,8.180,8.150,8.150,404,330428.00
2010/07/27,8.200,8.200,8.200,8.200,260,213200.00
2010/07/28,8.300,8.350,8.300,8.320,960,798340.00
2010/07/29,8.320,8.590,8.320,8.480,2140,1819100.00
2010/07/30,8.680,9.290,8.680,9.250,13920,12697720.00
2010/08/02,9.460,9.460,9.050,9.300,5625,5174790.00
2010/08/03,9.280,9.330,9.050,9.100,4600,4192560.00
2010/08/04,9.050,9.070,9.020,9.050,2700,2443140.00
2010/08/05,9.040,9.050,9.010,9.010,923,833685.00
2010/08/06,9.010,9.120,9.010,9.060,1305,1180931.00
2010/08/09,9.150,9.150,9.040,9.100,1620,1471900.00
2010/08/10,9.190,9.230,9.100,9.110,1159,1063000.00
2010/08/11,9.200,9.260,9.100,9.100,1639,1501760.00
2010/08/12,9.050,9.100,9.030,9.080,2539,2298220.00
2010/08/13,9.060,9.110,9.060,9.080,819,745080.00
2010/08/16,9.030,9.030,8.910,8.910,2159,1934660.00
2010/08/17,9.000,9.000,8.920,8.920,339,303880.00
2010/08/18,8.930,8.930,8.830,8.870,1259,1116940.00
2010/08/19,8.850,8.880,8.790,8.830,1379,1217620.00
2010/08/20,8.760,8.830,8.760,8.830,639,561860.00
2010/08/23,8.790,8.850,8.750,8.770,1979,1741300.00
2010/08/24,8.740,8.830,8.740,8.830,659,579800.00
2010/08/25,8.730,8.740,8.710,8.750,619,541020.00
2010/08/26,8.710,8.750,8.700,8.770,739,644240.00
2010/08/27,8.850,8.850,8.680,8.710,1319,1150540.00
2010/08/30,8.710,8.710,8.700,8.700,919,800960.00
2010/08/31,8.700,8.700,8.650,8.650,819,712220.00
2010/09/01,8.610,8.650,8.560,8.610,1639,1415440.00
2010/09/02,8.700,8.700,8.700,8.720,339,295800.00
2010/09/03,8.700,8.750,8.680,8.680,2039,1775200.00
2010/09/06,8.700,8.800,8.700,8.800,1159,1015420.00
2010/09/07,8.800,8.800,8.780,8.800,79,70360.00
2010/09/08,8.850,8.850,8.720,8.740,659,578260.00
2010/09/09,8.730,8.800,8.730,8.740,1739,1527660.00
2010/09/10,8.780,8.780,8.720,8.770,1119,981200.00
2010/09/13,8.780,8.900,8.780,8.900,1579,1389740.00
2010/09/14,8.810,8.880,8.790,8.840,3279,2891600.00
2010/09/15,8.810,8.980,8.790,8.830,6759,5992440.00
2010/09/16,8.830,8.840,8.750,8.780,829,730000.00
2010/09/17,8.780,8.880,8.720,8.880,1019,898880.00
2010/09/20,8.900,8.980,8.880,8.880,739,659620.00
2010/09/21,8.900,9.000,8.880,8.950,659,590000.00
2010/09/22,8.880,8.990,8.880,8.970,439,393600.00
2010/09/24,8.970,9.030,8.970,8.990,439,396280.00
2010/09/27,9.040,9.180,9.040,9.130,1259,1150000.00
2010/09/28,9.130,9.130,9.000,9.000,659,598280.00
2010/09/29,9.100,9.170,9.060,9.130,1359,1240120.00
2010/09/30,9.120,9.130,9.080,9.110,1499,1367320.00
2010/10/04,9.160,9.250,9.120,9.170,1959,1797180.00
2010/10/05,9.250,9.250,9.130,9.170,799,733780.00
2010/10/06,9.300,9.300,9.170,9.200,1519,1402820.00
2010/10/07,9.190,9.190,9.080,9.080,799,728820.00
2010/10/08,9.180,9.200,9.140,9.150,1375,1260422.00
2010/10/11,9.140,9.200,9.140,9.170,899,824620.00
2010/10/12,9.120,9.120,9.080,9.100,519,473200.00
2010/10/13,9.220,9.220,9.110,9.130,139,128860.00
2010/10/14,9.160,9.190,9.160,9.190,1146,1051744.00
2010/10/15,9.090,9.190,9.080,9.160,559,508920.00
2010/10/18,9.180,9.180,9.080,9.090,1459,1328460.00
2010/10/19,9.100,9.150,9.100,9.100,719,655880.00
2010/10/20,9.090,9.090,8.980,9.000,3519,3167480.00
2010/10/21,9.000,9.060,9.000,9.060,959,866860.00
2010/10/22,9.050,9.050,8.970,9.000,1169,1053820.00
2010/10/25,9.000,9.100,8.980,9.100,1199,1083180.00
2010/10/26,9.100,9.100,9.040,9.040,399,362860.00
2010/10/27,9.040,9.040,9.000,9.020,839,757440.00
2010/10/28,9.060,9.120,9.020,9.080,559,506540.00
2010/10/29,9.020,9.060,9.000,9.060,1119,1010700.00
2010/11/01,9.100,9.180,9.100,9.180,979,896560.00
2010/11/02,9.120,9.180,9.120,9.180,219,201100.00
2010/11/03,9.120,9.150,9.120,9.130,539,492780.00
2010/11/04,9.060,9.270,9.050,9.260,3259,3000940.00
2010/11/05,9.300,9.430,9.300,9.430,3199,3004540.00
2010/11/08,9.600,9.600,9.400,9.520,2719,2589320.00
2010/11/09,9.420,9.500,9.420,9.450,819,777300.00
2010/11/10,9.450,9.570,9.450,9.480,1459,1387220.00
2010/11/11,9.600,9.660,9.540,9.550,1539,1477460.00
2010/11/12,9.400,9.580,9.220,9.350,4019,3763040.00
2010/11/15,9.350,9.500,9.330,9.380,949,892720.00
2010/11/16,9.450,9.800,9.450,9.550,2879,2760480.00
2010/11/17,9.470,9.470,9.200,9.310,2279,2153840.00
2010/11/18,9.450,9.620,9.450,9.600,1439,1375200.00
2010/11/19,9.510,9.580,9.500,9.580,799,761100.00
2010/11/22,9.640,9.640,9.580,9.600,439,423160.00
2010/11/23,9.590,9.600,9.330,9.390,1899,1801320.00
2010/11/24,9.390,9.390,9.390,9.390,0,0.00
2010/11/25,9.410,9.410,9.400,9.400,219,206860.00
2010/11/26,9.350,9.350,9.280,9.290,959,894960.00
2010/11/29,9.280,9.480,9.280,9.480,539,506840.00
2010/11/30,9.480,9.480,9.380,9.470,259,245040.00
2010/12/01,9.550,9.550,9.420,9.490,419,397240.00
2010/12/02,9.430,9.550,9.430,9.490,1219,1159500.00
2010/12/03,9.530,9.620,9.500,9.590,979,938180.00
2010/12/06,9.590,9.600,9.590,9.570,79,76740.00
2010/12/07,9.460,9.460,9.410,9.410,399,377720.00
2010/12/08,9.570,9.570,9.450,9.460,372,353712.00
2010/12/09,9.500,9.590,9.500,9.540,879,840500.00
2010/12/10,9.570,9.570,9.410,9.520,1079,1026280.00
2010/12/13,9.590,9.880,9.590,9.810,7259,7116340.00
2010/12/14,9.810,10.060,9.800,10.060,5219,5190360.00
2010/12/15,10.060,10.220,9.980,10.000,6109,6176280.00
2010/12/16,10.080,10.080,9.910,9.910,8119,8083140.00
2010/12/17,9.870,9.890,9.800,9.810,1599,1575380.00
2010/12/20,9.720,9.760,9.600,9.640,519,502580.00
2010/12/21,9.630,9.750,9.630,9.750,159,155760.00
2010/12/22,9.700,9.870,9.700,9.800,1159,1135280.00
2010/12/23,9.750,9.890,9.740,9.800,139,136960.00
2010/12/24,9.790,9.790,9.790,9.790,19,19580.00
2010/12/28,9.800,9.800,9.800,9.790,59,58800.00
2010/12/29,9.800,9.800,9.790,9.800,239,235080.00
2010/12/30,9.660,9.780,9.660,9.780,679,658560.00
2010/12/31,9.780,9.980,9.780,9.900,319,313760.00
2011/01/03,9.840,10.080,9.750,10.000,2699,2696100.00
2011/01/04,10.020,10.580,10.020,10.580,4951,5170440.00
2011/01/05,10.800,11.340,10.800,11.160,6172,6864874.00
2011/01/06,11.400,11.480,11.000,11.040,1239,1384960.00
2011/01/07,11.000,11.280,10.900,11.200,1479,1647160.00
2011/01/10,11.200,11.300,11.200,11.300,1259,1413640.00
2011/01/11,11.420,11.760,11.420,11.720,7319,8523920.00
2011/01/12,11.760,11.760,11.320,11.680,1739,2007760.00
2011/01/13,11.660,11.760,11.600,11.640,2583,3011592.00
2011/01/14,11.700,11.900,11.580,11.880,2199,2588880.00
2011/01/17,11.700,11.960,11.700,11.900,7259,8537120.00
2011/01/18,11.960,11.980,11.940,11.960,1672,1999655.00
2011/01/19,11.940,11.980,11.780,11.940,1299,1549400.00
2011/01/20,11.840,11.900,11.760,11.840,2399,2840000.00
2011/01/21,11.900,11.900,11.700,11.780,1919,2266840.00
2011/01/24,11.760,11.760,11.440,11.600,3139,3627400.00
2011/01/25,11.760,11.780,11.700,11.740,2379,2791960.00
2011/01/26,11.720,12.100,11.700,11.900,3119,3680240.00
2011/01/27,12.000,12.000,11.820,11.900,959,1143680.00
2011/01/28,11.980,11.980,11.800,11.840,1739,2060480.00
2011/01/31,11.820,11.820,11.560,11.680,1599,1885600.00
2011/02/01,11.800,11.820,11.720,11.800,899,1060440.00
2011/02/02,11.760,11.800,11.700,11.800,239,281640.00
2011/02/07,11.860,11.880,11.400,11.660,1139,1335280.00
2011/02/08,11.760,11.760,11.680,11.720,799,937800.00
2011/02/09,11.800,11.800,11.280,11.400,1439,1659080.00
2011/02/10,11.300,11.300,11.160,11.160,659,741480.00
2011/02/11,10.940,11.000,10.800,10.820,939,1022240.00
2011/02/14,11.000,11.140,11.000,11.140,439,486160.00
2011/02/15,11.160,11.340,11.160,11.220,1499,1669800.00
2011/02/16,11.260,11.460,11.260,11.460,2621,2967436.00
2011/02/17,11.580,11.660,11.580,11.640,859,998240.00
2011/02/18,11.800,11.800,11.560,11.640,759,887680.00
2011/02/21,11.600,11.700,11.560,11.660,1539,1788760.00
2011/02/22,11.560,11.680,11.140,11.400,2339,2651040.00
2011/02/23,11.220,11.320,11.200,11.320,1659,1866480.00
2011/02/24,11.200,11.200,11.080,11.080,559,622120.00
2011/02/25,11.080,11.100,11.060,11.060,441,490232.00
2011/02/28,10.920,11.100,10.920,11.100,759,841880.00
2011/03/01,10.960,11.100,10.960,11.100,1019,1127960.00
2011/03/02,11.100,11.140,10.900,11.140,639,701360.00
2011/03/03,11.200,11.200,11.140,11.160,1859,2079480.00
2011/03/04,11.380,11.380,11.200,11.240,299,337800.00
2011/03/07,11.200,11.200,11.180,11.180,1039,1164080.00
2011/03/08,11.200,11.200,11.100,11.120,959,1070880.00
2011/03/09,11.120,11.140,11.120,11.140,439,490120.00
2011/03/10,11.100,11.120,11.100,11.120,719,799280.00
2011/03/11,11.060,11.100,10.800,11.080,1879,2062280.00
2011/03/14,11.000,11.000,10.960,10.960,259,285360.00
2011/03/15,11.000,11.000,10.500,10.680,1029,1095900.00
2011/03/16,10.740,10.740,10.740,10.700,19,21480.00
2011/03/17,10.480,10.480,10.100,10.200,1739,1792920.00
2011/03/18,10.460,10.640,10.380,10.400,1499,1573440.00
2011/03/21,10.420,10.420,10.300,10.300,939,970920.00
2011/03/22,10.400,10.400,10.380,10.380,459,478200.00
2011/03/23,10.400,10.400,10.300,10.400,259,269000.00
2011/03/24,10.400,10.400,10.380,10.380,79,83080.00
2011/03/25,10.040,10.480,10.040,10.400,1559,1620880.00
2011/03/28,10.400,10.440,10.380,10.400,739,769400.00
2011/03/29,10.340,10.400,10.320,10.400,479,497320.00
2011/03/30,10.400,10.520,10.400,10.520,979,1024960.00
2011/03/31,10.520,10.760,10.480,10.500,979,1036320.00
2011/04/01,10.520,10.720,10.520,10.720,59,63520.00
2011/04/04,10.720,11.060,10.720,11.060,913,992723.00
2011/04/06,11.060,11.160,11.000,11.000,1099,1217800.00
2011/04/07,10.960,11.060,10.960,11.060,743,818960.00
2011/04/08,11.080,11.180,11.000,11.100,779,864600.00
2011/04/11,11.100,11.140,11.100,11.140,379,421880.00
2011/04/12,11.180,11.280,11.060,11.280,1099,1224680.00
2011/04/13,11.200,11.200,11.100,11.100,209,234100.00
2011/04/14,11.200,11.200,11.020,11.060,479,533360.00
2011/04/15,11.000,11.160,11.000,11.160,339,377240.00
2011/04/18,11.160,11.160,10.900,10.960,1459,1606040.00
2011/04/19,10.960,11.140,10.960,11.080,739,814920.00
2011/04/20,11.100,11.380,11.100,11.360,1039,1168680.00
2011/04/21,11.200,11.200,11.100,11.100,439,492000.00
2011/04/26,10.920,11.000,10.920,11.000,339,373680.00
2011/04/27,11.000,11.000,11.000,11.000,0,0.00
2011/04/28,10.800,11.000,10.800,10.940,1239,1354560.00
2011/04/29,10.940,10.940,10.940,10.940,0,0.00
2011/05/03,11.100,11.100,10.840,11.040,1045,1152669.00
2011/05/04,10.600,11.040,10.600,10.960,859,938800.00
2011/05/05,10.920,10.920,10.820,10.900,279,304680.00
2011/05/06,10.880,10.900,10.820,10.820,499,543800.00
2011/05/09,10.700,11.120,10.700,10.960,1659,1813880.00
2011/05/11,10.960,10.960,10.960,10.960,0,0.00
2011/05/12,10.880,10.880,10.800,10.800,159,172960.00
2011/05/13,10.700,10.880,10.700,10.880,99,107960.00
2011/05/16,10.600,10.780,10.600,10.780,139,149840.00
2011/05/17,10.620,10.620,10.560,10.560,1019,1080360.00
2011/05/18,10.480,10.480,10.380,10.380,659,690160.00
2011/05/19,10.360,10.360,10.000,10.100,4059,4092960.00
2011/05/20,9.900,9.980,9.900,9.940,1619,1612360.00
2011/05/23,9.900,9.900,9.590,9.590,3159,3074380.00
2011/05/24,9.540,9.600,9.350,9.400,2579,2433960.00
2011/05/25,9.270,9.330,9.210,9.300,2319,2149820.00
2011/05/26,9.490,9.490,9.220,9.250,799,741860.00
2011/05/27,9.160,9.450,9.150,9.420,899,840080.00
2011/05/30,9.400,9.460,9.400,9.460,319,301820.00
2011/05/31,9.500,9.740,9.500,9.520,1099,1054280.00
2011/06/01,9.620,9.720,9.620,9.690,379,367560.00
2011/06/02,9.600,9.600,9.600,9.600,199,192000.00
2011/06/03,9.670,9.730,9.630,9.680,1119,1085480.00
2011/06/07,9.560,9.560,9.560,9.560,159,152960.00
2011/06/08,9.690,9.690,9.450,9.460,459,437140.00
2011/06/09,9.400,9.490,9.330,9.490,519,488380.00
2011/06/10,9.490,9.490,9.350,9.410,119,112860.00
2011/06/13,9.210,9.300,9.210,9.280,119,111180.00
2011/06/14,9.290,9.340,9.250,9.250,139,130040.00
2011/06/15,9.250,9.250,9.230,9.230,379,351340.00
2011/06/16,9.150,9.250,9.150,9.160,439,403100.00
2011/06/17,9.160,9.160,9.160,9.160,419,384720.00
2011/06/20,9.120,9.120,8.980,8.980,439,398280.00
2011/06/21,9.100,9.120,9.100,9.120,319,291440.00
2011/06/22,9.060,9.060,9.060,9.060,79,72480.00
2011/06/23,9.000,9.100,9.000,9.030,545,494791.00
2011/06/24,9.100,9.100,9.080,9.080,740,673375.00
2011/06/27,9.100,9.200,9.000,9.100,519,474100.00
2011/06/28,9.100,9.100,9.100,9.100,0,0.00
2011/06/29,9.100,9.100,9.090,9.090,399,363900.00
2011/06/30,9.100,9.160,9.100,9.160,559,511060.00
2011/07/04,9.160,9.210,9.160,9.210,609,560970.00
2011/07/05,9.210,9.210,9.210,9.210,0,0.00
2011/07/06,9.160,9.210,9.160,9.210,219,201820.00
2011/07/07,9.180,9.180,9.150,9.150,319,293180.00
2011/07/08,9.200,9.200,9.200,9.200,359,331200.00
2011/07/11,9.010,9.100,9.000,9.100,139,126820.00
2011/07/12,8.900,9.150,8.900,8.980,559,506740.00
2011/07/13,9.000,9.080,9.000,9.010,199,180220.00
2011/07/14,9.010,9.100,9.010,9.100,199,181100.00
2011/07/15,9.100,9.100,9.020,9.100,199,181200.00
2011/07/18,9.000,9.000,8.950,9.000,259,233480.00
2011/07/19,8.900,9.000,8.900,8.940,199,178920.00
2011/07/20,8.920,9.000,8.920,8.940,579,518760.00
2011/07/21,8.880,8.980,8.860,8.880,419,373140.00
2011/07/22,8.970,8.970,8.970,8.970,159,143520.00
2011/07/25,8.930,8.930,8.920,8.920,79,71400.00
2011/07/26,8.920,8.920,8.920,8.920,0,0.00
2011/07/27,8.920,9.090,8.920,9.020,662,595418.00
2011/07/28,9.020,9.020,9.020,9.020,219,198200.00
2011/07/29,9.000,9.180,8.990,9.100,339,308420.00
2011/08/01,9.260,9.260,9.130,9.240,1419,1306220.00
2011/08/02,9.200,9.240,9.180,9.200,1939,1785900.00
2011/08/03,9.060,9.060,9.050,9.050,299,271700.00
2011/08/04,9.170,9.190,9.000,9.100,1309,1191700.00
2011/08/05,9.020,9.090,8.850,8.990,1649,1485800.00
2011/08/08,8.990,8.990,8.400,8.650,1699,1468720.00
2011/08/09,8.300,8.600,8.130,8.400,1599,1330600.00
2011/08/10,8.700,8.720,8.690,8.700,1059,922400.00
2011/08/11,8.700,8.750,8.580,8.600,419,366080.00
2011/08/12,8.600,8.600,8.440,8.550,599,509440.00
2011/08/15,8.600,8.600,8.500,8.600,499,428020.00
2011/08/16,8.630,8.700,8.630,8.650,599,519640.00
2011/08/17,8.610,8.650,8.600,8.640,999,862560.00
2011/08/18,8.580,8.580,8.580,8.580,79,68640.00
2011/08/19,8.400,8.400,8.360,8.360,399,335200.00
2011/08/22,8.320,8.320,7.990,8.000,639,525700.00
2011/08/23,8.000,8.140,8.000,8.100,1119,899780.00
2011/08/24,8.100,8.150,8.100,8.120,79,65000.00
2011/08/25,8.100,8.110,8.100,8.100,296,239816.00
2011/08/26,8.030,8.030,8.030,8.030,79,64240.00
2011/08/29,8.030,8.030,8.030,8.030,0,0.00
2011/08/30,8.150,8.200,8.120,8.180,159,130640.00
2011/08/31,8.180,8.200,8.180,8.200,339,278600.00
2011/09/01,8.240,8.300,8.240,8.280,719,594780.00
2011/09/02,8.260,8.260,8.260,8.260,0,0.00
2011/09/05,8.150,8.150,8.150,8.150,0,0.00
2011/09/06,8.000,8.090,7.950,8.090,3579,2864220.00
2011/09/07,8.120,8.150,8.100,8.150,439,357820.00
2011/09/08,8.150,8.150,8.060,8.060,79,64660.00
2011/09/09,8.150,8.150,8.150,8.150,59,48900.00
2011/09/12,8.000,8.000,7.780,7.780,759,600340.00
2011/09/14,7.780,7.780,7.600,7.600,539,413000.00
2011/09/15,7.780,7.820,7.780,7.800,559,436760.00
2011/09/16,8.000,8.000,8.000,8.000,179,144000.00
2011/09/19,8.000,8.000,7.800,7.800,419,330400.00
2011/09/20,7.720,7.830,7.700,7.800,599,463380.00
2011/09/21,7.800,7.800,7.800,7.800,0,0.00
2011/09/22,7.500,7.500,7.250,7.250,259,192000.00
2011/09/23,7.070,7.070,7.000,7.050,559,394400.00
2011/09/26,6.900,7.000,6.650,6.650,724,492120.00
2011/09/27,6.700,6.750,6.700,6.750,379,254700.00
2011/09/28,6.750,6.750,6.600,6.600,1679,1117200.00
2011/09/30,6.580,6.580,6.410,6.430,974,630500.00
2011/10/03,6.250,6.250,6.050,6.060,1119,679980.00
2011/10/04,5.860,5.950,5.860,5.870,1179,698100.00
2011/10/06,6.070,6.270,6.070,6.240,259,162260.00
2011/10/07,6.120,6.500,6.110,6.500,565,359797.00
2011/10/10,6.650,6.650,6.500,6.500,124,81525.00
2011/10/11,6.540,6.680,6.540,6.680,379,252060.00
2011/10/12,6.700,6.800,6.700,6.800,259,176200.00
2011/10/13,6.880,7.000,6.880,7.000,719,502860.00
2011/10/14,7.100,7.100,7.100,7.070,19,14200.00
2011/10/17,7.000,7.110,7.000,7.110,1059,744640.00
2011/10/18,7.030,7.030,7.030,7.000,39,28120.00
2011/10/19,7.000,7.000,7.000,7.000,19,14000.00
2011/10/20,7.000,7.000,7.000,7.000,0,0.00
2011/10/21,7.000,7.000,7.000,7.000,0,0.00
2011/10/24,7.050,7.190,7.050,7.190,1039,743700.00
2011/10/25,7.190,7.200,7.100,7.150,699,499400.00
2011/10/26,7.150,7.150,7.150,7.150,36,25904.00
2011/10/27,7.190,7.340,7.050,7.340,1459,1053560.00
2011/10/28,7.410,7.520,7.410,7.520,759,569720.00
2011/10/31,7.450,7.550,7.450,7.540,399,299120.00
2011/11/01,7.350,7.350,7.350,7.350,59,44100.00
2011/11/02,7.350,7.350,7.350,7.350,199,147000.00
2011/11/03,7.380,7.450,7.380,7.450,699,519100.00
2011/11/04,7.520,7.520,7.520,7.520,0,0.00
2011/11/07,7.520,7.520,7.520,7.520,0,0.00
2011/11/08,7.500,7.620,7.500,7.620,259,196740.00
2011/11/09,7.620,7.670,7.620,7.660,179,137640.00
2011/11/10,7.600,7.600,7.590,7.600,959,729580.00
2011/11/11,7.660,7.700,7.660,7.700,1639,1256520.00
2011/11/14,7.700,7.700,7.700,7.700,0,0.00
2011/11/15,7.660,7.660,7.660,7.670,999,766000.00
2011/11/16,7.660,7.660,7.660,7.660,1139,873240.00
2011/11/17,7.700,7.700,7.700,7.700,39,30800.00
2011/11/18,7.610,7.610,7.610,7.620,1999,1522000.00
2011/11/21,7.610,7.610,7.610,7.610,1139,867540.00
2011/11/22,7.610,7.610,7.610,7.610,0,0.00
2011/11/23,7.510,7.510,7.370,7.450,799,598720.00
2011/11/24,7.450,7.450,7.450,7.450,1499,1117500.00
2011/11/25,7.450,7.450,7.450,7.450,0,0.00
2011/11/28,7.450,7.450,7.450,7.450,419,312900.00
2011/11/29,7.450,7.450,7.450,7.450,0,0.00
2011/11/30,7.450,7.500,7.450,7.450,419,313000.00
2011/12/01,7.450,7.510,7.450,7.530,59,44820.00
2011/12/02,7.600,7.600,7.600,7.600,0,0.00
2011/12/05,7.600,7.600,7.590,7.590,79,60740.00
2011/12/06,7.510,7.600,7.480,7.530,1479,1111840.00
2011/12/07,7.720,7.720,7.720,7.720,19,15440.00
2011/12/08,7.700,7.800,7.600,7.800,1119,853180.00
2011/12/09,7.660,7.990,7.660,7.940,319,249840.00
2011/12/12,7.950,7.970,7.750,7.950,559,444560.00
2011/12/13,7.940,7.940,7.940,7.940,0,0.00
2011/12/14,7.660,7.800,7.660,7.800,459,353820.00
2011/12/15,7.660,7.660,7.610,7.660,866,662007.00
2011/12/16,7.610,7.670,7.610,7.670,659,506060.00
2011/12/19,7.660,7.670,7.660,7.670,459,352480.00
2011/12/20,7.660,7.660,7.660,7.660,359,275760.00
2011/12/21,7.660,7.660,7.660,7.660,239,183840.00
2011/12/22,7.680,7.760,7.680,7.740,239,184640.00
2011/12/23,7.740,7.740,7.740,7.740,0,0.00
2011/12/28,7.650,7.650,7.650,7.650,399,306000.00
2011/12/29,7.650,7.650,7.650,7.650,0,0.00
2011/12/30,7.730,7.730,7.730,7.730,419,324660.00
2012/01/03,7.750,7.750,7.530,7.680,699,539000.00
2012/01/04,7.710,7.710,7.690,7.700,459,354060.00
2012/01/05,7.650,7.740,7.650,7.740,359,277580.00
2012/01/06,7.700,7.710,7.700,7.710,759,585240.00
2012/01/09,7.670,7.680,7.670,7.680,179,138120.00
2012/01/10,7.680,7.680,7.680,7.680,79,61440.00
2012/01/11,7.750,7.750,7.750,7.750,199,155000.00
2012/01/12,7.750,7.750,7.750,7.740,399,310000.00
2012/01/13,7.660,7.740,7.630,7.720,519,399540.00
2012/01/16,7.700,7.700,7.700,7.700,0,0.00
2012/01/17,7.570,7.700,7.570,7.700,739,566740.00
2012/01/18,7.700,7.710,7.700,7.710,159,123260.00
2012/01/19,7.740,7.800,7.690,7.790,2219,1720000.00
2012/01/20,7.710,7.790,7.710,7.750,759,589186.00
2012/01/26,7.730,7.850,7.730,7.800,179,140360.00
2012/01/27,7.800,7.800,7.800,7.800,99,78000.00
2012/01/30,7.660,7.710,7.660,7.710,599,462080.00
2012/01/31,7.710,7.710,7.630,7.710,2019,1556940.00
2012/02/01,7.570,7.790,7.570,7.730,485,374190.00
2012/02/02,7.790,7.800,7.790,7.800,719,561540.00
2012/02/03,7.780,7.780,7.780,7.780,499,389000.00
2012/02/06,7.820,7.960,7.820,7.920,706,557555.00
2012/02/07,7.930,7.950,7.930,7.930,919,729600.00
2012/02/08,7.950,8.100,7.950,8.100,939,750220.00
2012/02/09,8.100,8.300,8.100,8.230,619,508880.00
2012/02/10,8.210,8.300,8.210,8.250,834,689010.00
2012/02/13,8.300,8.320,8.220,8.320,459,382080.00
2012/02/14,8.340,8.350,8.340,8.350,599,500840.00
2012/02/15,8.370,8.420,8.220,8.400,479,401680.00
2012/02/16,8.400,8.420,8.350,8.350,859,723020.00
2012/02/17,8.540,8.540,8.500,8.500,479,408520.00
2012/02/20,8.530,8.620,8.530,8.610,965,830167.00
2012/02/21,8.600,8.600,8.600,8.600,0,0.00
2012/02/22,8.580,8.580,8.580,8.560,119,102960.00
2012/02/23,8.560,8.560,8.560,8.560,119,102720.00
2012/02/24,8.560,8.560,8.560,8.560,0,0.00
2012/02/27,8.790,8.870,8.560,8.560,599,523200.00
2012/02/28,8.600,8.650,8.600,8.650,299,258200.00
2012/02/29,8.700,8.700,8.600,8.650,686,594253.00
2012/03/01,8.690,8.690,8.550,8.550,1139,979120.00
2012/03/02,8.620,8.620,8.500,8.600,419,360200.00
2012/03/05,8.580,8.580,8.560,8.560,479,411520.00
2012/03/06,8.450,8.480,8.410,8.470,5859,4923200.00
2012/03/07,8.300,8.490,8.280,8.490,199,167800.00
2012/03/08,8.410,8.410,8.400,8.400,219,184900.00
2012/03/09,8.470,8.470,8.400,8.400,79,67340.00
2012/03/12,8.300,8.330,8.270,8.330,939,779540.00
2012/03/13,8.290,8.330,8.290,8.300,677,562949.00
2012/03/14,8.300,8.300,8.260,8.260,1499,1242600.00
2012/03/15,8.290,8.290,8.180,8.180,659,543240.00
2012/03/16,8.140,8.140,8.080,8.080,599,486820.00
2012/03/19,8.150,8.150,8.000,8.000,559,450540.00
2012/03/20,8.050,8.050,8.000,8.000,179,144400.00
2012/03/21,8.000,8.000,7.990,7.990,179,143980.00
2012/03/22,8.000,8.040,7.940,7.950,199,159740.00
2012/03/23,7.990,8.000,7.960,7.960,77,61981.00
2012/03/26,7.990,8.000,7.990,8.000,79,63940.00
2012/03/27,8.050,8.050,8.050,8.040,39,32200.00
2012/03/29,7.900,7.990,7.900,7.950,359,285080.00
2012/03/30,7.920,7.990,7.920,7.990,460,366760.00
2012/04/03,7.990,8.100,7.850,8.050,281,225560.00
2012/04/05,8.090,8.090,8.090,8.090,200,161857.00
2012/04/10,8.080,8.080,8.080,8.080,100,80808.00
2012/04/12,7.970,8.000,7.940,8.000,579,462000.00
2012/04/13,7.840,7.950,7.830,7.950,959,755380.00
2012/04/17,7.940,8.070,7.940,8.000,200,160397.00
2012/04/18,7.920,8.060,7.920,8.060,182,145929.00
2012/04/19,8.020,8.020,8.020,8.060,120,96281.00
2012/04/20,8.000,8.000,8.000,8.000,700,560040.00
2012/04/23,8.060,8.060,8.060,8.060,20,16148.00
2012/04/24,8.060,8.060,8.040,8.040,432,348305.00
2012/04/26,7.900,8.000,7.850,8.000,112,88772.00
2012/04/27,8.000,8.000,7.980,7.980,120,96160.00
2012/04/30,8.100,8.100,8.100,8.100,39,32400.00
2012/05/02,8.100,8.130,8.100,8.130,596,484639.00
2012/05/03,8.110,8.130,8.110,8.130,100,81236.00
2012/05/07,8.080,8.200,8.040,8.200,659,534020.00
2012/05/08,8.020,8.020,8.020,8.200,39,32080.00
2012/05/09,8.200,8.200,8.200,8.200,0,17.00
2012/05/15,8.020,8.020,8.020,8.020,20,16357.00
2012/05/16,7.600,7.960,7.600,7.960,59,46320.00
2012/05/17,7.770,7.900,7.700,7.790,639,499660.00
2012/05/18,7.600,7.600,7.400,7.450,554,415629.00
2012/05/21,7.550,7.550,7.550,7.550,0,7.00
2012/05/22,7.700,7.700,7.700,7.690,20,15407.00
2012/05/23,7.400,7.400,7.400,7.400,220,162808.00
2012/05/24,7.400,7.400,7.210,7.400,400,294962.00
2012/05/25,7.400,7.440,7.330,7.370,620,457367.00
2012/05/28,7.350,7.350,7.200,7.200,944,690363.00
2012/05/29,7.080,7.240,7.070,7.190,1957,1397551.00
2012/05/30,7.210,7.210,7.120,7.130,819,585480.00
2012/05/31,7.130,7.290,6.700,6.700,13240,9058264.00
2012/06/01,6.890,6.900,6.700,6.800,1123,770282.00
2012/06/04,6.780,6.800,6.510,6.620,1191,789640.00
2012/06/05,6.650,6.720,6.650,6.720,507,338344.00
2012/06/06,6.750,6.850,6.750,6.830,519,353780.00
2012/06/07,6.850,6.880,6.850,6.880,379,260500.00
2012/06/08,6.800,6.820,6.710,6.820,679,460780.00
2012/06/11,6.850,6.900,6.850,6.850,587,404146.00
2012/06/12,6.850,6.850,6.850,6.850,39,27400.00
2012/06/13,6.920,6.920,6.920,6.920,179,124560.00
2012/06/14,6.920,6.960,6.910,6.920,1159,803640.00
2012/06/15,6.920,6.930,6.890,6.920,879,609260.00
2012/06/18,6.990,7.070,6.990,7.050,743,523048.00
2012/06/19,6.960,7.050,6.960,7.050,159,111960.00
2012/06/20,7.150,7.150,7.100,7.100,99,71300.00
2012/06/25,7.050,7.050,6.980,7.000,259,182560.00
2012/06/26,6.950,6.980,6.950,6.980,219,153020.00
2012/06/27,6.990,6.990,6.990,6.990,119,83880.00
2012/06/28,7.050,7.050,7.050,7.050,179,126900.00
2012/06/29,7.100,7.150,7.100,7.150,288,206080.00
2012/07/03,7.120,7.180,7.120,7.180,419,300420.00
2012/07/04,7.180,7.180,7.140,7.180,219,157560.00
2012/07/06,7.150,7.300,7.120,7.300,359,257980.00
2012/07/09,7.250,7.260,7.250,7.250,859,623580.00
2012/07/11,7.300,7.300,7.300,7.300,99,73000.00
2012/07/12,7.310,7.380,7.300,7.360,359,263440.00
2012/07/13,7.450,7.450,7.400,7.400,59,44600.00
2012/07/16,7.330,7.390,7.330,7.390,99,73420.00
2012/07/17,7.450,7.500,7.400,7.450,799,593928.00
2012/07/19,7.500,7.500,7.500,7.500,79,60000.00
2012/07/20,7.550,7.550,7.550,7.550,19,15100.00
2012/07/23,7.500,7.500,7.500,7.500,59,45000.00
2012/07/24,7.300,7.450,7.300,7.450,59,44100.00
2012/07/27,7.440,7.440,7.440,7.440,99,74400.00
2012/07/30,7.500,7.500,7.500,7.500,152,114344.00
2012/07/31,7.390,7.520,7.390,7.520,319,238740.00
2012/08/01,7.550,7.550,7.500,7.500,89,67500.00
2012/08/02,7.400,7.500,7.400,7.500,119,89000.00
2012/08/03,7.400,7.450,7.400,7.450,39,29700.00
2012/08/06,7.700,7.700,7.670,7.680,1519,1169840.00
2012/08/07,7.660,7.660,7.650,7.650,259,198940.00
2012/08/08,7.700,7.700,7.680,7.680,59,46160.00
2012/08/09,7.400,7.500,7.400,7.450,1079,802460.00
2012/08/10,7.390,7.450,7.390,7.450,39,29680.00
2012/08/13,7.440,7.450,7.400,7.400,519,385480.00
2012/08/14,7.450,7.450,7.450,7.450,19,14900.00
2012/08/15,7.400,7.450,7.400,7.450,39,29700.00
2012/08/16,7.450,7.450,7.450,7.450,79,59600.00
2012/08/17,7.410,7.410,7.360,7.400,439,324660.00
2012/08/21,7.420,7.420,7.420,7.420,1739,1291080.00
2012/08/22,7.430,7.490,7.430,7.420,59,44700.00
2012/08/23,7.380,7.420,7.380,7.410,239,177280.00
2012/08/24,7.310,7.350,7.300,7.350,499,365600.00
2012/08/28,7.300,7.300,7.300,7.350,119,87600.00
2012/08/29,7.380,7.380,7.380,7.380,19,14760.00
2012/09/04,7.300,7.330,7.300,7.300,79,58460.00
2012/09/05,7.200,7.280,7.200,7.280,79,57760.00
2012/09/06,7.280,7.380,7.280,7.380,299,218820.00
2012/09/07,7.400,7.500,7.380,7.480,1583,1175180.00
2012/09/10,7.520,7.520,7.520,7.520,49,37600.00
2012/09/11,7.420,7.500,7.420,7.500,279,208560.00
2012/09/12,7.500,7.560,7.500,7.540,519,391960.00
2012/09/13,7.600,7.600,7.520,7.600,259,196960.00
2012/09/14,7.600,7.620,7.460,7.610,591,447132.00
2012/09/17,7.500,7.500,7.500,7.500,17,12814.00
2012/09/18,7.500,7.550,7.500,7.550,59,45200.00
2012/09/19,7.600,7.600,7.470,7.580,599,452840.00
2012/09/21,7.580,7.580,7.540,7.580,799,604530.00
2012/09/24,7.540,7.540,7.470,7.520,4389,3291901.00
2012/09/25,7.560,7.560,7.530,7.530,124,94009.00
2012/09/26,7.480,7.530,7.480,7.530,12299,9261600.00
2012/09/27,7.550,7.550,7.460,7.540,599,452640.00
2012/09/28,7.580,7.580,7.520,7.550,159,120500.00
2012/10/03,7.580,7.600,7.550,7.600,2439,1844600.00
2012/10/04,7.700,7.710,7.700,7.700,119,92440.00
2012/10/05,7.700,7.750,7.650,7.750,458,353008.00
2012/10/08,7.750,7.760,7.720,7.750,1219,945540.00
2012/10/09,7.750,7.800,7.700,7.770,1086,843788.00
2012/10/10,7.790,7.800,7.750,7.800,305,238228.00
2012/10/12,7.800,7.820,7.800,7.820,219,171720.00
2012/10/15,7.850,7.890,7.830,7.890,1419,1114740.00
2012/10/16,7.900,7.960,7.890,7.930,1299,1029100.00
2012/10/17,7.900,8.000,7.900,8.000,1249,996200.00
2012/10/18,8.000,8.050,8.000,8.050,239,192520.00
2012/10/19,8.040,8.050,8.040,8.040,299,241300.00
2012/10/22,8.070,8.070,8.070,8.070,59,48420.00
2012/10/24,8.080,8.100,8.040,8.090,559,452360.00
2012/10/25,8.120,8.120,8.010,8.070,319,257960.00
2012/10/26,7.990,7.990,7.940,7.980,585,467459.00
2012/10/30,7.980,8.000,7.980,8.000,759,606720.00
2012/10/31,8.040,8.080,8.000,8.070,759,612640.00
2012/11/01,8.090,8.100,8.010,8.060,574,463748.00
2012/11/02,8.090,8.250,8.060,8.250,2239,1824060.00
2012/11/06,8.110,8.110,8.110,8.110,99,81100.00
2012/11/07,8.100,8.290,8.100,8.200,179,148300.00
2012/11/08,8.070,8.070,8.070,8.070,71,58020.00
2012/11/09,8.200,8.200,7.950,8.000,519,416940.00
2012/11/12,7.960,7.980,7.900,7.950,699,556700.00
2012/11/13,7.950,7.950,7.880,7.890,999,791720.00
2012/11/14,7.900,7.900,7.860,7.900,559,442320.00
2012/11/15,8.100,8.100,8.100,7.970,19,16200.00
2012/11/16,7.920,7.920,7.900,7.920,659,521920.00
2012/11/19,7.900,7.900,7.900,7.900,5059,4019240.00
2012/11/20,7.920,7.920,7.920,7.920,159,126720.00
2012/11/21,7.920,7.920,7.910,7.920,259,205880.00
2012/11/22,7.920,7.920,7.910,7.920,319,253320.00
2012/11/23,7.800,7.970,7.800,7.950,319,251980.00
2012/11/26,7.960,8.000,7.910,8.000,379,302620.00
2012/11/27,8.020,8.020,7.950,8.020,319,255100.00
2012/11/28,7.950,8.000,7.950,8.000,159,127300.00
2012/11/29,8.300,8.560,8.290,8.500,4299,3632660.00
2012/11/30,8.400,9.300,8.400,9.010,9452,8552610.00
2012/12/03,9.010,9.040,8.630,8.960,2099,1855600.00
2012/12/04,8.800,8.830,8.800,8.810,919,810160.00
2012/12/05,8.750,8.860,8.750,8.880,319,281600.00
2012/12/06,8.900,8.940,8.880,8.910,743,662780.00
2012/12/07,9.000,9.000,8.900,8.900,459,412800.00
2012/12/10,9.000,9.000,8.800,8.900,199,177800.00
2012/12/11,8.890,8.900,8.800,8.800,399,353320.00
2012/12/12,8.870,8.870,8.780,8.820,945,834340.00
2012/12/13,8.820,8.820,8.730,8.800,179,158160.00
2012/12/14,8.790,8.890,8.790,8.880,339,300720.00
2012/12/17,8.800,8.860,8.800,8.850,279,247620.00
2012/12/18,8.820,8.820,8.810,8.810,59,52880.00
2012/12/19,8.890,8.890,8.810,8.810,299,264800.00
2012/12/20,8.800,9.170,8.760,9.090,3846,3438645.00
2012/12/21,9.020,9.040,8.940,8.940,779,701320.00
2012/12/24,8.910,8.910,8.900,8.910,599,534540.00
2012/12/27,9.000,9.000,8.890,8.990,619,555060.00
2012/12/31,8.880,8.980,8.880,8.980,39,35720.00
2013/01/02,8.900,9.000,8.900,8.950,1525,1371348.00
2013/01/03,9.000,9.060,9.000,9.000,959,864940.00
2013/01/04,9.000,9.020,8.950,9.000,1299,1169380.00
2013/01/07,9.000,9.140,9.000,9.100,579,524040.00
2013/01/08,9.020,9.080,9.020,9.030,159,144800.00
2013/01/09,9.010,9.120,9.010,9.120,1279,1159840.00
2013/01/10,9.180,9.220,9.100,9.220,1499,1377940.00
2013/01/11,9.180,9.190,9.100,9.180,619,566540.00
2013/01/14,9.180,9.280,9.180,9.260,459,424720.00
2013/01/15,9.270,9.300,9.200,9.200,1719,1592020.00
2013/01/16,9.150,9.220,9.150,9.220,1127,1035988.00
2013/01/17,9.190,9.190,9.180,9.180,299,275580.00
2013/01/18,9.180,9.210,9.100,9.200,519,475500.00
2013/01/21,9.200,9.300,9.200,9.300,999,923980.00
2013/01/22,9.300,9.400,9.270,9.360,1119,1049880.00
2013/01/23,9.380,9.430,9.360,9.360,1299,1221160.00
2013/01/24,9.400,9.430,9.400,9.400,599,564780.00
2013/01/25,9.400,9.400,9.320,9.380,859,804860.00
2013/01/28,9.330,9.380,9.300,9.380,1159,1080880.00
2013/01/29,9.390,9.420,9.390,9.400,119,112860.00
2013/01/30,9.470,9.490,9.370,9.410,539,508780.00
2013/01/31,9.390,9.420,9.390,9.390,65,61608.00
2013/02/01,9.440,9.440,9.440,9.440,19,18880.00
2013/02/04,9.470,9.580,9.420,9.480,1519,1448380.00
2013/02/05,9.640,9.930,9.640,9.780,6828,6676910.00
2013/02/06,10.200,11.260,10.000,10.800,21206,22940544.00
2013/02/07,11.000,11.300,10.800,11.020,9999,11061280.00
2013/02/08,11.160,11.160,10.900,10.960,2519,2769360.00
2013/02/14,10.980,10.980,10.940,10.960,359,395120.00
2013/02/15,10.960,11.220,10.960,11.220,3299,3673440.00
2013/02/18,11.240,11.240,11.080,11.120,859,959480.00
2013/02/19,11.140,11.140,11.060,11.120,1551,1723928.00
2013/02/20,11.200,11.200,11.080,11.180,4299,4787840.00
2013/02/21,11.120,11.340,11.080,11.180,3799,4227760.00
2013/02/22,11.200,11.580,11.200,11.420,6707,7555880.00
2013/02/25,11.300,11.480,11.300,11.460,2247,2562400.00
2013/02/26,11.380,11.440,11.100,11.120,3119,3518520.00
2013/02/27,11.120,11.300,11.120,11.280,579,650760.00
2013/02/28,11.280,11.360,11.220,11.300,799,900960.00
2013/03/01,11.460,11.480,11.280,11.460,4179,4753080.00
2013/03/04,11.620,11.620,11.380,11.460,7059,8106800.00
2013/03/05,11.600,11.600,11.440,11.520,1959,2253920.00
2013/03/06,11.520,11.520,11.440,11.460,1439,1653440.00
2013/03/07,11.460,11.460,11.120,11.280,1799,2047560.00
2013/03/08,11.260,11.720,11.200,11.560,12379,14316200.00
2013/03/11,11.600,11.600,11.380,11.560,3799,4371200.00
2013/03/12,11.540,11.560,11.340,11.400,2759,3153680.00
2013/03/13,11.400,11.400,11.280,11.320,931,1056402.00
2013/03/14,11.300,11.440,11.220,11.300,2519,2846310.00
2013/03/15,11.300,11.460,11.300,11.360,2619,2974320.00
2013/03/18,11.360,11.360,11.080,11.160,999,1115040.00
2013/03/19,11.200,11.220,11.160,11.160,419,469800.00
2013/03/20,11.380,11.540,11.380,11.540,139,159840.00
2013/03/21,11.480,11.520,11.400,11.480,2100,2413137.00
2013/03/22,11.380,11.480,11.380,11.420,879,1005720.00
2013/03/25,11.460,11.460,11.440,11.440,599,686920.00
2013/03/26,11.400,11.400,11.380,11.400,599,683840.00
2013/03/27,11.300,11.320,11.260,11.320,959,1085640.00
2013/03/28,11.280,11.760,11.280,11.700,2919,3381480.00
2013/04/02,12.140,12.640,11.700,12.300,11962,14826464.00
2013/04/03,12.000,12.300,12.000,12.040,1919,2317720.00
2013/04/05,11.840,12.080,11.560,11.580,2599,3047080.00
2013/04/08,11.580,11.700,11.460,11.640,2048,2370744.00
2013/04/09,11.640,11.900,11.580,11.660,3499,4093640.00
2013/04/10,11.620,11.760,11.620,11.760,459,537480.00
2013/04/11,11.860,11.920,11.780,11.780,719,853920.00
2013/04/12,11.780,11.780,11.640,11.760,799,936480.00
2013/04/15,11.660,11.720,11.600,11.720,1579,1842760.00
2013/04/16,11.500,11.760,11.500,11.760,1539,1790280.00
2013/04/17,11.800,11.840,11.660,11.760,1359,1600760.00
2013/04/18,11.800,11.800,11.720,11.720,125,147482.00
2013/04/19,11.660,11.660,11.520,11.560,2439,2824920.00
2013/04/22,11.220,11.280,11.040,11.240,3839,4293280.00
2013/04/23,11.200,11.880,11.200,11.740,3419,3985680.00
2013/04/24,11.660,11.760,11.540,11.660,879,1023800.00
2013/04/25,11.580,11.580,11.500,11.500,359,415120.00
2013/04/26,11.440,11.600,11.340,11.400,879,1004480.00
2013/04/29,11.560,11.560,11.400,11.420,719,822480.00
2013/04/30,11.420,11.600,11.420,11.600,1559,1797520.00
2013/05/02,11.520,11.540,11.500,11.540,59,69120.00
2013/05/03,11.500,11.560,11.500,11.500,1339,1545320.00
2013/05/06,11.400,11.500,11.400,11.480,859,983480.00
2013/05/07,11.500,11.500,11.440,11.480,959,1099160.00
2013/05/08,11.400,11.520,11.400,11.400,519,594360.00
2013/05/09,11.400,11.500,11.400,11.400,299,342080.00
2013/05/10,11.380,11.480,11.360,11.440,999,1138720.00
2013/05/13,11.600,11.660,11.400,11.480,479,553360.00
2013/05/14,11.300,11.340,11.240,11.260,439,496600.00
2013/05/15,11.200,11.280,11.180,11.280,439,492880.00
2013/05/16,11.240,11.240,11.180,11.220,919,1030560.00
2013/05/20,11.200,11.240,11.060,11.220,2299,2572120.00
2013/05/21,11.300,11.300,11.100,11.140,1289,1445560.00
2013/05/22,11.200,11.200,11.140,11.200,599,670160.00
2013/05/23,11.200,11.200,11.000,11.120,1019,1129440.00
2013/05/24,11.100,11.180,11.080,11.180,579,643920.00
2013/05/27,11.100,11.140,11.100,11.140,419,466920.00
2013/05/28,11.120,11.280,11.100,11.240,1059,1181320.00
2013/05/29,11.240,11.300,11.220,11.260,3439,3869360.00
2013/05/30,11.180,11.200,10.960,10.960,939,1039360.00
2013/05/31,10.940,11.080,10.780,10.980,719,785560.00
2013/06/03,10.980,11.180,10.980,11.000,599,665400.00
2013/06/04,11.020,11.080,10.780,11.000,159,175760.00
2013/06/05,10.800,11.000,10.640,10.900,1119,1204400.00
2013/06/06,10.700,11.000,10.700,10.800,139,151400.00
2013/06/07,10.880,10.900,10.660,10.780,380,408520.00
2013/06/10,10.780,10.780,10.620,10.620,39,42800.00
2013/06/11,10.500,10.520,10.260,10.320,399,416680.00
2013/06/13,10.220,10.260,10.000,10.060,899,908760.00
2013/06/14,10.100,10.360,10.060,10.360,499,511120.00
2013/06/17,10.360,10.840,10.360,10.720,539,576400.00
2013/06/18,10.780,11.000,10.720,10.900,999,1086400.00
2013/06/19,11.000,11.000,11.000,10.960,39,44000.00
2013/06/20,10.840,10.840,10.400,10.400,1039,1092280.00
2013/06/21,10.200,11.500,10.200,11.480,2979,3296960.00
2013/06/24,11.200,11.200,10.380,10.480,999,1077120.00
2013/06/25,10.820,10.820,10.100,10.520,1439,1497040.00
2013/06/26,10.600,10.920,10.580,10.920,1279,1372000.00
2013/06/27,11.000,11.480,10.820,10.820,3999,4457640.00
2013/06/28,11.000,11.020,10.800,10.800,519,566440.00
2013/07/02,10.800,10.940,10.580,10.920,439,470760.00
2013/07/04,10.500,10.940,10.500,10.880,459,499680.00
2013/07/05,11.000,11.000,10.820,10.880,119,130800.00
2013/07/08,10.920,10.920,10.640,10.780,759,813960.00
2013/07/09,10.700,10.740,10.680,10.720,359,385040.00
2013/07/10,10.660,10.700,10.660,10.700,219,234760.00
2013/07/11,10.700,10.700,10.700,10.720,39,42800.00
2013/07/12,10.900,10.900,10.900,10.860,39,43600.00
2013/07/15,10.700,10.860,10.660,10.800,299,321400.00
2013/07/16,10.780,10.780,10.640,10.740,339,363480.00
2013/07/17,10.660,10.660,10.660,10.660,59,63960.00
2013/07/18,10.680,10.680,10.660,10.660,299,319880.00
2013/07/19,10.660,10.740,10.660,10.720,279,299600.00
2013/07/22,10.680,10.680,10.680,10.680,19,21360.00
2013/07/23,10.700,10.920,10.700,10.840,459,497440.00
2013/07/26,10.940,11.100,10.940,11.060,1299,1431720.00
2013/07/29,11.000,11.200,11.000,11.100,1539,1710360.00
2013/07/30,11.100,11.400,11.100,11.340,2279,2582040.00
2013/07/31,11.380,11.500,11.360,11.420,2359,2699360.00
2013/08/01,11.360,11.440,11.260,11.440,1979,2252920.00
2013/08/02,11.480,11.480,11.360,11.440,1259,1441200.00
2013/08/05,11.440,11.500,11.440,11.500,777,892273.00
2013/08/06,11.480,11.480,11.480,11.480,179,206640.00
2013/08/08,13.100,14.160,13.100,13.480,19866,27343162.00
2013/08/09,13.780,13.800,13.500,13.700,10029,13663540.00
2013/08/12,13.800,13.800,13.660,13.700,6045,8294865.00
2013/08/13,13.700,13.700,13.440,13.520,1643,2228296.00
2013/08/15,13.500,13.800,13.500,13.700,1839,2513160.00
2013/08/16,13.600,13.600,13.440,13.520,2499,3370360.00
2013/08/19,13.520,13.660,13.500,13.600,1159,1578480.00
2013/08/20,13.500,13.660,13.300,13.340,1139,1534000.00
2013/08/21,13.240,13.400,13.220,13.360,299,399400.00
2013/08/22,13.200,13.540,13.200,13.340,1299,1735920.00
2013/08/23,13.500,13.600,13.500,13.520,1426,1932524.00
2013/08/26,13.500,13.740,13.500,13.640,1155,1578976.00
2013/08/27,13.800,14.660,13.760,14.580,12035,17251584.00
2013/08/28,14.620,14.620,14.140,14.320,3399,4870360.00
2013/08/29,14.500,14.660,14.500,14.560,2609,3803800.00
2013/08/30,14.600,14.600,14.380,14.540,1313,1901454.00
2013/09/02,14.780,14.780,14.660,14.700,1579,2321880.00
2013/09/03,14.700,14.700,14.500,14.500,2959,4320480.00
2013/09/04,14.500,14.640,14.500,14.640,819,1197600.00
2013/09/05,14.600,14.680,14.600,14.640,1319,1932400.00
2013/09/06,14.600,14.680,14.540,14.660,1451,2120277.00
2013/09/09,14.740,14.840,14.320,14.520,3679,5365920.00
2013/09/10,14.580,14.660,14.480,14.480,2039,2969400.00
2013/09/11,14.480,14.740,14.480,14.720,1499,2198880.00
2013/09/12,14.720,14.740,14.700,14.700,1180,1738362.00
2013/09/13,14.700,14.700,14.440,14.440,626,909332.00
2013/09/16,14.880,15.980,14.800,15.840,10711,16650232.00
2013/09/17,16.180,17.080,15.900,17.040,25367,42086040.00
2013/09/18,17.180,17.200,16.700,17.100,10779,18259440.00
2013/09/19,17.100,19.200,17.100,19.020,31948,58972844.00
2013/09/23,19.000,19.800,18.320,19.480,23009,44333380.00
2013/09/24,19.500,19.540,19.020,19.240,10319,19845400.00
2013/09/25,19.300,19.400,18.700,19.160,7509,14285718.00
2013/09/26,19.020,19.200,18.740,18.880,10669,20172000.00
2013/09/27,19.000,19.060,18.800,18.960,3565,6745189.00
2013/09/30,19.000,19.080,18.820,18.940,5891,11140064.00
2013/10/02,18.900,19.000,18.820,18.940,3279,6203200.00
2013/10/03,19.000,19.900,18.940,19.440,14747,28892256.00
2013/10/04,19.400,19.400,18.840,19.140,7103,13587888.00
2013/10/07,18.960,19.000,18.700,18.760,4979,9361400.00
2013/10/08,18.700,18.960,18.700,18.780,3430,6461702.00
2013/10/09,18.520,18.700,17.680,17.900,13979,25268160.00
2013/10/10,17.920,18.260,17.500,17.860,4359,7813120.00
2013/10/11,18.160,18.160,17.760,18.000,3699,6614240.00
2013/10/15,18.260,18.540,18.060,18.500,5917,10832977.00
2013/10/16,18.500,18.500,18.220,18.460,2379,4375720.00
2013/10/17,18.520,18.520,18.380,18.420,1799,3316360.00
2013/10/18,18.500,19.180,18.500,19.040,9699,18332488.00
2013/10/21,19.060,19.120,18.760,18.900,2939,5576800.00
2013/10/22,18.800,19.000,18.760,18.840,2599,4910040.00
2013/10/23,18.980,20.100,18.600,19.880,8079,15549420.00
2013/10/28,18.800,18.800,16.800,17.100,41890,72638376.00
2013/10/29,17.100,17.140,16.260,16.660,28636,47649316.00
2013/10/30,16.800,16.900,16.660,16.900,26565,44454728.00
2013/10/31,16.880,17.360,16.880,17.240,17132,29395904.00
2013/11/01,17.260,17.260,17.000,17.040,4319,7370640.50
2013/11/04,17.020,17.040,16.880,17.000,5679,9645964.00
2013/11/05,16.980,16.980,16.880,16.920,3879,6567320.50
2013/11/06,16.700,16.920,16.700,16.820,2359,3962440.25
2013/11/07,16.760,16.860,16.740,16.800,1959,3288800.25
2013/11/08,16.800,16.800,16.640,16.640,1739,2906440.25
2013/11/11,16.540,16.540,16.240,16.260,6489,10592901.00
2013/11/12,16.080,16.540,16.080,16.240,3939,6410280.50
2013/11/13,16.220,16.360,15.900,15.920,6399,10237920.00
2013/11/14,16.000,16.200,15.920,15.960,3479,5580520.50
2013/11/15,15.900,16.000,15.720,15.740,3771,5976067.50
2013/11/18,15.700,15.700,15.180,15.360,11679,17882360.00
2013/11/19,15.400,16.060,15.400,16.040,9119,14342101.00
2013/11/20,15.900,15.900,15.700,15.760,1765,2797017.25
2013/11/21,16.100,16.100,15.640,15.900,4659,7416060.50
2013/11/22,15.900,15.900,15.720,15.760,2139,3383280.25
2013/11/25,15.660,15.780,15.380,15.780,599,943160.06
2013/11/26,15.620,15.760,15.620,15.660,999,1570360.13
2013/11/27,15.640,15.760,15.580,15.620,3919,6133760.50
2013/11/28,15.620,15.640,15.580,15.580,1399,2184800.00
2013/11/29,15.560,15.620,15.560,15.600,1159,1811080.13
2013/12/02,15.480,15.580,15.440,15.480,1979,3068106.25
2013/12/03,15.600,15.720,15.460,15.460,4019,6246920.50
2013/12/04,15.400,15.580,15.400,15.560,1739,2699600.25
2013/12/05,15.560,15.620,15.360,15.360,2820,4352548.50
2013/12/06,15.360,15.440,15.360,15.440,2499,3853720.25
2013/12/09,15.440,15.440,15.160,15.180,1961,2998932.25
2013/12/10,15.120,15.200,15.080,15.160,559,848040.06
2013/12/11,15.100,15.100,14.860,14.980,2259,3380640.25
2013/12/12,14.980,14.980,14.800,14.820,2539,3776360.25
2013/12/13,14.900,15.020,14.900,14.980,1799,2693440.25
2013/12/16,15.000,15.000,14.760,14.800,1865,2768482.50
2013/12/17,14.800,14.960,14.800,14.840,739,1097960.00
2013/12/18,14.780,14.900,14.700,14.780,2539,3754720.25
2013/12/19,14.820,14.820,14.500,14.500,2499,3653524.25
2013/12/20,14.500,14.500,14.180,14.300,3739,5355880.50
2013/12/23,14.220,14.220,13.800,14.020,3486,4896526.50
2013/12/24,14.100,14.200,14.080,14.100,3079,4345144.00
2013/12/27,14.200,14.900,14.180,14.820,5319,7845600.50
2013/12/30,14.880,14.900,14.740,14.780,2799,4149160.25
2013/12/31,14.760,14.860,14.760,14.820,859,1273320.00
2014/01/02,14.800,14.800,14.700,14.800,1319,1946880.13
2014/01/03,14.760,14.760,14.600,14.660,1299,1906960.13
2014/01/06,14.700,14.880,14.540,14.800,4819,7112280.50
2014/01/07,14.880,15.260,14.860,15.000,7425,11187111.00
2014/01/08,15.040,15.280,15.040,15.120,6896,10480127.00
2014/01/09,15.580,16.180,15.560,15.880,11639,18424400.00
2014/01/10,15.900,15.900,15.400,15.440,6271,9825808.00
2014/01/13,15.440,15.500,15.280,15.300,5779,8860880.00
2014/01/14,15.260,15.420,15.200,15.200,3159,4832840.00
2014/01/15,15.300,15.320,15.200,15.260,1579,2409320.00
2014/01/16,15.260,15.720,15.260,15.520,3939,6110800.50
2014/01/17,15.600,15.800,15.580,15.720,4239,6648360.50
2014/01/20,15.780,16.100,15.780,16.000,4712,7504850.50
2014/01/21,16.000,16.160,15.900,16.020,1942,3115936.25
2014/01/22,16.080,16.080,15.920,15.960,2785,4449134.00
2014/01/23,15.860,15.920,15.800,15.800,1139,1806560.13
2014/01/24,15.800,15.800,15.420,15.440,1819,2828680.25
2014/01/27,15.200,15.320,15.020,15.160,3079,4673440.00
2014/01/28,15.440,15.460,15.140,15.140,1739,2663160.25
2014/01/29,15.160,15.420,15.160,15.280,1119,1712880.13
2014/01/30,15.220,15.300,15.220,15.280,359,549600.00
2014/02/04,15.160,15.420,15.160,15.280,1469,2243580.00
2014/02/05,15.340,15.400,15.160,15.240,1439,2205560.00
2014/02/06,15.400,15.900,15.400,15.680,4249,6629160.50
2014/02/07,15.820,16.940,15.820,16.840,25299,41680080.00
2014/02/10,16.940,17.100,16.500,16.580,6259,10524520.00
2014/02/11,16.480,16.640,16.440,16.540,2199,3634680.25
2014/02/12,16.540,16.540,16.280,16.420,1579,2591760.00
2014/02/13,16.380,16.560,16.340,16.420,1571,2586256.00
2014/02/14,16.400,16.740,16.400,16.660,2639,4394840.00
2014/02/17,16.720,16.780,16.400,16.560,2899,4820694.00
2014/02/18,16.700,16.720,16.580,16.720,3779,6298560.50
2014/02/19,16.720,16.780,16.660,16.760,5329,8915140.00
2014/02/20,16.780,17.280,16.780,17.220,12199,20791280.00
2014/02/21,17.240,17.280,17.140,17.140,4899,8431000.00
2014/02/24,17.140,17.260,17.140,17.180,4339,7467040.50
2014/02/25,17.220,17.220,16.820,16.940,5159,8810090.00
2014/02/26,17.000,17.000,16.600,16.920,5039,8467080.00
2014/02/27,16.700,16.780,15.600,15.640,51519,83043000.00
2014/02/28,15.660,15.920,15.660,15.920,11539,18232400.00
2014/03/03,15.960,15.960,15.720,15.760,12343,19516470.00
2014/03/04,15.800,15.860,15.700,15.840,5559,8790360.00
2014/03/05,15.860,15.960,15.740,15.760,5759,9137720.00
2014/03/06,15.760,15.880,15.640,15.840,4779,7546360.50
2014/03/07,16.000,16.880,15.780,16.620,17919,29396376.00
2014/03/10,16.600,16.920,16.440,16.760,14809,24745002.00
2014/03/11,16.700,16.760,16.580,16.640,9559,15962061.00
2014/03/12,16.680,16.680,16.140,16.500,14679,24088956.00
2014/03/13,16.540,16.540,16.000,16.180,11974,19406098.00
2014/03/14,16.000,16.020,15.820,15.900,4839,7702640.50
2014/03/17,15.940,15.940,15.700,15.940,3339,5283350.50
2014/03/18,15.920,16.200,15.920,16.180,4005,6441240.50
2014/03/19,16.300,16.420,16.120,16.140,4919,7998920.50
2014/03/20,16.120,16.160,15.940,15.940,3719,5963720.50
2014/03/21,16.060,16.500,15.940,16.160,13362,21479686.00
2014/03/24,16.300,16.340,16.040,16.160,3565,5776612.50
2014/03/25,16.160,16.160,16.000,16.040,4839,7782070.50
2014/03/26,16.000,16.040,15.800,15.860,2959,4704796.00
2014/03/27,15.800,15.920,15.760,15.860,2839,4493640.00
2014/03/28,15.900,16.040,15.880,16.040,10415,16594093.00
2014/03/31,16.180,16.180,15.960,16.000,659,1057562.00
2014/04/01,16.040,16.120,15.940,16.000,3519,5648000.50
2014/04/02,16.120,16.700,16.060,16.680,7979,13084451.00
2014/04/03,16.600,16.780,16.600,16.680,16599,27691362.00
2014/04/04,16.680,16.720,16.500,16.540,2871,4769232.00
2014/04/07,16.480,16.500,16.360,16.400,2959,4855008.00
2014/04/08,16.340,16.480,16.320,16.360,2922,4789316.50
2014/04/09,16.320,16.540,16.320,16.460,2599,4281894.00
2014/04/10,16.400,16.540,16.300,16.500,4479,7358520.50
2014/04/11,16.480,16.540,16.460,16.500,2299,3793240.25
2014/04/14,16.500,16.680,16.380,16.540,5708,9434635.00
2014/04/15,16.480,16.740,16.480,16.620,4984,8278370.50
2014/04/16,16.500,17.180,16.500,17.100,14329,24264222.00
2014/04/17,17.100,17.480,17.100,17.460,19819,34441880.00
2014/04/22,17.500,17.500,17.160,17.200,6339,10973601.00
2014/04/23,17.340,17.340,16.980,17.080,14645,25054178.00
2014/04/24,14.800,15.160,14.500,15.040,17179,25469602.00
2014/04/25,15.000,15.020,14.800,14.920,4837,7200277.50
2014/04/28,14.980,15.020,14.840,14.960,3979,5951520.50
2014/04/29,14.900,14.940,14.760,14.760,4179,6199360.50
2014/04/30,14.720,15.000,14.700,14.860,8819,13121321.00
2014/05/02,11.700,11.700,10.220,10.460,28979,30676662.00
2014/05/05,10.460,10.460,10.080,10.120,13579,13839841.00
2014/05/07,10.140,10.140,9.430,9.700,18369,17879718.00
2014/05/08,9.610,9.610,9.290,9.320,11037,10437986.00
2014/05/09,9.200,9.300,9.040,9.070,8339,7592360.50
2014/05/12,9.050,9.050,8.890,8.970,5999,5371200.50
2014/05/13,9.100,9.100,8.970,9.000,5999,5408580.50
2014/05/14,9.000,9.180,9.000,9.100,4559,4151040.25
2014/05/15,9.070,9.520,9.070,9.420,6299,5894540.50
2014/05/16,9.380,9.460,9.310,9.410,4475,4208040.00
2014/05/19,9.440,9.520,9.410,9.470,4899,4641500.00
2014/05/20,9.480,9.850,9.470,9.800,6999,6820000.50
2014/05/21,9.750,10.060,9.750,9.900,8399,8370780.50
2014/05/22,9.800,10.020,9.800,9.930,3019,3011180.25
2014/05/23,9.940,10.000,9.940,9.980,1819,1814700.13
2014/05/26,9.910,9.970,9.880,9.880,2839,2810868.25
2014/05/27,9.870,9.890,9.620,9.650,3979,3857880.25
2014/05/28,9.650,9.790,9.630,9.720,1419,1378160.13
2014/05/29,9.700,9.890,9.700,9.740,2499,2449620.00
2014/05/30,9.740,9.790,9.720,9.750,1739,1699840.13
2014/06/03,9.860,9.860,9.700,9.820,9399,9177900.00
2014/06/04,9.800,9.880,9.790,9.850,3959,3896840.25
2014/06/05,9.800,9.840,9.770,9.840,7499,7352680.50
2014/06/06,9.940,9.940,9.780,9.840,2580,2538970.00
2014/06/09,9.800,9.840,9.760,9.760,1239,1213980.00
2014/06/10,9.880,9.880,9.730,9.770,1423,1392580.13
2014/06/11,9.750,9.750,9.720,9.740,1359,1323780.13
2014/06/12,9.700,9.790,9.700,9.710,1079,1050560.00
2014/06/13,9.690,9.690,9.630,9.670,1879,1815820.13
2014/06/16,9.600,9.670,9.600,9.660,1419,1370660.13
2014/06/17,9.610,9.640,9.600,9.600,1639,1574980.13
2014/06/18,9.550,9.620,9.550,9.560,1259,1206860.00
2014/06/19,9.520,9.650,9.480,9.530,1219,1162340.00
2014/06/20,9.470,9.640,9.410,9.500,2999,2841160.25
2014/06/23,9.450,9.770,9.300,9.350,5799,5504800.50
2014/06/24,9.350,9.440,9.260,9.260,2859,2668680.25
2014/06/25,9.270,9.450,9.230,9.230,3679,3417140.25
2014/06/26,9.240,9.370,9.240,9.290,1059,983360.06
2014/06/27,9.220,9.310,9.180,9.190,2259,2082830.13
2014/06/30,9.200,9.270,9.180,9.180,1219,1124040.00
2014/07/02,9.170,9.290,9.170,9.270,1219,1129360.00
2014/07/03,9.220,9.390,9.220,9.360,2079,1939340.13
2014/07/04,9.310,9.350,9.250,9.310,1719,1597000.13
2014/07/07,9.270,9.350,9.260,9.270,2659,2468300.00
2014/07/08,9.260,9.350,9.250,9.320,3099,2881590.25
2014/07/09,9.250,9.330,9.230,9.270,2259,2096340.13
2014/07/10,9.270,9.300,9.260,9.260,1944,1803907.13
2014/07/11,9.240,9.270,9.230,9.240,319,295760.00
2014/07/14,9.250,9.300,9.250,9.250,259,240700.02
2014/07/15,9.300,9.560,9.300,9.430,4459,4225060.00
2014/07/16,9.460,9.520,9.410,9.520,1379,1308320.00
2014/07/17,9.500,9.580,9.500,9.570,2199,2095600.13
2014/07/18,9.510,9.550,9.500,9.530,819,780740.06
2014/07/21,9.520,9.680,9.520,9.660,1579,1521660.13
2014/07/22,9.640,9.740,9.640,9.680,1139,1104620.00
2014/07/23,9.640,9.740,9.640,9.720,3739,3627880.25
2014/07/24,9.680,9.760,9.680,9.760,1839,1791820.13
2014/07/25,9.810,9.970,9.760,9.950,2875,2837832.25
2014/07/28,10.000,10.020,9.960,10.020,3139,3140620.25
2014/07/29,10.020,10.100,9.970,10.100,3239,3245140.25
2014/07/30,10.100,10.220,10.100,10.220,2979,3026360.25
2014/07/31,10.220,10.280,10.160,10.200,2519,2575920.00
2014/08/01,10.120,10.220,10.060,10.220,2539,2569840.00
2014/08/04,10.060,10.300,10.060,10.200,1597,1634096.13
2014/08/05,10.240,10.300,10.200,10.280,1459,1496560.13
2014/08/06,10.180,10.280,10.180,10.280,1119,1147800.00
2014/08/07,10.300,10.340,10.260,10.320,1679,1729120.13
2014/08/08,10.260,10.680,10.260,10.600,6279,6620880.50
2014/08/11,10.700,10.780,10.100,10.480,10299,10710561.00
2014/08/12,10.500,10.960,10.500,10.760,9439,10163460.00
2014/08/13,10.760,10.760,10.340,10.500,3019,3177200.25
2014/08/14,10.440,10.600,10.420,10.440,2179,2279440.00
2014/08/15,10.440,10.520,10.400,10.500,919,962760.06
2014/08/18,10.540,10.600,10.400,10.500,1219,1276200.00
2014/08/19,10.500,10.600,10.400,10.420,2099,2199840.00
2014/08/20,10.440,10.580,10.420,10.440,1279,1335640.13
2014/08/21,10.420,10.460,10.360,10.400,3679,3830640.25
2014/08/22,10.400,10.520,10.380,10.420,5979,6224680.50
2014/08/25,10.420,10.460,10.320,10.420,2139,2229480.00
2014/08/26,10.460,10.480,10.360,10.360,1699,1771880.13
2014/08/27,10.380,10.460,10.260,10.280,1546,1598838.50
2014/08/28,10.240,10.320,10.160,10.180,2444,2495130.50
2014/08/29,10.100,10.280,10.040,10.200,3279,3346440.25
2014/09/01,10.140,10.200,10.140,10.200,1464,1493130.13
2014/09/02,10.240,10.440,10.220,10.360,1444,1493665.63
2014/09/03,10.360,10.580,10.360,10.560,2933,3091581.00
2014/09/04,10.580,10.600,10.400,10.400,13159,13766801.00
2014/09/05,10.440,10.580,10.440,10.520,1439,1510680.13
2014/09/08,10.460,10.520,10.360,10.360,5919,6155000.50
2014/09/10,10.360,10.480,10.320,10.400,3079,3191520.25
2014/09/11,10.360,10.460,10.200,10.460,8679,8923240.00
2014/09/12,10.300,10.300,10.120,10.220,1059,1079000.00
2014/09/15,10.160,10.200,10.140,10.140,539,548080.00
2014/09/16,10.120,10.140,10.060,10.100,1365,1381880.13
2014/09/17,10.120,10.200,10.100,10.120,2699,2739120.25
2014/09/18,10.160,10.160,10.040,10.080,979,986000.06
2014/09/19,10.080,10.200,10.060,10.100,3043,3088296.25
2014/09/22,10.060,10.100,10.000,10.020,1779,1788640.13
2014/09/23,10.020,10.100,9.970,10.060,2459,2474920.00
2014/09/24,10.040,10.320,10.000,10.320,5059,5136040.00
2014/09/25,10.300,10.320,10.160,10.260,869,887260.06
2014/09/26,10.100,10.240,10.100,10.120,4167,4231438.50
2014/09/29,10.060,10.220,9.800,9.960,3439,3405980.25
2014/09/30,9.880,9.880,9.580,9.630,4099,3969120.25
2014/10/03,9.490,9.490,9.280,9.350,11881,11122983.00
2014/10/06,9.390,9.610,9.380,9.610,3959,3762718.50
2014/10/07,9.650,9.650,9.530,9.600,1319,1264700.00
2014/10/08,9.600,9.720,9.550,9.610,3409,3289270.25
2014/10/09,9.700,9.750,9.620,9.630,3159,3057960.25
2014/10/10,9.600,9.600,9.540,9.580,1019,974700.06
2014/10/13,9.500,9.500,9.340,9.500,4640,4346418.00
2014/10/14,9.440,9.560,9.400,9.500,1819,1727800.13
2014/10/15,9.460,9.530,9.440,9.510,799,757680.06
2014/10/16,9.410,9.490,9.370,9.380,1319,1240000.00
2014/10/17,9.350,9.520,9.330,9.380,2399,2249840.00
2014/10/20,9.390,9.490,9.370,9.450,2309,2179460.00
2014/10/21,9.490,9.490,9.370,9.370,1639,1539740.13
2014/10/22,9.380,9.460,9.380,9.410,2539,2390240.00
2014/10/23,9.440,9.560,9.400,9.400,2059,1941280.13
2014/10/24,9.430,9.460,9.390,9.400,1639,1543840.13
2014/10/27,9.430,9.630,9.370,9.380,999,940560.06
2014/10/28,9.430,9.510,9.430,9.510,2939,2785020.25
2014/10/29,9.580,9.700,9.500,9.660,4279,4123420.25
2014/10/30,9.700,9.710,9.630,9.690,1759,1701120.13
2014/10/31,9.700,9.850,9.690,9.810,2419,2366560.00
2014/11/03,9.860,9.890,9.810,9.880,1859,1833100.13
2014/11/04,9.890,9.900,9.750,9.870,1599,1573120.13
2014/11/05,9.900,9.910,9.800,9.840,1699,1671620.13
2014/11/06,9.920,9.920,9.800,9.810,1363,1340152.13
2014/11/07,9.880,10.220,9.760,10.200,5779,5855760.50
2014/11/10,10.300,10.320,10.200,10.260,3019,3095400.25
2014/11/11,10.380,10.380,10.180,10.260,2059,2118120.00
2014/11/12,10.280,10.300,10.080,10.300,1519,1549840.13
2014/11/13,10.300,10.360,10.200,10.340,3119,3206680.25
2014/11/14,10.380,10.440,10.300,10.340,3999,4142720.25
2014/11/17,10.420,10.420,10.080,10.180,1159,1189080.00
2014/11/18,10.140,10.220,10.040,10.100,2559,2601760.00
2014/11/19,10.100,10.200,10.020,10.100,2519,2546160.00
2014/11/20,10.180,10.180,10.020,10.100,1239,1249280.00
2014/11/21,10.160,10.160,10.020,10.040,1179,1184800.00
2014/11/24,10.080,10.200,10.000,10.060,2259,2269760.00
2014/11/25,10.100,10.100,9.650,9.800,13939,13695901.00
2014/11/26,9.760,9.930,9.720,9.890,7439,7311105.00
2014/11/27,10.000,10.000,9.870,9.880,519,515180.03
2014/11/28,9.980,9.980,9.810,9.830,1739,1716720.13
2014/12/01,9.750,9.820,9.740,9.790,1859,1817740.13
2014/12/02,9.800,9.840,9.740,9.800,1659,1624960.13
2014/12/03,9.800,9.840,9.680,9.680,3739,3651000.25
2014/12/04,9.760,9.840,9.720,9.810,3545,3466583.00
2014/12/05,9.840,9.840,9.680,9.840,9200,8974940.00
2014/12/08,9.900,9.900,9.710,9.810,3799,3715800.25
2014/12/09,9.830,9.840,9.700,9.700,2779,2704740.25
2014/12/10,9.690,9.780,9.670,9.730,2739,2658200.25
2014/12/11,9.710,9.710,9.660,9.670,2919,2824600.25
2014/12/12,9.580,9.770,9.580,9.690,3219,3115680.25
2014/12/15,9.660,9.660,9.580,9.610,819,787680.06
2014/12/16,9.510,9.720,9.510,9.620,3532,3378636.75
2014/12/17,9.640,9.640,9.480,9.540,3559,3385900.25
2014/12/18,9.900,9.900,9.600,9.730,2659,2578600.00
2014/12/19,9.750,9.820,9.550,9.560,1299,1252980.00
2014/12/22,9.600,9.620,9.540,9.560,1439,1381240.13
2014/12/23,9.610,9.790,9.570,9.760,1391,1341564.13
2014/12/24,9.780,9.780,9.780,9.760,19,19560.00
2014/12/29,9.720,9.760,9.700,9.700,699,681320.06
2014/12/30,9.740,9.740,9.700,9.710,399,387534.16
2014/12/31,9.680,9.870,9.680,9.800,1079,1056280.00
2015/01/02,9.800,9.860,9.800,9.840,1439,1415260.13
2015/01/05,9.800,9.860,9.790,9.830,1199,1177480.00
2015/01/06,9.760,9.900,9.760,9.830,1639,1606290.13
2015/01/07,9.760,9.760,9.650,9.710,1299,1262500.00
2015/01/08,9.690,9.800,9.690,9.740,1039,1013720.06
2015/01/09,9.740,9.790,9.690,9.780,2919,2847100.25
2015/01/12,9.700,9.750,9.670,9.720,839,815220.06
2015/01/13,9.680,9.700,9.650,9.690,919,890520.06
2015/01/14,9.670,9.700,9.660,9.680,499,483680.03
2015/01/15,9.680,9.710,9.660,9.680,2999,2904200.25
2015/01/16,9.700,9.730,9.620,9.680,719,697220.06
2015/01/19,9.670,9.700,9.560,9.580,3526,3397672.25
2015/01/20,9.560,9.610,9.520,9.560,1159,1110280.00
2015/01/21,9.560,9.630,9.560,9.580,3539,3399200.25
2015/01/22,9.550,9.650,9.550,9.590,859,824760.06
2015/01/23,9.610,9.700,9.580,9.660,1699,1641660.13
2015/01/26,9.610,9.610,9.580,9.590,2659,2552500.00
2015/01/27,9.600,9.600,9.570,9.600,2224,2132065.00
2015/01/28,9.620,9.620,9.570,9.600,439,422220.03
2015/01/29,9.600,9.600,9.550,9.580,1639,1571260.13
2015/01/30,9.580,9.620,9.570,9.590,3539,3395400.25
2015/02/02,9.610,9.730,9.570,9.640,1959,1886000.13
2015/02/03,9.680,9.700,9.620,9.630,1759,1698920.13
2015/02/04,9.690,9.690,9.620,9.660,1719,1659620.13
2015/02/05,9.740,9.740,9.600,9.680,1099,1064520.00
2015/02/06,9.650,9.690,9.640,9.660,243,235624.02
2015/02/09,9.690,9.690,9.600,9.640,1499,1444260.13
2015/02/10,9.600,9.600,9.520,9.530,3479,3319160.25
2015/02/11,9.550,9.550,9.510,9.530,1819,1733720.13
2015/02/12,9.540,9.590,9.530,9.540,739,706000.06
2015/02/13,9.570,9.600,9.530,9.580,819,784720.06
2015/02/16,9.610,9.610,9.570,9.590,1459,1398640.13
2015/02/17,9.580,9.580,9.500,9.540,4519,4311840.00
2015/02/18,9.540,9.540,9.500,9.530,1519,1447780.13
2015/02/23,9.550,9.600,9.510,9.600,2039,1948080.13
2015/02/24,9.620,9.620,9.540,9.550,1259,1205860.00
2015/02/25,9.600,9.620,9.540,9.590,1519,1453320.13
2015/02/26,9.580,9.630,9.550,9.630,1519,1457100.13
2015/02/27,9.650,9.710,9.650,9.660,1959,1899720.13
2015/03/02,9.720,9.720,9.590,9.690,2279,2199280.00
2015/03/03,9.710,9.710,9.620,9.650,3099,2990360.25
2015/03/04,9.640,9.750,9.640,9.730,1599,1551320.13
2015/03/05,9.770,9.770,9.650,9.660,6919,6727520.50
2015/03/06,9.640,9.730,9.610,9.720,3919,3785040.25
2015/03/09,9.720,9.720,9.610,9.700,1699,1641740.13
2015/03/10,9.710,9.800,9.590,9.610,3699,3563180.25
2015/03/11,9.610,9.660,9.530,9.570,1239,1186580.00
2015/03/12,9.540,9.610,9.540,9.600,779,746440.06
2015/03/13,9.600,9.600,9.520,9.560,1259,1203400.00
2015/03/16,9.580,9.580,9.540,9.580,1379,1319010.13
2015/03/17,9.600,9.750,9.600,9.640,4939,4792880.00
2015/03/18,9.630,9.740,9.630,9.690,2299,2223840.00
2015/03/19,9.720,9.780,9.680,9.690,2319,2250040.00
2015/03/20,9.700,9.700,9.680,9.700,1599,1550660.13
2015/03/23,9.690,9.700,9.640,9.670,1859,1799140.13
2015/03/24,9.650,9.700,9.650,9.670,1959,1895100.13
2015/03/25,9.700,9.700,9.650,9.690,720,696722.44
2015/03/26,9.690,9.690,9.610,9.670,939,906300.06
2015/03/27,9.650,9.650,9.560,9.630,1939,1865200.13
2015/03/30,9.650,9.690,9.600,9.670,3419,3300480.25
2015/03/31,9.670,9.790,9.670,9.710,2059,1999880.13
2015/04/01,9.620,9.740,9.600,9.680,5419,5227940.00
2015/04/02,9.620,9.710,9.610,9.660,3439,3322000.25
2015/04/08,9.690,9.710,9.660,9.700,5505,5335387.50
2015/04/09,9.680,9.850,9.680,9.780,11139,10883421.00
2015/04/10,9.830,9.850,9.720,9.740,10299,10059300.00
2015/04/13,9.750,10.100,9.750,10.080,19747,19502090.00
2015/04/14,10.080,10.380,10.080,10.280,6919,7105760.50
2015/04/15,10.340,10.360,10.140,10.160,3099,3168360.25
2015/04/16,10.400,10.400,10.160,10.160,5219,5331600.50
2015/04/17,10.200,10.340,10.180,10.320,7859,8069520.50
2015/04/20,10.320,10.340,9.900,10.000,7019,7063460.50
2015/04/21,10.040,10.180,9.900,9.990,6539,6525220.50
2015/04/22,10.280,10.280,9.900,9.980,8279,8239460.50
2015/04/23,10.040,10.100,9.940,9.990,10759,10734761.00
2015/04/24,10.020,10.080,9.970,10.080,6699,6714900.50
2015/04/27,10.100,10.300,10.100,10.300,5919,6051760.50
2015/04/28,10.380,10.420,10.240,10.360,5979,6186520.50
2015/04/29,10.480,10.480,10.300,10.400,4859,5030920.00
2015/04/30,10.400,10.460,10.260,10.300,5719,5899320.50
2015/05/04,10.100,10.400,10.100,10.400,7239,7453680.50
2015/05/05,10.460,10.460,10.180,10.240,4259,4375080.00
2015/05/06,10.180,10.260,10.120,10.180,1679,1712560.13
2015/05/07,10.220,10.220,10.080,10.120,2239,2270120.00
2015/05/08,10.100,10.260,10.060,10.140,6479,6528680.50
2015/05/11,10.340,10.340,10.120,10.220,1529,1556980.13
2015/05/12,10.260,10.260,10.140,10.200,634,645236.44
2015/05/13,10.240,10.240,10.060,10.100,839,848640.06
2015/05/14,10.060,10.180,10.060,10.180,1145,1161660.00
2015/05/15,10.240,10.240,10.060,10.160,1904,1924415.25
2015/05/18,10.160,10.260,10.060,10.220,2919,2972680.25
2015/05/19,10.280,10.280,10.100,10.160,2239,2283280.00
2015/05/20,10.220,10.240,10.080,10.220,3659,3727760.25
2015/05/21,10.300,10.300,10.160,10.180,1919,1954880.13
2015/05/22,10.180,10.220,10.140,10.220,2079,2119240.00
2015/05/26,10.300,10.300,10.220,10.240,3759,3856400.25
2015/05/27,10.300,10.300,10.180,10.240,5699,5818800.50
2015/05/28,10.240,10.240,10.160,10.160,1099,1120880.00
2015/05/29,10.160,10.280,10.100,10.240,3679,3747720.25
2015/06/01,10.320,10.400,10.200,10.400,5579,5764160.50
2015/06/02,10.420,10.500,10.340,10.500,4259,4449160.00
2015/06/03,10.500,10.800,10.460,10.780,7839,8364760.50
2015/06/04,10.800,10.960,10.500,10.780,4759,5108560.00
2015/06/05,10.740,10.780,10.580,10.700,1679,1791600.13
2015/06/08,10.660,10.740,10.620,10.700,1359,1451200.13
2015/06/09,10.540,10.680,10.400,10.440,2919,3066480.25
2015/06/10,10.320,10.500,10.200,10.300,3199,3305600.25
2015/06/11,10.460,10.460,10.200,10.300,3319,3409480.25
2015/06/12,10.200,10.400,10.200,10.400,1519,1567960.13
2015/06/15,10.460,10.460,10.200,10.200,2899,2986420.25
2015/06/16,10.360,10.360,10.140,10.200,1765,1796434.88
2015/06/17,10.160,10.220,10.140,10.220,2519,2564160.00
2015/06/18,10.320,10.320,10.160,10.260,843,861929.63
2015/06/19,10.320,10.320,10.000,10.080,4119,4179200.25
2015/06/22,10.220,10.220,10.000,10.160,1139,1154360.00
2015/06/23,10.260,10.360,10.200,10.300,1839,1897080.13
2015/06/24,10.320,10.320,10.260,10.260,206,212450.02
2015/06/25,10.320,10.320,10.160,10.260,1599,1635240.13
2015/06/26,10.280,10.280,10.100,10.200,1159,1179960.00
2015/06/29,10.100,10.140,9.760,10.120,3539,3529160.25
2015/06/30,10.000,10.200,9.920,10.160,1399,1409840.13
2015/07/02,10.160,10.160,9.840,9.980,4859,4831460.00
2015/07/03,9.860,9.950,9.800,9.890,2739,2700500.25
2015/07/06,9.810,9.850,9.380,9.580,6359,6039100.50
2015/07/07,9.420,9.500,9.320,9.440,6619,6217500.50
2015/07/08,9.300,9.380,8.760,9.000,5269,4747410.00
2015/07/09,8.820,9.330,8.800,9.240,1799,1649580.13
2015/07/10,9.050,9.620,9.050,9.600,1639,1562000.13
2015/07/13,9.500,9.750,9.500,9.690,519,502900.03
2015/07/14,9.690,9.800,9.670,9.700,1799,1745980.13
2015/07/15,9.860,9.860,9.560,9.580,779,752240.06
2015/07/16,9.540,9.700,9.520,9.700,1799,1731580.13
2015/07/17,9.550,9.780,9.550,9.740,1139,1109200.00
2015/07/20,9.800,9.800,9.600,9.740,1699,1638060.13
2015/07/21,9.740,9.740,9.540,9.700,599,580220.00
2015/07/22,9.680,9.740,9.600,9.680,1639,1587980.13
2015/07/23,9.540,9.700,9.540,9.660,2159,2086060.13
2015/07/24,9.620,9.700,9.620,9.700,579,561040.00
2015/07/27,9.590,9.610,9.500,9.500,1039,991080.06
2015/07/28,9.470,9.600,9.380,9.590,2019,1914800.13
2015/07/29,9.680,9.760,9.590,9.670,359,347520.03
2015/07/30,9.620,9.690,9.610,9.690,399,386160.03
2015/07/31,9.670,9.700,9.610,9.700,539,521860.03
2015/08/03,9.600,9.680,9.600,9.640,779,752160.06
2015/08/04,9.520,9.650,9.520,9.630,1699,1638160.13
2015/08/05,9.550,9.630,9.550,9.630,1659,1593960.13
2015/08/06,9.610,9.780,9.610,9.750,739,720760.06
2015/08/07,9.680,9.720,9.680,9.720,999,970540.06
2015/08/10,9.700,9.730,9.530,9.660,2739,2633880.25
2015/08/11,9.680,9.720,9.660,9.680,1119,1084820.00
2015/08/12,9.540,9.580,9.420,9.420,1399,1328950.13
2015/08/13,9.420,9.450,9.390,9.400,899,847840.06
2015/08/14,9.360,9.570,9.360,9.500,1299,1231540.00
2015/08/17,9.460,9.480,9.400,9.470,1479,1393520.13
2015/08/18,9.380,9.420,9.280,9.400,6126,5750198.00
2015/08/19,9.370,9.370,9.100,9.320,1985,1843076.13
2015/08/20,9.160,9.300,9.150,9.300,1499,1387160.13
2015/08/21,9.160,9.200,9.060,9.160,6479,5936020.50
2015/08/24,8.760,8.880,8.740,8.750,6619,5813520.50
2015/08/25,8.500,8.840,8.500,8.760,4579,3994900.25
2015/08/26,8.780,8.780,8.560,8.780,2479,2158360.00
2015/08/27,8.870,9.000,8.800,9.000,999,889100.06
2015/08/28,9.090,9.150,8.970,9.100,1699,1543900.13
2015/08/31,8.920,9.140,8.920,9.100,5239,4725740.00
2015/09/01,9.070,9.070,8.850,8.920,339,304040.00
2015/09/02,8.790,9.020,8.790,8.980,1779,1594340.13
2015/09/04,8.930,9.040,8.780,8.850,1359,1207220.00
2015/09/07,8.700,8.820,8.700,8.800,259,228480.02
2015/09/08,8.810,8.860,8.730,8.850,2279,2006560.13
2015/09/09,8.960,8.960,8.870,8.940,1779,1589460.13
2015/09/10,8.900,8.950,8.840,8.900,2159,1921040.13
2015/09/11,9.100,9.100,8.800,8.850,319,284740.00
2015/09/14,9.000,9.000,8.710,8.730,239,210520.02
2015/09/15,8.700,8.700,8.650,8.680,319,277700.00
2015/09/16,8.690,8.780,8.510,8.770,2419,2104000.00
2015/09/17,8.780,8.800,8.660,8.750,2359,2053780.13
2015/09/18,8.690,8.750,8.660,8.710,2599,2258940.00
2015/09/21,8.940,8.940,8.540,8.630,1499,1287500.00
2015/09/22,8.600,8.630,8.550,8.590,1959,1681960.13
2015/09/23,8.530,8.560,8.420,8.480,1759,1496440.13
2015/09/24,8.460,8.500,8.350,8.360,3799,3188400.25
2015/09/25,8.300,8.390,8.300,8.390,1619,1353000.13
2015/09/29,8.630,8.630,8.030,8.220,2539,2082520.13
2015/09/30,8.260,8.260,8.130,8.190,1299,1059400.00
2015/10/02,8.220,8.610,8.220,8.580,4299,3615620.25
2015/10/05,8.690,8.690,8.570,8.640,299,258580.02
2015/10/06,8.660,8.690,8.500,8.640,1559,1334280.13
2015/10/07,8.680,8.700,8.610,8.700,369,319692.63
2015/10/08,8.700,8.710,8.500,8.650,479,413200.03
2015/10/09,8.730,8.730,8.650,8.710,459,399520.03
2015/10/12,8.680,8.740,8.680,8.700,439,383280.03
2015/10/13,8.730,8.730,8.600,8.730,279,242380.02
2015/10/14,8.660,8.780,8.650,8.780,699,609740.00
2015/10/15,8.880,8.920,8.660,8.820,439,387460.03
2015/10/16,8.830,8.830,8.690,8.800,1099,961900.06
2015/10/19,8.770,8.820,8.710,8.780,659,578700.00
2015/10/20,8.730,8.810,8.730,8.810,489,430550.03
2015/10/22,8.750,8.810,8.740,8.810,879,772160.06
2015/10/23,8.810,8.860,8.800,8.860,1551,1369840.13
2015/10/26,8.920,8.930,8.740,8.880,2599,2286120.00
2015/10/27,8.830,8.840,8.780,8.840,899,792380.06
2015/10/28,8.810,8.900,8.780,8.890,1659,1466560.13
2015/10/29,8.850,8.890,8.850,8.880,1079,959140.06
2015/10/30,8.920,9.200,8.910,9.170,4139,3772160.25
2015/11/02,9.170,9.300,9.170,9.240,2519,2332700.00
2015/11/03,9.300,9.300,9.160,9.240,2459,2277660.00
2015/11/04,9.240,9.320,9.160,9.300,2479,2301160.00
2015/11/05,9.260,9.290,9.180,9.250,679,628260.00
2015/11/06,9.250,9.270,9.240,9.240,599,554840.00
2015/11/09,9.240,9.250,9.200,9.200,879,811220.06
2015/11/10,9.200,9.200,9.100,9.180,419,383960.03
2015/11/11,9.180,9.250,9.140,9.200,679,622680.00
2015/11/12,9.200,9.210,9.200,9.210,599,552220.00
2015/11/13,9.170,9.200,9.090,9.200,859,783380.06
2015/11/16,9.070,9.220,9.060,9.220,739,678380.06
2015/11/17,9.240,9.260,9.200,9.250,899,830880.06
2015/11/18,9.180,9.290,9.180,9.230,159,147620.00
2015/11/19,9.260,9.290,9.210,9.280,499,462960.03
2015/11/20,9.250,9.380,9.250,9.360,1539,1435680.13
2015/11/23,9.330,9.380,9.290,9.320,819,764800.06
2015/11/24,9.290,9.350,9.260,9.270,2999,2792000.25
2015/11/25,9.280,9.360,9.270,9.310,1559,1450370.13
2015/11/26,9.310,9.390,9.280,9.350,3022,2826318.75
2015/11/27,9.360,9.390,9.340,9.360,1559,1459160.13
2015/11/30,9.340,9.450,9.200,9.360,3359,3125940.25
2015/12/01,9.400,9.400,9.290,9.380,1719,1611862.50
2015/12/02,9.380,9.390,9.340,9.370,2319,2174940.00
2015/12/03,9.360,9.400,9.310,9.360,219,206300.02
2015/12/04,9.320,9.440,9.320,9.420,455,427588.03
2015/12/07,9.400,9.450,9.340,9.360,639,601160.00
2015/12/08,9.340,9.380,9.330,9.350,469,439623.03
2015/12/09,9.340,9.360,9.240,9.340,1500,1400089.63
2015/12/10,9.330,9.360,9.330,9.340,1085,1014236.06
2015/12/11,9.300,9.330,9.200,9.280,2279,2123320.00
2015/12/14,9.350,9.350,9.180,9.270,639,592220.00
2015/12/15,9.270,9.270,9.250,9.260,139,129620.01
2015/12/16,9.300,9.300,9.170,9.270,359,333500.03
2015/12/17,9.300,9.310,9.190,9.250,899,834663.44
2015/12/18,9.220,9.360,9.220,9.340,1379,1284600.00
2015/12/22,9.300,9.320,9.250,9.270,199,185860.02
2015/12/23,9.300,9.320,9.240,9.300,599,557300.00
2015/12/24,9.310,9.310,9.310,9.310,19,18620.00
2015/12/28,9.300,9.320,9.200,9.300,539,502180.03
2015/12/29,9.250,9.290,9.230,9.290,279,259700.02
2015/12/30,9.300,9.300,9.300,9.300,59,55760.00
2015/12/31,9.280,9.280,9.280,9.300,39,37120.00
2016/01/04,9.200,9.270,9.180,9.260,139,128800.01
2016/01/05,9.100,9.200,9.100,9.180,1419,1300380.00
2016/01/06,9.110,9.170,9.100,9.100,279,255480.02
2016/01/07,9.100,9.100,8.890,9.000,1819,1641000.13
2016/01/08,9.000,9.080,8.930,9.080,1539,1387400.13
2016/01/11,8.950,8.990,8.870,8.880,2479,2221720.00
2016/01/12,8.900,8.900,8.880,8.880,99,88860.01
2016/01/13,8.930,8.930,8.820,8.870,579,513300.03
2016/01/14,8.800,8.910,8.700,8.910,339,300700.00
2016/01/15,8.860,8.860,8.730,8.800,459,404360.03
2016/01/18,8.700,8.750,8.550,8.650,1059,915740.06
2016/01/19,8.650,8.660,8.530,8.660,499,430240.03
2016/01/20,8.560,8.560,8.300,8.330,1599,1345000.13
2016/01/21,8.370,8.370,8.220,8.310,1959,1628120.13
2016/01/22,8.490,8.500,8.300,8.350,559,469640.03
2016/01/25,7.940,8.330,7.940,8.260,619,511380.03
2016/01/26,8.230,8.280,8.160,8.160,239,197500.02
2016/01/27,8.220,8.230,8.110,8.220,1459,1190200.00
2016/01/28,8.170,8.170,8.160,8.220,59,49000.00
2016/01/29,8.210,8.470,8.210,8.400,419,349540.03
2016/02/01,8.300,8.390,8.300,8.370,499,416660.03
2016/02/02,8.440,8.560,8.420,8.420,739,627260.00
2016/02/03,8.290,8.420,8.290,8.400,219,184180.02
2016/02/04,8.410,8.410,8.320,8.400,1159,969580.06
2016/02/05,8.420,8.500,8.400,8.490,1779,1502260.13
2016/02/11,8.470,8.490,8.390,8.460,259,219420.02
2016/02/12,8.300,8.360,8.270,8.330,939,782280.06
2016/02/15,8.480,8.480,8.380,8.380,199,168280.02
2016/02/16,8.380,8.380,8.380,8.420,119,100560.01
2016/02/17,8.400,8.550,8.380,8.520,339,285820.00
2016/02/18,8.590,8.620,8.550,8.570,439,378000.03
2016/02/19,8.570,8.570,8.400,8.570,634,537135.25
2016/02/22,8.560,8.610,8.560,8.590,179,154300.00
2016/02/24,8.500,8.510,8.450,8.510,159,135840.00
2016/02/25,8.420,8.610,8.410,8.500,359,306140.00
2016/02/26,8.600,8.610,8.520,8.590,539,463620.03
2016/02/29,8.600,8.620,8.550,8.620,1199,1032480.06
2016/03/01,8.600,8.750,8.600,8.680,1179,1022540.06
2016/03/02,8.720,8.850,8.700,8.800,706,618522.44
2016/03/03,8.790,8.800,8.600,8.710,1819,1581600.13
2016/03/04,8.750,8.850,8.750,8.780,2160,1899888.63
2016/03/07,8.880,8.930,8.850,8.920,639,568700.00
2016/03/08,8.880,8.900,8.870,8.870,739,657200.00
2016/03/09,8.870,8.900,8.840,8.870,583,517932.03
2016/03/10,8.830,8.850,8.830,8.850,99,88460.01
2016/03/11,8.850,8.850,8.800,8.820,979,864350.94
2016/03/14,8.850,8.900,8.810,8.850,1249,1107900.00
2016/03/15,8.920,8.940,8.880,8.890,169,151390.00
2016/03/16,8.860,8.860,8.800,8.810,639,565780.00
2016/03/17,8.890,8.950,8.790,8.830,759,672700.06
2016/03/18,8.870,8.880,8.820,8.870,159,141920.00
2016/03/21,8.880,8.880,8.870,8.870,299,266280.00
2016/03/22,8.850,8.850,8.790,8.880,99,88140.01
2016/03/23,8.840,8.840,8.840,8.840,19,17680.00
2016/03/24,8.830,8.880,8.770,8.820,539,477820.03
2016/03/29,8.800,8.860,8.780,8.860,299,264200.00
2016/03/30,8.880,8.900,8.810,8.870,139,124280.01
2016/03/31,8.860,8.900,8.510,8.840,1699,1501020.13
2016/04/01,8.800,8.840,8.740,8.750,1199,1053060.00
2016/04/05,8.750,8.800,8.710,8.730,779,681540.06
2016/04/06,8.730,8.800,8.730,8.780,219,193380.02
2016/04/07,8.820,8.870,8.790,8.870,239,211520.02
2016/04/08,8.830,8.900,8.800,8.900,979,867940.06
2016/04/11,8.900,8.920,8.840,8.920,1043,927321.25
2016/04/12,8.890,8.930,8.800,8.930,579,514620.03
2016/04/13,8.800,8.930,8.740,8.910,1939,1727200.13
2016/04/14,9.000,9.180,8.900,8.990,14679,13125281.00
2016/04/15,9.000,9.000,8.910,8.990,279,251280.02
2016/04/18,8.970,8.990,8.900,8.900,779,698700.06
2016/04/19,8.940,8.970,8.930,8.970,919,823700.06
2016/04/20,8.980,8.980,8.890,8.900,559,501620.03
2016/04/21,8.970,9.010,8.970,8.990,659,593740.00
2016/04/22,8.980,9.000,8.950,9.000,519,466960.03
2016/04/25,9.040,9.040,9.040,9.040,199,180800.02
2016/04/26,9.030,9.030,8.900,9.000,559,503540.03
2016/04/27,8.970,9.080,8.890,9.060,1479,1333040.13
2016/04/28,9.040,9.080,9.040,9.080,1519,1377859.88
2016/04/29,8.820,8.850,8.760,8.760,2099,1851900.13
2016/05/03,8.800,8.850,8.800,8.820,479,424120.03
2016/05/04,8.810,8.850,8.700,8.830,2359,2082060.13
2016/05/05,8.780,8.830,8.710,8.820,919,809020.06
2016/05/06,8.750,8.830,8.750,8.800,939,827520.06
2016/05/09,8.820,8.820,8.700,8.790,148,130648.41
2016/05/10,8.760,8.800,8.720,8.780,1246,1090716.00
2016/05/11,8.780,8.790,8.750,8.790,179,158000.00
2016/05/12,8.780,8.790,8.730,8.730,419,368100.03
2016/05/13,8.720,8.750,8.700,8.710,459,401260.03
2016/05/16,8.700,8.750,8.660,8.700,1459,1271420.00
2016/05/18,8.660,8.700,8.650,8.680,5139,4462200.00
2016/05/19,8.730,8.730,8.650,8.670,3719,3230480.25
2016/05/20,8.710,8.720,8.700,8.720,2899,2523340.00
2016/05/23,8.740,8.750,8.510,8.700,4119,3576480.25
2016/05/24,8.800,8.800,8.700,8.700,359,313840.00
2016/05/25,8.800,8.870,8.800,8.820,839,742180.06
2016/05/26,8.830,8.850,8.760,8.840,699,616540.00
2016/05/27,8.840,8.850,8.780,8.850,739,653940.00
2016/05/30,8.840,8.870,8.820,8.820,1019,902420.06
2016/05/31,8.840,9.000,8.820,8.900,2979,2654220.25
2016/06/01,9.080,9.080,8.930,8.980,1739,1564931.63
2016/06/02,9.080,9.080,8.950,8.970,459,413580.03
2016/06/03,8.990,9.030,8.980,9.010,1691,1521855.63
2016/06/06,9.000,9.000,8.950,8.990,799,719080.06
2016/06/07,9.040,9.240,9.040,9.200,1879,1719500.13
2016/06/08,9.240,9.370,9.170,9.310,2279,2116600.00
2016/06/10,9.310,9.310,9.150,9.160,539,498100.03
2016/06/13,9.170,9.200,9.000,9.010,1459,1324960.13
2016/06/14,9.010,9.030,8.970,8.990,1779,1603040.13
2016/06/15,9.030,9.040,8.980,9.040,2359,2126460.00
2016/06/16,9.040,9.040,8.940,8.950,2679,2404540.00
2016/06/17,9.000,9.030,8.830,8.850,6659,5972880.50
2016/06/20,8.870,9.090,8.870,9.030,1030,931064.31
2016/06/21,9.010,9.040,8.920,9.030,959,866920.06
2016/06/22,9.030,9.070,8.940,9.060,4819,4353420.00
2016/06/23,9.100,9.100,9.040,9.080,559,508100.03
2016/06/24,9.010,9.030,8.720,9.010,2459,2195220.00
2016/06/27,8.960,9.020,8.960,9.000,679,611540.00
2016/06/28,8.920,9.000,8.920,8.970,499,448580.03
2016/06/29,9.040,9.080,9.020,9.040,539,489220.03
2016/06/30,9.080,9.220,9.050,9.140,1999,1825300.13
2016/07/04,9.180,9.330,9.180,9.330,1639,1519620.13
2016/07/05,9.180,9.280,9.050,9.180,2219,2028360.13
2016/07/06,9.180,9.190,9.120,9.190,359,329520.03
2016/07/07,9.210,9.220,9.150,9.220,719,661760.06
2016/07/08,9.190,9.200,9.170,9.170,939,863420.06
2016/07/11,9.220,9.260,9.220,9.240,679,627820.00
2016/07/12,9.240,9.260,9.220,9.260,639,590820.00
2016/07/13,9.300,9.450,9.240,9.440,2559,2383860.00
2016/07/14,9.460,9.460,9.340,9.380,299,281280.00
2016/07/15,9.350,9.350,9.350,9.350,99,93500.01
2016/07/18,9.330,9.400,9.330,9.400,719,673560.06
2016/07/19,9.400,9.470,9.400,9.450,659,622060.00
2016/07/20,9.460,9.550,9.400,9.500,1439,1368820.13
2016/07/21,9.540,9.650,9.540,9.630,1319,1268120.00
2016/07/22,9.550,9.600,9.550,9.590,599,575680.00
2016/07/25,9.600,9.650,9.570,9.620,739,711680.06
2016/07/26,9.640,9.700,9.640,9.670,1019,988400.06
2016/07/27,9.650,9.670,9.570,9.670,359,346400.03
2016/07/28,9.730,9.730,9.600,9.610,366,353092.03
2016/07/29,9.610,9.730,9.610,9.660,499,483020.03
2016/08/01,9.670,9.740,9.670,9.740,1019,990760.06
2016/08/03,9.700,9.750,9.510,9.750,1079,1038200.06
2016/08/04,9.660,9.800,9.580,9.730,4319,4201720.00
2016/08/05,9.800,9.850,9.730,9.840,2859,2805880.25
2016/08/08,9.900,10.260,9.900,10.000,3959,3997660.25
2016/08/09,10.000,10.060,10.000,10.020,999,1003000.06
2016/08/10,10.060,10.140,10.000,10.060,1539,1547040.13
2016/08/11,10.040,10.360,10.040,10.280,4119,4202200.00
2016/08/12,10.300,10.500,10.300,10.480,4359,4521960.00
2016/08/15,10.600,10.880,10.520,10.800,8419,9037080.00
2016/08/16,10.800,10.800,10.600,10.620,1379,1474400.13
2016/08/17,10.700,11.500,10.660,11.260,16232,18221954.00
2016/08/18,11.220,11.420,11.080,11.340,5413,6102994.50
2016/08/19,11.400,11.820,11.320,11.580,12699,14773001.00
2016/08/22,11.600,12.200,11.600,12.100,17819,21386282.00
2016/08/23,12.180,12.280,10.960,11.560,20699,23640402.00
2016/08/24,11.400,11.560,11.060,11.260,5479,6161640.50
2016/08/25,11.340,11.880,11.200,11.820,8679,10140800.00
2016/08/26,11.900,12.060,11.700,11.980,9379,11210361.00
2016/08/29,12.060,12.120,11.820,11.980,1259,1507600.13
2016/08/30,12.000,12.000,11.560,11.600,5379,6305000.50
2016/08/31,11.680,11.740,11.180,11.400,12039,13706241.00
2016/09/01,11.480,11.480,11.240,11.480,1079,1231080.00
2016/09/02,11.500,11.600,11.280,11.560,3099,3538640.25
2016/09/05,11.580,11.640,11.420,11.480,1999,2311280.00
2016/09/06,11.600,11.600,11.420,11.460,1979,2272640.00
2016/09/07,11.400,11.600,11.400,11.560,719,828720.06
2016/09/08,11.600,11.800,11.560,11.680,2959,3469080.25
2016/09/09,11.640,11.660,11.500,11.580,1959,2273480.00
2016/09/12,11.540,11.660,11.200,11.340,3939,4447920.00
2016/09/13,11.480,11.480,11.200,11.260,1479,1673000.13
2016/09/14,11.320,11.320,11.200,11.240,2159,2432360.00
2016/09/15,11.320,11.500,11.280,11.480,2619,2990960.25
2016/09/19,11.680,11.680,11.520,11.540,639,739720.06
2016/09/20,11.560,11.580,11.420,11.560,1019,1175240.00
2016/09/21,11.620,11.620,11.480,11.500,1119,1293800.00
2016/09/22,11.600,11.640,11.420,11.500,1619,1873320.13
2016/09/23,11.520,11.520,11.360,11.440,1919,2195160.00
2016/09/26,11.480,11.500,11.360,11.400,1223,1400272.13
2016/09/27,11.620,11.620,11.420,11.440,1019,1168080.00
2016/09/28,11.480,11.480,11.300,11.300,1019,1157520.00
2016/09/29,11.400,11.400,11.240,11.340,739,837120.06
2016/09/30,11.340,11.340,11.040,11.100,1699,1906120.13
2016/10/03,11.240,11.240,11.080,11.200,2569,2870240.25
2016/10/04,11.240,11.300,11.080,11.260,1339,1504400.13
2016/10/05,11.260,11.320,11.080,11.160,1559,1750600.13
2016/10/06,11.240,11.240,11.140,11.200,1419,1589840.13
2016/10/07,11.140,11.140,11.000,11.040,2279,2524560.00
2016/10/11,11.260,11.260,10.940,11.000,2339,2578400.00
2016/10/12,11.000,11.000,10.860,10.960,329,359820.03
2016/10/13,11.000,11.040,10.780,10.800,1859,2022680.13
2016/10/14,10.880,10.920,10.880,10.900,299,326720.00
2016/10/17,10.920,10.960,10.860,10.860,759,829760.06
2016/10/18,10.940,11.000,10.780,10.820,619,674640.06
2016/10/19,10.860,10.860,10.840,10.860,419,456080.03
2016/10/20,10.880,10.900,10.800,10.880,1699,1846600.13
2016/10/24,10.860,10.960,10.820,10.960,659,719320.06
2016/10/25,11.020,11.020,10.780,10.960,1879,2045880.13
2016/10/26,10.980,10.980,10.900,10.960,259,284840.00
2016/10/27,10.980,10.980,10.760,10.780,379,413200.03
2016/10/28,10.820,10.980,10.780,10.820,659,715320.06
2016/10/31,10.920,10.960,10.880,10.960,1179,1286680.00
2016/11/01,10.980,11.160,10.980,11.120,1999,2220560.00
2016/11/02,11.080,11.080,10.800,10.920,1940,2114542.00
2016/11/03,10.960,11.080,10.920,11.040,499,548440.00
2016/11/04,11.060,11.060,10.900,11.000,579,634880.00
2016/11/07,11.020,11.040,11.000,11.000,239,264480.00
2016/11/08,11.200,11.200,10.900,10.980,339,371960.03
2016/11/09,11.180,11.180,10.440,10.760,3779,4042600.25
2016/11/10,10.800,10.920,10.780,10.840,959,1039800.06
2016/11/11,10.800,10.860,10.660,10.820,1759,1895840.13
2016/11/14,10.800,10.800,10.600,10.640,1499,1595676.13
2016/11/15,10.640,10.740,10.580,10.740,1059,1127080.00
2016/11/16,10.840,10.840,10.580,10.640,1159,1233080.00
2016/11/17,10.680,10.800,10.600,10.660,719,766600.06
2016/11/18,10.680,10.680,10.620,10.660,819,873400.06
2016/11/21,10.660,10.680,10.600,10.680,619,660320.06
2016/11/22,10.720,10.720,10.680,10.680,539,577440.00
2016/11/23,10.700,10.760,10.700,10.720,899,964920.06
2016/11/24,10.620,10.620,10.500,10.520,1779,1883360.13
2016/11/25,10.540,10.600,10.540,10.600,339,359800.03
2016/11/28,10.640,10.700,10.640,10.700,1299,1387760.13
2016/11/29,10.700,10.900,10.640,10.900,1959,2109080.00
2016/11/30,10.920,11.000,10.780,10.800,2219,2415520.00
2016/12/01,10.840,10.940,10.760,10.820,1099,1182840.00
2016/12/02,10.820,10.900,10.740,10.780,259,280720.00
2016/12/05,10.740,10.740,10.720,10.720,59,64400.00
2016/12/06,10.720,10.800,10.720,10.800,59,64600.00
2016/12/07,10.800,10.800,10.660,10.700,599,642280.00
2016/12/08,10.680,10.680,10.600,10.600,1269,1351960.13
2016/12/09,10.600,10.600,10.500,10.600,1479,1564400.13
2016/12/12,10.640,10.640,10.440,10.440,1174,1234553.63
2016/12/13,10.500,10.500,10.460,10.460,439,461720.03
2016/12/14,10.520,10.520,10.480,10.500,399,419760.03
2016/12/15,10.460,10.460,10.340,10.380,2379,2473240.00
2016/12/16,10.460,10.460,10.380,10.400,1619,1685840.13
2016/12/19,10.400,10.400,10.320,10.320,1839,1905520.13
2016/12/20,10.340,10.360,10.160,10.200,4239,4363240.00
2016/12/21,10.180,10.340,10.180,10.300,2819,2904920.25
2016/12/22,10.260,10.500,10.220,10.300,1499,1551280.13
2016/12/23,10.320,10.400,10.300,10.380,319,331760.03
2016/12/28,10.440,10.440,10.380,10.380,340,353941.09
2016/12/29,10.340,10.380,10.340,10.380,199,207360.02
2016/12/30,10.400,10.420,10.380,10.380,3739,3890040.25
2017/01/03,10.400,10.540,10.400,10.520,1479,1552840.13
2017/01/04,10.560,10.580,10.540,10.580,619,655200.00
2017/01/05,10.600,10.760,10.600,10.700,1459,1557200.13
2017/01/06,10.780,10.800,10.680,10.720,2355,2531168.00
2017/01/09,10.720,10.720,10.680,10.700,839,900320.06
2017/01/10,10.700,10.700,10.620,10.700,1719,1835480.13
2017/01/11,10.700,10.700,10.640,10.700,1039,1111440.00
2017/01/12,10.700,10.700,10.560,10.600,2131,2267248.00
2017/01/13,10.620,10.620,10.580,10.580,219,233280.02
2017/01/16,10.600,10.600,10.520,10.560,859,907600.06
2017/01/17,10.560,10.580,10.520,10.540,459,485440.03
2017/01/18,10.560,10.660,10.520,10.660,1439,1526880.13
2017/01/19,10.620,10.620,10.540,10.620,939,996600.06
2017/01/20,10.600,10.600,10.520,10.520,1044,1103452.50
2017/01/23,10.680,10.680,10.500,10.540,619,652720.00
2017/01/24,10.520,10.600,10.520,10.540,939,990720.06
2017/01/25,10.540,10.680,10.520,10.680,699,741320.06
2017/01/26,10.680,10.740,10.680,10.740,812,870352.06
2017/01/27,10.720,10.760,10.700,10.760,1043,1119974.00
2017/02/01,10.740,10.740,10.700,10.740,1139,1221800.00
2017/02/02,10.720,10.780,10.700,10.700,859,923400.06
2017/02/03,10.700,10.740,10.660,10.700,1319,1412000.13
2017/02/06,10.760,10.800,10.760,10.780,619,668400.06
2017/02/07,10.680,10.740,10.600,10.680,1899,2028160.13
2017/02/08,10.660,10.740,10.620,10.680,1059,1133560.00
2017/02/09,10.760,10.760,10.680,10.720,1199,1285600.00
2017/02/10,10.740,10.760,10.700,10.720,759,816400.06
2017/02/13,10.740,10.820,10.740,10.740,1231,1324448.13
2017/02/14,10.740,10.820,10.740,10.820,1439,1553920.13
2017/02/15,10.780,10.860,10.740,10.800,559,606640.00
2017/02/16,10.780,10.860,10.780,10.780,2139,2314760.00
2017/02/17,10.900,10.900,10.740,10.800,1399,1511520.13
2017/02/20,10.800,10.800,10.760,10.800,799,863280.06
2017/02/21,10.780,10.800,10.760,10.780,839,905160.06
2017/02/22,10.780,10.900,10.780,10.900,759,825520.06
2017/02/23,10.900,10.960,10.880,10.920,1139,1244440.00
2017/02/24,10.940,10.940,10.840,10.920,1969,2147688.25
2017/02/27,10.920,11.000,10.900,10.940,539,590120.00
2017/02/28,10.980,11.400,10.980,11.180,5095,5686122.50
2017/03/01,11.220,11.360,11.200,11.300,1899,2139080.00
2017/03/02,11.300,11.360,11.200,11.200,1359,1530680.13
2017/03/03,11.080,11.200,11.060,11.100,459,510760.03
2017/03/06,11.080,11.260,11.040,11.100,1059,1176680.00
2017/03/07,11.120,11.120,11.080,11.100,579,643880.00
2017/03/08,11.080,11.100,11.060,11.100,580,642571.31
2017/03/09,11.160,11.200,11.100,11.140,1999,2226800.00
2017/03/10,11.160,11.160,11.100,11.120,1039,1156520.00
2017/03/13,11.140,11.200,11.080,11.160,1799,2005680.13
2017/03/14,11.160,11.320,11.160,11.280,3239,3650960.25
2017/03/15,11.260,11.360,11.240,11.340,2300,2601040.00
2017/03/16,11.360,11.360,11.300,11.300,360,407880.03
2017/03/17,11.320,11.340,11.200,11.220,2780,3135760.25
2017/03/20,11.180,11.300,11.180,11.280,380,427320.03
2017/03/21,11.380,11.440,11.320,11.380,1320,1504040.13
2017/03/22,11.280,11.320,11.220,11.240,940,1058760.00
2017/03/23,11.200,11.260,11.200,11.240,2100,2358760.00
2017/03/24,11.240,11.240,11.160,11.240,820,919000.06
2017/03/27,11.200,11.220,11.140,11.160,1980,2214960.00
2017/03/28,11.180,11.200,11.140,11.160,800,893240.06
2017/03/29,11.160,11.160,11.080,11.080,1052,1168944.00
2017/03/30,11.020,11.100,11.000,11.060,860,947800.06
2017/03/31,11.060,11.120,11.000,11.100,2440,2707360.25
2017/04/03,11.180,11.200,11.140,11.200,540,603320.00
2017/04/05,11.120,11.200,11.120,11.140,700,782160.06
2017/04/06,11.160,11.240,11.140,11.200,600,671320.06
2017/04/07,11.100,11.280,11.100,11.260,820,919480.06
2017/04/10,11.300,11.320,11.180,11.180,1080,1216040.00
2017/04/11,11.140,11.180,11.120,11.180,960,1069360.00
2017/04/12,11.180,11.220,11.160,11.220,540,604040.00
2017/04/13,11.140,11.280,11.120,11.240,440,493440.03
2017/04/18,11.240,11.240,11.100,11.100,660,735360.06
2017/04/19,11.080,11.180,11.080,11.120,460,510600.03
2017/04/20,11.200,11.400,11.200,11.380,2340,2641440.25
2017/04/21,11.360,11.400,11.320,11.320,2027,2304458.50
2017/04/24,11.400,11.420,11.300,11.380,1740,1972800.13
2017/04/25,11.400,11.640,11.400,11.620,6220,7163240.50
2017/04/26,11.700,12.160,11.700,12.100,11730,14088281.00
2017/04/27,12.100,12.300,11.920,12.200,3970,4807100.00
2017/04/28,12.200,12.280,12.100,12.280,4360,5330920.50
2017/05/02,12.340,12.460,12.260,12.300,3200,3966680.25
2017/05/04,12.260,12.260,12.100,12.200,1100,1339040.13
2017/05/05,12.200,12.200,11.960,12.000,2060,2479320.00
2017/05/08,12.040,12.160,11.940,12.100,640,772360.06
2017/05/09,12.080,12.300,12.060,12.260,2506,3045192.25
2017/05/10,12.280,12.360,12.280,12.320,1400,1723880.13
2017/05/11,12.320,12.400,12.260,12.360,1860,2294120.00
2017/05/12,12.320,12.320,12.180,12.240,1320,1617235.25
2017/05/15,12.160,12.160,11.980,12.000,1020,1228120.00
2017/05/16,12.060,12.060,12.000,12.020,1220,1468560.13
2017/05/17,12.060,12.080,11.920,11.980,1720,2064280.13
2017/05/18,11.980,11.980,11.880,11.940,2160,2574920.00
2017/05/19,11.920,11.960,11.880,11.960,1580,1883280.13
2017/05/22,11.960,11.980,11.940,11.960,2000,2392400.00
2017/05/23,11.900,12.120,11.900,12.020,2160,2589440.00
2017/05/24,12.060,12.200,12.000,12.180,1120,1361560.13
2017/05/25,12.180,12.260,12.180,12.240,1460,1782880.13
2017/05/26,12.220,12.300,12.060,12.260,1780,2181520.00
2017/05/29,12.200,12.280,12.200,12.260,200,244400.02
2017/05/31,12.100,12.240,12.000,12.080,2286,2759840.25
2017/06/01,12.080,12.220,12.080,12.080,600,726280.06
2017/06/02,12.060,12.140,12.000,12.040,720,867520.06
2017/06/05,12.020,12.040,11.980,12.000,726,871398.81
2017/06/06,12.000,12.000,11.700,11.920,2500,2965120.25
2017/06/07,11.920,11.960,11.920,11.960,420,501680.03
2017/06/08,11.960,11.980,11.900,11.960,560,669000.06
2017/06/09,11.960,11.960,11.860,11.860,1100,1310800.00
2017/06/12,11.860,12.100,11.860,12.020,2640,3163880.25
2017/06/13,12.020,12.120,11.980,12.080,2220,2680057.75
2017/06/14,12.060,12.260,12.060,12.200,1680,2044400.13
2017/06/15,12.140,12.140,12.120,12.120,260,315786.69
2017/06/16,12.060,12.100,12.040,12.040,513,617885.69
2017/06/19,12.040,12.120,12.000,12.120,820,987480.06
2017/06/20,12.060,12.160,12.000,12.040,1400,1691880.13
2017/06/21,12.000,12.240,12.000,12.240,3240,3936800.25
2017/06/22,12.120,12.300,12.080,12.240,1900,2328440.00
2017/06/23,12.160,12.220,12.160,12.200,260,316800.00
2017/06/26,12.200,12.200,12.160,12.160,1460,1776400.13
2017/06/27,12.120,12.120,12.100,12.100,460,556802.25
2017/06/28,12.040,12.040,11.920,11.960,1900,2276360.00
2017/06/29,11.980,12.100,11.960,12.060,640,768600.06
2017/06/30,12.040,12.100,12.000,12.020,2320,2794120.25
2017/07/03,12.040,12.100,12.040,12.100,260,313920.00
2017/07/04,12.100,12.100,11.980,12.060,1440,1727520.13
2017/07/05,12.300,12.300,12.060,12.100,1420,1717840.13
2017/07/06,12.100,12.180,12.060,12.100,200,242240.02
2017/07/07,12.080,12.180,12.080,12.100,2920,3532040.25
2017/07/10,12.100,12.420,12.100,12.200,2189,2694982.25
2017/07/11,12.220,12.260,12.160,12.160,1960,2395080.00
2017/07/12,12.120,12.340,12.120,12.200,3100,3788600.25
2017/07/13,12.320,12.340,12.240,12.280,1604,1967776.13
2017/07/14,12.320,12.360,12.260,12.280,2100,2582040.00
2017/07/17,12.400,12.400,12.240,12.360,1200,1478720.13
2017/07/18,12.300,12.400,12.300,12.400,1440,1775840.13
2017/07/19,12.400,12.840,12.400,12.780,5820,7405080.50
2017/07/20,12.760,13.240,12.760,13.120,8720,11461041.00
2017/07/21,13.220,13.220,13.060,13.080,1080,1415560.13
2017/07/24,13.100,13.160,13.040,13.120,940,1233080.00
2017/07/25,13.100,13.100,13.000,13.040,240,313026.03
2017/07/26,13.040,13.040,12.800,12.820,1440,1851160.13
2017/07/27,12.920,12.980,12.820,12.980,1158,1489232.75
2017/07/28,13.100,13.100,12.920,12.960,940,1221080.00
2017/07/31,12.920,12.940,12.860,12.920,340,438680.03
2017/08/01,12.920,12.940,12.920,12.920,980,1267320.00
2017/08/02,12.840,12.960,12.840,12.920,940,1214400.00
2017/08/03,12.960,13.060,12.940,12.960,580,751840.06
2017/08/04,13.000,13.000,12.960,12.960,1120,1452560.13
2017/08/07,12.940,13.080,12.940,13.040,820,1066640.00
2017/08/08,13.020,13.020,12.940,13.000,1810,2352660.00
2017/08/09,12.980,13.180,12.980,13.180,1900,2473760.00
2017/08/10,13.260,13.260,12.440,12.800,13490,17136900.00
2017/08/11,12.680,12.700,12.520,12.560,6270,7864920.50
2017/08/14,12.540,12.820,12.520,12.700,2510,3163820.25
2017/08/15,12.800,12.800,12.700,12.720,1680,2147680.00
2017/08/16,12.780,12.800,12.760,12.780,580,742000.06
2017/08/17,12.780,12.880,12.720,12.840,2420,3091800.25
2017/08/18,12.680,12.700,12.620,12.640,740,936600.06
2017/08/21,12.660,12.720,12.640,12.700,580,734640.06
2017/08/22,12.640,12.760,12.620,12.760,520,659960.06
2017/08/24,12.760,12.760,12.600,12.680,2340,2958000.25
2017/08/25,12.600,12.740,12.460,12.700,1630,2057440.13
2017/08/28,12.540,12.740,12.540,12.660,1368,1722382.88
2017/08/30,12.640,12.720,12.640,12.660,970,1227600.00
2017/08/31,12.700,12.840,12.640,12.780,1740,2209000.00
2017/09/01,12.760,12.980,12.720,12.940,1860,2386740.00
2017/09/04,12.940,12.940,12.740,12.740,860,1109400.00
2017/09/05,12.860,13.080,12.820,12.980,1220,1577080.13
2017/09/06,12.980,13.040,12.800,13.000,760,984840.06
2017/09/07,13.000,13.160,12.960,13.140,2650,3468060.25
2017/09/08,13.060,13.140,12.940,13.020,2240,2920920.25
2017/09/11,13.060,13.080,12.940,12.960,1260,1641520.13
2017/09/12,13.100,13.100,12.920,12.980,440,573920.00
2017/09/13,13.000,13.220,13.000,13.200,2600,3420760.25
2017/09/14,13.240,13.340,13.180,13.320,2679,3560200.25
2017/09/15,13.200,14.240,12.940,13.340,8280,11045381.00
2017/09/18,13.480,13.740,13.300,13.360,1880,2522840.00
2017/09/19,13.240,13.280,13.160,13.260,2560,3389120.25
2017/09/20,13.240,13.240,13.160,13.240,160,211360.02
2017/09/21,13.120,13.240,13.120,13.140,440,578700.00
2017/09/22,13.140,13.140,12.960,13.020,1280,1670000.13
2017/09/25,12.920,12.940,12.840,12.880,1340,1729760.13
2017/09/26,12.840,12.920,12.700,12.920,820,1051720.00
2017/09/27,12.940,13.040,12.940,12.960,580,753200.06
2017/09/28,13.000,13.020,12.940,12.960,1120,1457440.13
2017/09/29,13.000,13.080,12.900,13.080,1200,1559240.13
2017/10/03,12.980,13.080,12.920,13.080,740,961720.06
2017/10/04,13.100,13.200,13.080,13.180,1857,2447175.00
2017/10/06,13.180,13.200,13.000,13.000,1520,1989960.13
2017/10/09,13.100,13.100,12.960,13.100,495,646380.00
2017/10/10,13.100,13.240,12.960,13.180,940,1236400.00
2017/10/11,13.240,13.340,13.140,13.140,3640,4823960.00
2017/10/12,13.100,13.140,13.100,13.120,180,236200.02
2017/10/13,13.000,13.120,13.000,13.100,240,313880.00
2017/10/16,13.300,13.320,13.200,13.220,302,401499.22
2017/10/17,13.220,13.300,13.180,13.180,500,660320.06
2017/10/18,13.180,13.240,13.140,13.140,2220,2928640.25
2017/10/19,13.140,13.200,13.000,13.000,940,1234120.00
2017/10/20,13.060,13.100,13.040,13.040,1140,1488640.13
2017/10/23,13.140,13.160,13.120,13.160,560,735760.06
2017/10/24,13.020,13.020,13.000,13.020,300,390560.03
2017/10/25,13.060,13.120,13.000,13.040,6160,8026920.50
2017/10/26,13.000,13.080,13.000,13.020,740,962800.06
2017/10/27,13.080,13.080,13.040,13.060,280,365960.03
2017/10/30,13.060,13.340,13.060,13.300,5795,7669595.50
2017/10/31,13.220,13.400,13.220,13.400,2700,3590880.25
2017/11/01,13.440,13.440,13.280,13.280,1400,1864480.13
2017/11/02,13.300,13.460,13.280,13.440,1640,2190520.00
2017/11/03,13.520,13.520,13.480,13.480,260,350560.03
2017/11/06,13.520,13.520,13.380,13.520,4560,6143600.50
2017/11/07,13.540,13.540,13.340,13.420,420,564720.00
2017/11/08,13.520,13.520,13.300,13.360,1120,1495720.13
2017/11/09,13.340,13.340,13.240,13.320,460,612240.00
2017/11/10,13.320,13.400,13.200,13.260,740,985160.06
2017/11/13,13.220,13.260,13.140,13.260,460,608400.00
2017/11/14,13.260,13.300,13.200,13.300,1340,1777880.13
2017/11/15,13.200,13.260,13.120,13.220,2880,3799600.25
2017/11/16,13.220,13.260,13.200,13.260,1520,2010240.13
2017/11/17,13.220,13.240,13.160,13.240,1560,2061240.13
2017/11/20,13.140,13.360,13.140,13.220,2600,3442080.25
2017/11/21,13.240,13.340,13.240,13.300,2260,3004800.25
2017/11/22,13.260,13.360,13.200,13.360,500,663240.06
2017/11/23,13.300,13.300,13.240,13.280,940,1248400.00
2017/11/24,13.280,13.360,13.240,13.300,360,478160.03
2017/11/27,13.300,13.320,13.280,13.300,680,904920.06
2017/11/28,13.240,13.360,13.220,13.360,1440,1911280.13
2017/11/29,13.360,13.360,13.280,13.280,820,1092480.00
2017/11/30,13.320,13.520,13.220,13.520,3536,4722677.50
2017/12/01,13.560,13.740,13.520,13.680,2614,3560956.25
2017/12/04,13.520,13.560,13.500,13.500,500,676600.06
2017/12/05,13.500,13.580,13.440,13.440,140,189520.02
2017/12/06,13.440,13.540,13.280,13.460,3240,4327960.00
2017/12/07,13.260,13.260,13.180,13.240,4396,5818040.50
2017/12/08,13.220,13.260,13.200,13.240,1200,1587440.13
2017/12/11,13.260,13.320,13.220,13.320,640,850640.06
2017/12/12,13.320,13.320,13.320,13.320,80,106560.01
2017/12/13,13.360,13.360,13.340,13.340,300,400720.03
2017/12/14,13.380,13.380,13.340,13.360,520,695240.06
2017/12/15,13.360,13.620,13.200,13.620,2580,3487640.25
2017/12/19,13.580,13.580,13.560,13.560,40,54280.00
2017/12/20,13.560,13.560,13.520,13.520,140,189812.94
2017/12/21,13.460,13.480,13.460,13.480,80,107720.01
2017/12/22,13.420,13.520,13.420,13.520,80,107960.01
2017/12/27,13.500,13.500,13.340,13.400,80,107040.01
2017/12/28,13.400,13.620,13.400,13.540,400,540480.00
2017/12/29,13.540,13.540,13.500,13.500,340,459360.03
2018/01/02,13.460,13.520,13.440,13.460,1000,1348880.13
2018/01/03,13.460,13.460,13.420,13.420,580,779600.06
2018/01/04,13.420,13.500,13.320,13.460,2166,2913634.25
2018/01/05,13.700,14.200,13.700,13.800,4445,6171355.50
2018/01/08,13.800,13.820,13.760,13.760,1260,1737120.13
2018/01/09,13.800,13.800,13.740,13.760,960,1321040.13
2018/01/10,13.760,13.760,13.600,13.700,920,1259840.00
2018/01/11,13.640,13.660,13.600,13.600,480,654480.00
2018/01/12,13.620,13.640,13.560,13.600,520,707240.06
2018/01/15,13.600,13.600,13.500,13.500,346,469401.63
2018/01/16,13.520,13.560,13.500,13.500,1080,1460080.88
2018/01/17,13.480,13.500,13.480,13.480,440,593360.00
2018/01/18,13.600,13.600,13.420,13.500,820,1106600.00
2018/01/19,13.500,13.500,13.420,13.460,840,1133234.00
2018/01/22,13.460,13.540,13.440,13.480,620,834120.06
2018/01/23,13.460,13.560,13.420,13.560,600,808440.06
2018/01/24,13.500,13.500,13.420,13.500,700,941400.06
2018/01/25,13.440,13.440,13.440,13.440,40,53253.60
2018/01/26,13.420,13.520,13.420,13.520,600,808920.06
2018/01/29,13.520,13.620,13.420,13.460,1140,1535000.13
2018/01/30,13.420,13.440,13.320,13.400,1700,2274280.00
2018/01/31,13.380,13.420,13.360,13.400,580,777060.06
2018/02/01,13.400,13.400,13.320,13.320,560,748480.06
2018/02/02,13.260,13.440,13.260,13.320,420,559880.00
2018/02/05,13.200,13.200,13.000,13.180,1860,2437160.00
2018/02/06,13.000,13.020,12.620,12.620,2420,3091800.25
2018/02/07,12.780,12.820,12.300,12.380,3660,4597440.00
2018/02/08,12.400,12.560,12.400,12.520,2160,2696040.25
2018/02/09,12.420,12.420,11.980,12.280,2020,2446520.00
2018/02/12,12.400,12.400,12.120,12.280,1360,1661160.13
2018/02/13,12.320,12.440,12.200,12.280,1020,1258280.00
2018/02/14,12.180,12.340,12.180,12.320,585,719265.06
2018/02/15,12.340,12.480,12.340,12.460,760,943560.06
2018/02/20,12.060,12.460,12.060,12.400,260,321640.00
2018/02/21,12.400,12.800,12.400,12.800,800,1013840.06
2018/02/22,12.900,12.900,12.740,12.740,140,178880.02
2018/02/23,12.680,12.900,12.680,12.900,820,1047240.06
2018/02/26,12.840,12.860,12.680,12.800,560,714520.06
2018/02/27,12.680,12.720,12.480,12.520,1900,2388760.00
2018/02/28,12.440,12.880,12.440,12.880,1500,1901240.13
2018/03/01,12.600,12.880,12.600,12.880,180,228520.02
2018/03/02,12.580,12.840,12.560,12.840,917,1171587.00
2018/03/05,12.720,12.720,12.560,12.560,1260,1596360.13

